sample_name	amikacin	amoxicillin	amoxicillin_clavulanic_acid	ampicillin	ampicillin_sulbactam	azithromycin	aztreonam	cefalothin	cefazolin	cefepime	cefotaxime	cefotetan	cefoxitin	ceftazidime	ceftiofur	ceftriaxone	cefuroxime	chloramphenicol	ciprofloxacin	colistin	doripenem	doxycycline	ertapenem	fosfomycin	gentamicin	imipenem	levofloxacin	meropenem	minocycline	nitrofurantoin	norfloxacin	piperacillin_tazobactam	streptomycin	sulfamethoxazole	tetracycline	tigecycline	tobramycin	trimethoprim	trimethoprim_sulphamethoxazole
562.65371	NA	NA	susceptible	susceptible	NA	NA	NA	NA	NA	NA	NA	NA	NA	NA	NA	NA	NA	NA	NA	NA	NA	NA	NA	NA	NA	NA	NA	NA	NA	NA	NA	NA	NA	NA	NA	NA	NA	NA	NA
562.65372	NA	NA	susceptible	susceptible	NA	NA	NA	NA	NA	NA	NA	NA	NA	NA	NA	NA	NA	NA	NA	NA	NA	NA	NA	NA	NA	NA	NA	NA	NA	NA	NA	NA	NA	NA	NA	NA	NA	NA	NA
562.65369	NA	NA	susceptible	susceptible	NA	NA	NA	NA	NA	NA	NA	NA	NA	NA	NA	NA	NA	NA	NA	NA	NA	NA	NA	NA	NA	NA	NA	NA	NA	NA	NA	NA	NA	NA	NA	NA	NA	NA	NA
562.65374	NA	susceptible	susceptible	resistant	NA	NA	NA	NA	NA	NA	NA	NA	NA	NA	NA	NA	NA	NA	NA	NA	NA	NA	NA	NA	NA	NA	NA	NA	NA	NA	NA	NA	NA	NA	NA	NA	NA	NA	NA
562.65375	NA	NA	resistant	resistant	NA	NA	NA	NA	NA	NA	NA	NA	NA	NA	NA	NA	NA	NA	NA	NA	NA	NA	NA	NA	NA	NA	NA	NA	NA	NA	NA	NA	NA	NA	NA	NA	NA	NA	NA
562.65368	NA	NA	susceptible	susceptible	NA	NA	NA	NA	NA	NA	NA	NA	NA	NA	NA	NA	NA	NA	NA	NA	NA	NA	NA	NA	NA	NA	NA	NA	NA	NA	NA	NA	NA	NA	NA	NA	NA	NA	NA
562.65367	NA	NA	susceptible	resistant	NA	NA	NA	NA	NA	NA	NA	NA	NA	NA	NA	NA	NA	NA	NA	NA	NA	NA	NA	NA	NA	NA	NA	NA	NA	NA	NA	NA	NA	NA	NA	NA	NA	NA	NA
562.65366	NA	NA	resistant	resistant	NA	NA	NA	NA	NA	NA	NA	NA	NA	NA	NA	NA	NA	NA	NA	NA	NA	NA	NA	NA	NA	NA	NA	NA	NA	NA	NA	NA	NA	NA	NA	NA	NA	NA	NA
562.65365	NA	resistant	resistant	resistant	NA	NA	NA	NA	NA	NA	NA	NA	NA	NA	NA	NA	NA	NA	NA	NA	NA	NA	NA	NA	NA	NA	NA	NA	NA	NA	NA	NA	NA	NA	NA	NA	NA	NA	NA
562.65364	NA	NA	susceptible	susceptible	NA	NA	NA	NA	NA	NA	NA	NA	NA	NA	NA	NA	NA	NA	NA	NA	NA	NA	NA	NA	NA	NA	NA	NA	NA	NA	NA	NA	NA	NA	NA	NA	NA	NA	NA
562.65376	NA	NA	susceptible	resistant	NA	NA	NA	NA	NA	NA	NA	NA	NA	NA	NA	NA	NA	NA	NA	NA	NA	NA	NA	NA	NA	NA	NA	NA	NA	NA	NA	NA	NA	NA	NA	NA	NA	NA	NA
562.65377	NA	NA	susceptible	susceptible	NA	NA	NA	NA	NA	NA	NA	NA	NA	NA	NA	NA	NA	NA	NA	NA	NA	NA	NA	NA	NA	NA	NA	NA	NA	NA	NA	NA	NA	NA	NA	NA	NA	NA	NA
562.6537	NA	NA	susceptible	resistant	NA	NA	NA	NA	NA	NA	NA	NA	NA	NA	NA	NA	NA	NA	NA	NA	NA	NA	NA	NA	NA	NA	NA	NA	NA	NA	NA	NA	NA	NA	NA	NA	NA	NA	NA
562.65373	NA	NA	susceptible	susceptible	NA	NA	NA	NA	NA	NA	NA	NA	NA	NA	NA	NA	NA	NA	NA	NA	NA	NA	NA	NA	NA	NA	NA	NA	NA	NA	NA	NA	NA	NA	NA	NA	NA	NA	NA
562.65016	NA	resistant	resistant	resistant	NA	NA	NA	NA	NA	NA	NA	NA	NA	NA	NA	NA	NA	NA	NA	NA	NA	NA	NA	NA	NA	NA	NA	NA	NA	NA	NA	NA	NA	NA	NA	NA	NA	NA	NA
562.65363	NA	NA	susceptible	susceptible	NA	NA	NA	NA	NA	NA	NA	NA	NA	NA	NA	NA	NA	NA	NA	NA	NA	NA	NA	NA	NA	NA	NA	NA	NA	NA	NA	NA	NA	NA	NA	NA	NA	NA	NA
562.65379	NA	NA	resistant	resistant	NA	NA	NA	NA	NA	NA	NA	NA	NA	NA	NA	NA	NA	NA	NA	NA	NA	NA	NA	NA	NA	NA	NA	NA	NA	NA	NA	NA	NA	NA	NA	NA	NA	NA	NA
562.6538	NA	NA	susceptible	resistant	NA	NA	NA	NA	NA	NA	NA	NA	NA	NA	NA	NA	NA	NA	NA	NA	NA	NA	NA	NA	NA	NA	NA	NA	NA	NA	NA	NA	NA	NA	NA	NA	NA	NA	NA
562.65381	NA	resistant	resistant	resistant	NA	NA	NA	NA	NA	NA	NA	NA	NA	NA	NA	NA	NA	NA	NA	NA	NA	NA	NA	NA	NA	NA	NA	NA	NA	NA	NA	NA	NA	NA	NA	NA	NA	NA	NA
562.65382	NA	susceptible	susceptible	resistant	NA	NA	NA	NA	NA	NA	NA	NA	NA	NA	NA	NA	NA	NA	NA	NA	NA	NA	NA	NA	NA	NA	NA	NA	NA	NA	NA	NA	NA	NA	NA	NA	NA	NA	NA
562.65383	NA	NA	susceptible	resistant	NA	NA	NA	NA	NA	NA	NA	NA	NA	NA	NA	NA	NA	NA	NA	NA	NA	NA	NA	NA	NA	NA	NA	NA	NA	NA	NA	NA	NA	NA	NA	NA	NA	NA	NA
562.65384	NA	NA	susceptible	susceptible	NA	NA	NA	NA	NA	NA	NA	NA	NA	NA	NA	NA	NA	NA	NA	NA	NA	NA	NA	NA	NA	NA	NA	NA	NA	NA	NA	NA	NA	NA	NA	NA	NA	NA	NA
562.65385	NA	NA	susceptible	susceptible	NA	NA	NA	NA	NA	NA	NA	NA	NA	NA	NA	NA	NA	NA	NA	NA	NA	NA	NA	NA	NA	NA	NA	NA	NA	NA	NA	NA	NA	NA	NA	NA	NA	NA	NA
562.65386	NA	NA	susceptible	susceptible	NA	NA	NA	NA	NA	NA	NA	NA	NA	NA	NA	NA	NA	NA	NA	NA	NA	NA	NA	NA	NA	NA	NA	NA	NA	NA	NA	NA	NA	NA	NA	NA	NA	NA	NA
562.65387	NA	NA	susceptible	susceptible	NA	NA	NA	NA	NA	NA	NA	NA	NA	NA	NA	NA	NA	NA	NA	NA	NA	NA	NA	NA	NA	NA	NA	NA	NA	NA	NA	NA	NA	NA	NA	NA	NA	NA	NA
562.65388	NA	NA	susceptible	susceptible	NA	NA	NA	NA	NA	NA	NA	NA	NA	NA	NA	NA	NA	NA	NA	NA	NA	NA	NA	NA	NA	NA	NA	NA	NA	NA	NA	NA	NA	NA	NA	NA	NA	NA	NA
562.65389	NA	NA	susceptible	resistant	NA	NA	NA	NA	NA	NA	NA	NA	NA	NA	NA	NA	NA	NA	NA	NA	NA	NA	NA	NA	NA	NA	NA	NA	NA	NA	NA	NA	NA	NA	NA	NA	NA	NA	NA
562.6539	NA	susceptible	susceptible	resistant	NA	NA	NA	NA	NA	NA	NA	NA	NA	NA	NA	NA	NA	NA	NA	NA	NA	NA	NA	NA	NA	NA	NA	NA	NA	NA	NA	NA	NA	NA	NA	NA	NA	NA	NA
562.65378	NA	NA	susceptible	susceptible	NA	NA	NA	NA	NA	NA	NA	NA	NA	NA	NA	NA	NA	NA	NA	NA	NA	NA	NA	NA	NA	NA	NA	NA	NA	NA	NA	NA	NA	NA	NA	NA	NA	NA	NA
562.65362	NA	NA	susceptible	resistant	NA	NA	NA	NA	NA	NA	NA	NA	NA	NA	NA	NA	NA	NA	NA	NA	NA	NA	NA	NA	NA	NA	NA	NA	NA	NA	NA	NA	NA	NA	NA	NA	NA	NA	NA
562.65361	NA	susceptible	susceptible	susceptible	NA	NA	NA	NA	NA	NA	NA	NA	NA	NA	NA	NA	NA	NA	NA	NA	NA	NA	NA	NA	NA	NA	NA	NA	NA	NA	NA	NA	NA	NA	NA	NA	NA	NA	NA
562.6536	NA	NA	resistant	resistant	NA	NA	NA	NA	NA	NA	NA	NA	NA	NA	NA	NA	NA	NA	NA	NA	NA	NA	NA	NA	NA	NA	NA	NA	NA	NA	NA	NA	NA	NA	NA	NA	NA	NA	NA
562.65339	NA	NA	susceptible	susceptible	NA	NA	NA	NA	NA	NA	NA	NA	NA	NA	NA	NA	NA	NA	NA	NA	NA	NA	NA	NA	NA	NA	NA	NA	NA	NA	NA	NA	NA	NA	NA	NA	NA	NA	NA
562.65338	NA	NA	susceptible	susceptible	NA	NA	NA	NA	NA	NA	NA	NA	NA	NA	NA	NA	NA	NA	NA	NA	NA	NA	NA	NA	NA	NA	NA	NA	NA	NA	NA	NA	NA	NA	NA	NA	NA	NA	NA
562.65337	NA	NA	susceptible	susceptible	NA	NA	NA	NA	NA	NA	NA	NA	NA	NA	NA	NA	NA	NA	NA	NA	NA	NA	NA	NA	NA	NA	NA	NA	NA	NA	NA	NA	NA	NA	NA	NA	NA	NA	NA
562.65336	NA	NA	susceptible	susceptible	NA	NA	NA	NA	NA	NA	NA	NA	NA	NA	NA	NA	NA	NA	NA	NA	NA	NA	NA	NA	NA	NA	NA	NA	NA	NA	NA	NA	NA	NA	NA	NA	NA	NA	NA
562.65335	NA	NA	susceptible	susceptible	NA	NA	NA	NA	NA	NA	NA	NA	NA	NA	NA	NA	NA	NA	NA	NA	NA	NA	NA	NA	NA	NA	NA	NA	NA	NA	NA	NA	NA	NA	NA	NA	NA	NA	NA
562.65334	NA	NA	susceptible	susceptible	NA	NA	NA	NA	NA	NA	NA	NA	NA	NA	NA	NA	NA	NA	NA	NA	NA	NA	NA	NA	NA	NA	NA	NA	NA	NA	NA	NA	NA	NA	NA	NA	NA	NA	NA
562.65333	NA	resistant	resistant	resistant	NA	NA	NA	NA	NA	NA	NA	NA	NA	NA	NA	NA	NA	NA	NA	NA	NA	NA	NA	NA	NA	NA	NA	NA	NA	NA	NA	NA	NA	NA	NA	NA	NA	NA	NA
562.6534	NA	NA	susceptible	resistant	NA	NA	NA	NA	NA	NA	NA	NA	NA	NA	NA	NA	NA	NA	NA	NA	NA	NA	NA	NA	NA	NA	NA	NA	NA	NA	NA	NA	NA	NA	NA	NA	NA	NA	NA
562.65332	NA	resistant	resistant	resistant	NA	NA	NA	NA	NA	NA	NA	NA	NA	NA	NA	NA	NA	NA	NA	NA	NA	NA	NA	NA	NA	NA	NA	NA	NA	NA	NA	NA	NA	NA	NA	NA	NA	NA	NA
562.6533	NA	NA	susceptible	susceptible	NA	NA	NA	NA	NA	NA	NA	NA	NA	NA	NA	NA	NA	NA	NA	NA	NA	NA	NA	NA	NA	NA	NA	NA	NA	NA	NA	NA	NA	NA	NA	NA	NA	NA	NA
562.65329	NA	resistant	resistant	resistant	NA	NA	NA	NA	NA	NA	NA	NA	NA	NA	NA	NA	NA	NA	NA	NA	NA	NA	NA	NA	NA	NA	NA	NA	NA	NA	NA	NA	NA	NA	NA	NA	NA	NA	NA
562.65328	NA	NA	susceptible	susceptible	NA	NA	NA	NA	NA	NA	NA	NA	NA	NA	NA	NA	NA	NA	NA	NA	NA	NA	NA	NA	NA	NA	NA	NA	NA	NA	NA	NA	NA	NA	NA	NA	NA	NA	NA
562.65327	NA	NA	susceptible	susceptible	NA	NA	NA	NA	NA	NA	NA	NA	NA	NA	NA	NA	NA	NA	NA	NA	NA	NA	NA	NA	NA	NA	NA	NA	NA	NA	NA	NA	NA	NA	NA	NA	NA	NA	NA
562.65326	NA	NA	susceptible	susceptible	NA	NA	NA	NA	NA	NA	NA	NA	NA	NA	NA	NA	NA	NA	NA	NA	NA	NA	NA	NA	NA	NA	NA	NA	NA	NA	NA	NA	NA	NA	NA	NA	NA	NA	NA
562.65325	NA	resistant	resistant	resistant	NA	NA	NA	NA	NA	NA	NA	NA	NA	NA	NA	NA	NA	NA	NA	NA	NA	NA	NA	NA	NA	NA	NA	NA	NA	NA	NA	NA	NA	NA	NA	NA	NA	NA	NA
562.65324	NA	NA	susceptible	susceptible	NA	NA	NA	NA	NA	NA	NA	NA	NA	NA	NA	NA	NA	NA	NA	NA	NA	NA	NA	NA	NA	NA	NA	NA	NA	NA	NA	NA	NA	NA	NA	NA	NA	NA	NA
562.65331	NA	NA	susceptible	resistant	NA	NA	NA	NA	NA	NA	NA	NA	NA	NA	NA	NA	NA	NA	NA	NA	NA	NA	NA	NA	NA	NA	NA	NA	NA	NA	NA	NA	NA	NA	NA	NA	NA	NA	NA
562.65391	NA	NA	susceptible	susceptible	NA	NA	NA	NA	NA	NA	NA	NA	NA	NA	NA	NA	NA	NA	NA	NA	NA	NA	NA	NA	NA	NA	NA	NA	NA	NA	NA	NA	NA	NA	NA	NA	NA	NA	NA
562.65341	NA	resistant	resistant	resistant	NA	NA	NA	NA	NA	NA	NA	NA	NA	NA	NA	NA	NA	NA	NA	NA	NA	NA	NA	NA	NA	NA	NA	NA	NA	NA	NA	NA	NA	NA	NA	NA	NA	NA	NA
562.65343	NA	NA	resistant	resistant	NA	NA	NA	NA	NA	NA	NA	NA	NA	NA	NA	NA	NA	NA	NA	NA	NA	NA	NA	NA	NA	NA	NA	NA	NA	NA	NA	NA	NA	NA	NA	NA	NA	NA	NA
562.65359	NA	susceptible	susceptible	resistant	NA	NA	NA	NA	NA	NA	NA	NA	NA	NA	NA	NA	NA	NA	NA	NA	NA	NA	NA	NA	NA	NA	NA	NA	NA	NA	NA	NA	NA	NA	NA	NA	NA	NA	NA
562.65358	NA	resistant	resistant	resistant	NA	NA	NA	NA	NA	NA	NA	NA	NA	NA	NA	NA	NA	NA	NA	NA	NA	NA	NA	NA	NA	NA	NA	NA	NA	NA	NA	NA	NA	NA	NA	NA	NA	NA	NA
562.65357	NA	NA	resistant	resistant	NA	NA	NA	NA	NA	NA	NA	NA	NA	NA	NA	NA	NA	NA	NA	NA	NA	NA	NA	NA	NA	NA	NA	NA	NA	NA	NA	NA	NA	NA	NA	NA	NA	NA	NA
562.65356	NA	NA	susceptible	susceptible	NA	NA	NA	NA	NA	NA	NA	NA	NA	NA	NA	NA	NA	NA	NA	NA	NA	NA	NA	NA	NA	NA	NA	NA	NA	NA	NA	NA	NA	NA	NA	NA	NA	NA	NA
562.65355	NA	NA	resistant	resistant	NA	NA	NA	NA	NA	NA	NA	NA	NA	NA	NA	NA	NA	NA	NA	NA	NA	NA	NA	NA	NA	NA	NA	NA	NA	NA	NA	NA	NA	NA	NA	NA	NA	NA	NA
562.65354	NA	NA	resistant	resistant	NA	NA	NA	NA	NA	NA	NA	NA	NA	NA	NA	NA	NA	NA	NA	NA	NA	NA	NA	NA	NA	NA	NA	NA	NA	NA	NA	NA	NA	NA	NA	NA	NA	NA	NA
562.65353	NA	NA	resistant	resistant	NA	NA	NA	NA	NA	NA	NA	NA	NA	NA	NA	NA	NA	NA	NA	NA	NA	NA	NA	NA	NA	NA	NA	NA	NA	NA	NA	NA	NA	NA	NA	NA	NA	NA	NA
562.65342	NA	resistant	resistant	resistant	NA	NA	NA	NA	NA	NA	NA	NA	NA	NA	NA	NA	NA	NA	NA	NA	NA	NA	NA	NA	NA	NA	NA	NA	NA	NA	NA	NA	NA	NA	NA	NA	NA	NA	NA
562.65352	NA	NA	susceptible	susceptible	NA	NA	NA	NA	NA	NA	NA	NA	NA	NA	NA	NA	NA	NA	NA	NA	NA	NA	NA	NA	NA	NA	NA	NA	NA	NA	NA	NA	NA	NA	NA	NA	NA	NA	NA
562.6535	NA	NA	susceptible	susceptible	NA	NA	NA	NA	NA	NA	NA	NA	NA	NA	NA	NA	NA	NA	NA	NA	NA	NA	NA	NA	NA	NA	NA	NA	NA	NA	NA	NA	NA	NA	NA	NA	NA	NA	NA
562.65349	NA	NA	susceptible	susceptible	NA	NA	NA	NA	NA	NA	NA	NA	NA	NA	NA	NA	NA	NA	NA	NA	NA	NA	NA	NA	NA	NA	NA	NA	NA	NA	NA	NA	NA	NA	NA	NA	NA	NA	NA
562.65348	NA	NA	susceptible	resistant	NA	NA	NA	NA	NA	NA	NA	NA	NA	NA	NA	NA	NA	NA	NA	NA	NA	NA	NA	NA	NA	NA	NA	NA	NA	NA	NA	NA	NA	NA	NA	NA	NA	NA	NA
562.65347	NA	NA	susceptible	susceptible	NA	NA	NA	NA	NA	NA	NA	NA	NA	NA	NA	NA	NA	NA	NA	NA	NA	NA	NA	NA	NA	NA	NA	NA	NA	NA	NA	NA	NA	NA	NA	NA	NA	NA	NA
562.65346	NA	NA	susceptible	resistant	NA	NA	NA	NA	NA	NA	NA	NA	NA	NA	NA	NA	NA	NA	NA	NA	NA	NA	NA	NA	NA	NA	NA	NA	NA	NA	NA	NA	NA	NA	NA	NA	NA	NA	NA
562.65345	NA	NA	resistant	resistant	NA	NA	NA	NA	NA	NA	NA	NA	NA	NA	NA	NA	NA	NA	NA	NA	NA	NA	NA	NA	NA	NA	NA	NA	NA	NA	NA	NA	NA	NA	NA	NA	NA	NA	NA
562.65344	NA	NA	resistant	resistant	NA	NA	NA	NA	NA	NA	NA	NA	NA	NA	NA	NA	NA	NA	NA	NA	NA	NA	NA	NA	NA	NA	NA	NA	NA	NA	NA	NA	NA	NA	NA	NA	NA	NA	NA
562.65351	NA	NA	resistant	resistant	NA	NA	NA	NA	NA	NA	NA	NA	NA	NA	NA	NA	NA	NA	NA	NA	NA	NA	NA	NA	NA	NA	NA	NA	NA	NA	NA	NA	NA	NA	NA	NA	NA	NA	NA
562.65392	NA	susceptible	resistant	resistant	NA	NA	NA	NA	NA	NA	NA	NA	NA	NA	NA	NA	NA	NA	NA	NA	NA	NA	NA	NA	NA	NA	NA	NA	NA	NA	NA	NA	NA	NA	NA	NA	NA	NA	NA
562.65397	NA	susceptible	susceptible	susceptible	NA	NA	NA	NA	NA	NA	NA	NA	NA	NA	NA	NA	NA	NA	NA	NA	NA	NA	NA	NA	NA	NA	NA	NA	NA	NA	NA	NA	NA	NA	NA	NA	NA	NA	NA
562.65395	NA	NA	susceptible	susceptible	NA	NA	NA	NA	NA	NA	NA	NA	NA	NA	NA	NA	NA	NA	NA	NA	NA	NA	NA	NA	NA	NA	NA	NA	NA	NA	NA	NA	NA	NA	NA	NA	NA	NA	NA
562.65429	NA	NA	resistant	resistant	NA	NA	NA	NA	NA	NA	NA	NA	NA	NA	NA	NA	NA	NA	NA	NA	NA	NA	NA	NA	NA	NA	NA	NA	NA	NA	NA	NA	NA	NA	NA	NA	NA	NA	NA
562.6543	NA	NA	susceptible	resistant	NA	NA	NA	NA	NA	NA	NA	NA	NA	NA	NA	NA	NA	NA	NA	NA	NA	NA	NA	NA	NA	NA	NA	NA	NA	NA	NA	NA	NA	NA	NA	NA	NA	NA	NA
562.65431	NA	NA	susceptible	resistant	NA	NA	NA	NA	NA	NA	NA	NA	NA	NA	NA	NA	NA	NA	NA	NA	NA	NA	NA	NA	NA	NA	NA	NA	NA	NA	NA	NA	NA	NA	NA	NA	NA	NA	NA
562.65432	NA	susceptible	susceptible	susceptible	NA	NA	NA	NA	NA	NA	NA	NA	NA	NA	NA	NA	NA	NA	NA	NA	NA	NA	NA	NA	NA	NA	NA	NA	NA	NA	NA	NA	NA	NA	NA	NA	NA	NA	NA
562.65433	NA	NA	susceptible	resistant	NA	NA	NA	NA	NA	NA	NA	NA	NA	NA	NA	NA	NA	NA	NA	NA	NA	NA	NA	NA	NA	NA	NA	NA	NA	NA	NA	NA	NA	NA	NA	NA	NA	NA	NA
562.65434	NA	NA	susceptible	resistant	NA	NA	NA	NA	NA	NA	NA	NA	NA	NA	NA	NA	NA	NA	NA	NA	NA	NA	NA	NA	NA	NA	NA	NA	NA	NA	NA	NA	NA	NA	NA	NA	NA	NA	NA
562.65435	NA	NA	susceptible	susceptible	NA	NA	NA	NA	NA	NA	NA	NA	NA	NA	NA	NA	NA	NA	NA	NA	NA	NA	NA	NA	NA	NA	NA	NA	NA	NA	NA	NA	NA	NA	NA	NA	NA	NA	NA
562.65436	NA	NA	susceptible	resistant	NA	NA	NA	NA	NA	NA	NA	NA	NA	NA	NA	NA	NA	NA	NA	NA	NA	NA	NA	NA	NA	NA	NA	NA	NA	NA	NA	NA	NA	NA	NA	NA	NA	NA	NA
562.65437	NA	NA	susceptible	susceptible	NA	NA	NA	NA	NA	NA	NA	NA	NA	NA	NA	NA	NA	NA	NA	NA	NA	NA	NA	NA	NA	NA	NA	NA	NA	NA	NA	NA	NA	NA	NA	NA	NA	NA	NA
562.57315	NA	NA	NA	resistant	NA	NA	NA	resistant	NA	NA	susceptible	NA	NA	resistant	NA	NA	susceptible	NA	susceptible	NA	NA	NA	NA	NA	susceptible	NA	NA	NA	NA	NA	NA	NA	NA	NA	NA	NA	susceptible	susceptible	NA
562.65438	NA	susceptible	susceptible	resistant	NA	NA	NA	NA	NA	NA	NA	NA	NA	NA	NA	NA	NA	NA	NA	NA	NA	NA	NA	NA	NA	NA	NA	NA	NA	NA	NA	NA	NA	NA	NA	NA	NA	NA	NA
562.65439	NA	NA	susceptible	susceptible	NA	NA	NA	NA	NA	NA	NA	NA	NA	NA	NA	NA	NA	NA	NA	NA	NA	NA	NA	NA	NA	NA	NA	NA	NA	NA	NA	NA	NA	NA	NA	NA	NA	NA	NA
562.6544	NA	NA	susceptible	susceptible	NA	NA	NA	NA	NA	NA	NA	NA	NA	NA	NA	NA	NA	NA	NA	NA	NA	NA	NA	NA	NA	NA	NA	NA	NA	NA	NA	NA	NA	NA	NA	NA	NA	NA	NA
562.65441	NA	susceptible	susceptible	resistant	NA	NA	NA	NA	NA	NA	NA	NA	NA	NA	NA	NA	NA	NA	NA	NA	NA	NA	NA	NA	NA	NA	NA	NA	NA	NA	NA	NA	NA	NA	NA	NA	NA	NA	NA
562.65442	NA	NA	resistant	resistant	NA	NA	NA	NA	NA	NA	NA	NA	NA	NA	NA	NA	NA	NA	NA	NA	NA	NA	NA	NA	NA	NA	NA	NA	NA	NA	NA	NA	NA	NA	NA	NA	NA	NA	NA
562.65443	NA	NA	susceptible	susceptible	NA	NA	NA	NA	NA	NA	NA	NA	NA	NA	NA	NA	NA	NA	NA	NA	NA	NA	NA	NA	NA	NA	NA	NA	NA	NA	NA	NA	NA	NA	NA	NA	NA	NA	NA
562.65444	NA	NA	susceptible	susceptible	NA	NA	NA	NA	NA	NA	NA	NA	NA	NA	NA	NA	NA	NA	NA	NA	NA	NA	NA	NA	NA	NA	NA	NA	NA	NA	NA	NA	NA	NA	NA	NA	NA	NA	NA
562.65458	NA	NA	susceptible	susceptible	NA	NA	NA	NA	NA	NA	NA	NA	NA	NA	NA	NA	NA	NA	NA	NA	NA	NA	NA	NA	NA	NA	NA	NA	NA	NA	NA	NA	NA	NA	NA	NA	NA	NA	NA
562.65457	NA	susceptible	susceptible	resistant	NA	NA	NA	NA	NA	NA	NA	NA	NA	NA	NA	NA	NA	NA	NA	NA	NA	NA	NA	NA	NA	NA	NA	NA	NA	NA	NA	NA	NA	NA	NA	NA	NA	NA	NA
562.65456	NA	NA	susceptible	susceptible	NA	NA	NA	NA	NA	NA	NA	NA	NA	NA	NA	NA	NA	NA	NA	NA	NA	NA	NA	NA	NA	NA	NA	NA	NA	NA	NA	NA	NA	NA	NA	NA	NA	NA	NA
562.65455	NA	NA	susceptible	susceptible	NA	NA	NA	NA	NA	NA	NA	NA	NA	NA	NA	NA	NA	NA	NA	NA	NA	NA	NA	NA	NA	NA	NA	NA	NA	NA	NA	NA	NA	NA	NA	NA	NA	NA	NA
562.65454	NA	NA	susceptible	susceptible	NA	NA	NA	NA	NA	NA	NA	NA	NA	NA	NA	NA	NA	NA	NA	NA	NA	NA	NA	NA	NA	NA	NA	NA	NA	NA	NA	NA	NA	NA	NA	NA	NA	NA	NA
562.65453	NA	NA	resistant	susceptible	NA	NA	NA	NA	NA	NA	NA	NA	NA	NA	NA	NA	NA	NA	NA	NA	NA	NA	NA	NA	NA	NA	NA	NA	NA	NA	NA	NA	NA	NA	NA	NA	NA	NA	NA
562.65428	NA	resistant	resistant	resistant	NA	NA	NA	NA	NA	NA	NA	NA	NA	NA	NA	NA	NA	NA	NA	NA	NA	NA	NA	NA	NA	NA	NA	NA	NA	NA	NA	NA	NA	NA	NA	NA	NA	NA	NA
562.65452	NA	NA	susceptible	susceptible	NA	NA	NA	NA	NA	NA	NA	NA	NA	NA	NA	NA	NA	NA	NA	NA	NA	NA	NA	NA	NA	NA	NA	NA	NA	NA	NA	NA	NA	NA	NA	NA	NA	NA	NA
562.6545	NA	NA	susceptible	susceptible	NA	NA	NA	NA	NA	NA	NA	NA	NA	NA	NA	NA	NA	NA	NA	NA	NA	NA	NA	NA	NA	NA	NA	NA	NA	NA	NA	NA	NA	NA	NA	NA	NA	NA	NA
562.65449	NA	NA	susceptible	susceptible	NA	NA	NA	NA	NA	NA	NA	NA	NA	NA	NA	NA	NA	NA	NA	NA	NA	NA	NA	NA	NA	NA	NA	NA	NA	NA	NA	NA	NA	NA	NA	NA	NA	NA	NA
562.65448	NA	resistant	susceptible	susceptible	NA	NA	NA	NA	NA	NA	NA	NA	NA	NA	NA	NA	NA	NA	NA	NA	NA	NA	NA	NA	NA	NA	NA	NA	NA	NA	NA	NA	NA	NA	NA	NA	NA	NA	NA
562.65447	NA	resistant	resistant	resistant	NA	NA	NA	NA	NA	NA	NA	NA	NA	NA	NA	NA	NA	NA	NA	NA	NA	NA	NA	NA	NA	NA	NA	NA	NA	NA	NA	NA	NA	NA	NA	NA	NA	NA	NA
562.65446	NA	susceptible	resistant	resistant	NA	NA	NA	NA	NA	NA	NA	NA	NA	NA	NA	NA	NA	NA	NA	NA	NA	NA	NA	NA	NA	NA	NA	NA	NA	NA	NA	NA	NA	NA	NA	NA	NA	NA	NA
562.65445	NA	NA	susceptible	susceptible	NA	NA	NA	NA	NA	NA	NA	NA	NA	NA	NA	NA	NA	NA	NA	NA	NA	NA	NA	NA	NA	NA	NA	NA	NA	NA	NA	NA	NA	NA	NA	NA	NA	NA	NA
562.65451	NA	NA	susceptible	susceptible	NA	NA	NA	NA	NA	NA	NA	NA	NA	NA	NA	NA	NA	NA	NA	NA	NA	NA	NA	NA	NA	NA	NA	NA	NA	NA	NA	NA	NA	NA	NA	NA	NA	NA	NA
562.65427	NA	susceptible	susceptible	resistant	NA	NA	NA	NA	NA	NA	NA	NA	NA	NA	NA	NA	NA	NA	NA	NA	NA	NA	NA	NA	NA	NA	NA	NA	NA	NA	NA	NA	NA	NA	NA	NA	NA	NA	NA
562.65426	NA	resistant	resistant	resistant	NA	NA	NA	NA	NA	NA	NA	NA	NA	NA	NA	NA	NA	NA	NA	NA	NA	NA	NA	NA	NA	NA	NA	NA	NA	NA	NA	NA	NA	NA	NA	NA	NA	NA	NA
562.65425	NA	NA	susceptible	resistant	NA	NA	NA	NA	NA	NA	NA	NA	NA	NA	NA	NA	NA	NA	NA	NA	NA	NA	NA	NA	NA	NA	NA	NA	NA	NA	NA	NA	NA	NA	NA	NA	NA	NA	NA
562.65406	NA	resistant	resistant	resistant	NA	NA	NA	NA	NA	NA	NA	NA	NA	NA	NA	NA	NA	NA	NA	NA	NA	NA	NA	NA	NA	NA	NA	NA	NA	NA	NA	NA	NA	NA	NA	NA	NA	NA	NA
562.65405	NA	NA	susceptible	susceptible	NA	NA	NA	NA	NA	NA	NA	NA	NA	NA	NA	NA	NA	NA	NA	NA	NA	NA	NA	NA	NA	NA	NA	NA	NA	NA	NA	NA	NA	NA	NA	NA	NA	NA	NA
562.65404	NA	NA	susceptible	susceptible	NA	NA	NA	NA	NA	NA	NA	NA	NA	NA	NA	NA	NA	NA	NA	NA	NA	NA	NA	NA	NA	NA	NA	NA	NA	NA	NA	NA	NA	NA	NA	NA	NA	NA	NA
562.65403	NA	NA	susceptible	susceptible	NA	NA	NA	NA	NA	NA	NA	NA	NA	NA	NA	NA	NA	NA	NA	NA	NA	NA	NA	NA	NA	NA	NA	NA	NA	NA	NA	NA	NA	NA	NA	NA	NA	NA	NA
562.65402	NA	NA	susceptible	susceptible	NA	NA	NA	NA	NA	NA	NA	NA	NA	NA	NA	NA	NA	NA	NA	NA	NA	NA	NA	NA	NA	NA	NA	NA	NA	NA	NA	NA	NA	NA	NA	NA	NA	NA	NA
562.65401	NA	NA	susceptible	resistant	NA	NA	NA	NA	NA	NA	NA	NA	NA	NA	NA	NA	NA	NA	NA	NA	NA	NA	NA	NA	NA	NA	NA	NA	NA	NA	NA	NA	NA	NA	NA	NA	NA	NA	NA
562.65407	NA	NA	resistant	resistant	NA	NA	NA	NA	NA	NA	NA	NA	NA	NA	NA	NA	NA	NA	NA	NA	NA	NA	NA	NA	NA	NA	NA	NA	NA	NA	NA	NA	NA	NA	NA	NA	NA	NA	NA
562.654	NA	resistant	resistant	resistant	NA	NA	NA	NA	NA	NA	NA	NA	NA	NA	NA	NA	NA	NA	NA	NA	NA	NA	NA	NA	NA	NA	NA	NA	NA	NA	NA	NA	NA	NA	NA	NA	NA	NA	NA
562.57316	NA	NA	NA	resistant	NA	NA	NA	susceptible	NA	NA	susceptible	NA	NA	susceptible	NA	NA	susceptible	NA	susceptible	NA	NA	NA	NA	NA	resistant	NA	NA	NA	NA	NA	NA	NA	NA	NA	NA	NA	resistant	susceptible	NA
562.57317	NA	NA	NA	resistant	NA	NA	NA	resistant	NA	NA	susceptible	NA	NA	susceptible	NA	NA	susceptible	NA	susceptible	NA	NA	NA	NA	NA	susceptible	NA	NA	NA	NA	NA	NA	NA	NA	NA	NA	NA	susceptible	resistant	NA
562.57318	NA	NA	NA	resistant	NA	NA	NA	susceptible	NA	NA	susceptible	NA	NA	susceptible	NA	NA	susceptible	NA	susceptible	NA	NA	NA	NA	NA	susceptible	NA	NA	NA	NA	NA	NA	NA	NA	NA	NA	NA	susceptible	susceptible	NA
562.65398	NA	NA	susceptible	resistant	NA	NA	NA	NA	NA	NA	NA	NA	NA	NA	NA	NA	NA	NA	NA	NA	NA	NA	NA	NA	NA	NA	NA	NA	NA	NA	NA	NA	NA	NA	NA	NA	NA	NA	NA
562.65323	NA	resistant	resistant	resistant	NA	NA	NA	NA	NA	NA	NA	NA	NA	NA	NA	NA	NA	NA	NA	NA	NA	NA	NA	NA	NA	NA	NA	NA	NA	NA	NA	NA	NA	NA	NA	NA	NA	NA	NA
562.65396	NA	NA	resistant	resistant	NA	NA	NA	NA	NA	NA	NA	NA	NA	NA	NA	NA	NA	NA	NA	NA	NA	NA	NA	NA	NA	NA	NA	NA	NA	NA	NA	NA	NA	NA	NA	NA	NA	NA	NA
562.65399	NA	NA	susceptible	susceptible	NA	NA	NA	NA	NA	NA	NA	NA	NA	NA	NA	NA	NA	NA	NA	NA	NA	NA	NA	NA	NA	NA	NA	NA	NA	NA	NA	NA	NA	NA	NA	NA	NA	NA	NA
562.65393	NA	NA	susceptible	susceptible	NA	NA	NA	NA	NA	NA	NA	NA	NA	NA	NA	NA	NA	NA	NA	NA	NA	NA	NA	NA	NA	NA	NA	NA	NA	NA	NA	NA	NA	NA	NA	NA	NA	NA	NA
562.65408	NA	NA	susceptible	susceptible	NA	NA	NA	NA	NA	NA	NA	NA	NA	NA	NA	NA	NA	NA	NA	NA	NA	NA	NA	NA	NA	NA	NA	NA	NA	NA	NA	NA	NA	NA	NA	NA	NA	NA	NA
562.6541	NA	NA	susceptible	susceptible	NA	NA	NA	NA	NA	NA	NA	NA	NA	NA	NA	NA	NA	NA	NA	NA	NA	NA	NA	NA	NA	NA	NA	NA	NA	NA	NA	NA	NA	NA	NA	NA	NA	NA	NA
562.65424	NA	NA	susceptible	susceptible	NA	NA	NA	NA	NA	NA	NA	NA	NA	NA	NA	NA	NA	NA	NA	NA	NA	NA	NA	NA	NA	NA	NA	NA	NA	NA	NA	NA	NA	NA	NA	NA	NA	NA	NA
562.65423	NA	resistant	resistant	resistant	NA	NA	NA	NA	NA	NA	NA	NA	NA	NA	NA	NA	NA	NA	NA	NA	NA	NA	NA	NA	NA	NA	NA	NA	NA	NA	NA	NA	NA	NA	NA	NA	NA	NA	NA
562.65422	NA	NA	susceptible	susceptible	NA	NA	NA	NA	NA	NA	NA	NA	NA	NA	NA	NA	NA	NA	NA	NA	NA	NA	NA	NA	NA	NA	NA	NA	NA	NA	NA	NA	NA	NA	NA	NA	NA	NA	NA
562.65421	NA	NA	susceptible	susceptible	NA	NA	NA	NA	NA	NA	NA	NA	NA	NA	NA	NA	NA	NA	NA	NA	NA	NA	NA	NA	NA	NA	NA	NA	NA	NA	NA	NA	NA	NA	NA	NA	NA	NA	NA
562.6542	NA	NA	susceptible	susceptible	NA	NA	NA	NA	NA	NA	NA	NA	NA	NA	NA	NA	NA	NA	NA	NA	NA	NA	NA	NA	NA	NA	NA	NA	NA	NA	NA	NA	NA	NA	NA	NA	NA	NA	NA
562.65419	NA	NA	susceptible	susceptible	NA	NA	NA	NA	NA	NA	NA	NA	NA	NA	NA	NA	NA	NA	NA	NA	NA	NA	NA	NA	NA	NA	NA	NA	NA	NA	NA	NA	NA	NA	NA	NA	NA	NA	NA
562.65409	NA	NA	susceptible	resistant	NA	NA	NA	NA	NA	NA	NA	NA	NA	NA	NA	NA	NA	NA	NA	NA	NA	NA	NA	NA	NA	NA	NA	NA	NA	NA	NA	NA	NA	NA	NA	NA	NA	NA	NA
562.65418	NA	NA	resistant	resistant	NA	NA	NA	NA	NA	NA	NA	NA	NA	NA	NA	NA	NA	NA	NA	NA	NA	NA	NA	NA	NA	NA	NA	NA	NA	NA	NA	NA	NA	NA	NA	NA	NA	NA	NA
562.65416	NA	NA	susceptible	susceptible	NA	NA	NA	NA	NA	NA	NA	NA	NA	NA	NA	NA	NA	NA	NA	NA	NA	NA	NA	NA	NA	NA	NA	NA	NA	NA	NA	NA	NA	NA	NA	NA	NA	NA	NA
562.65415	NA	NA	susceptible	susceptible	NA	NA	NA	NA	NA	NA	NA	NA	NA	NA	NA	NA	NA	NA	NA	NA	NA	NA	NA	NA	NA	NA	NA	NA	NA	NA	NA	NA	NA	NA	NA	NA	NA	NA	NA
562.65414	NA	NA	susceptible	susceptible	NA	NA	NA	NA	NA	NA	NA	NA	NA	NA	NA	NA	NA	NA	NA	NA	NA	NA	NA	NA	NA	NA	NA	NA	NA	NA	NA	NA	NA	NA	NA	NA	NA	NA	NA
562.65413	NA	NA	susceptible	susceptible	NA	NA	NA	NA	NA	NA	NA	NA	NA	NA	NA	NA	NA	NA	NA	NA	NA	NA	NA	NA	NA	NA	NA	NA	NA	NA	NA	NA	NA	NA	NA	NA	NA	NA	NA
562.65412	NA	NA	susceptible	resistant	NA	NA	NA	NA	NA	NA	NA	NA	NA	NA	NA	NA	NA	NA	NA	NA	NA	NA	NA	NA	NA	NA	NA	NA	NA	NA	NA	NA	NA	NA	NA	NA	NA	NA	NA
562.65411	NA	resistant	resistant	resistant	NA	NA	NA	NA	NA	NA	NA	NA	NA	NA	NA	NA	NA	NA	NA	NA	NA	NA	NA	NA	NA	NA	NA	NA	NA	NA	NA	NA	NA	NA	NA	NA	NA	NA	NA
562.65417	NA	NA	susceptible	resistant	NA	NA	NA	NA	NA	NA	NA	NA	NA	NA	NA	NA	NA	NA	NA	NA	NA	NA	NA	NA	NA	NA	NA	NA	NA	NA	NA	NA	NA	NA	NA	NA	NA	NA	NA
562.65322	NA	NA	susceptible	susceptible	NA	NA	NA	NA	NA	NA	NA	NA	NA	NA	NA	NA	NA	NA	NA	NA	NA	NA	NA	NA	NA	NA	NA	NA	NA	NA	NA	NA	NA	NA	NA	NA	NA	NA	NA
562.65321	NA	NA	susceptible	susceptible	NA	NA	NA	NA	NA	NA	NA	NA	NA	NA	NA	NA	NA	NA	NA	NA	NA	NA	NA	NA	NA	NA	NA	NA	NA	NA	NA	NA	NA	NA	NA	NA	NA	NA	NA
562.6532	NA	NA	susceptible	susceptible	NA	NA	NA	NA	NA	NA	NA	NA	NA	NA	NA	NA	NA	NA	NA	NA	NA	NA	NA	NA	NA	NA	NA	NA	NA	NA	NA	NA	NA	NA	NA	NA	NA	NA	NA
562.65222000000006	NA	NA	susceptible	susceptible	NA	NA	NA	NA	NA	NA	NA	NA	NA	NA	NA	NA	NA	NA	NA	NA	NA	NA	NA	NA	NA	NA	NA	NA	NA	NA	NA	NA	NA	NA	NA	NA	NA	NA	NA
562.65221	NA	NA	susceptible	susceptible	NA	NA	NA	NA	NA	NA	NA	NA	NA	NA	NA	NA	NA	NA	NA	NA	NA	NA	NA	NA	NA	NA	NA	NA	NA	NA	NA	NA	NA	NA	NA	NA	NA	NA	NA
562.6522	NA	NA	resistant	resistant	NA	NA	NA	NA	NA	NA	NA	NA	NA	NA	NA	NA	NA	NA	NA	NA	NA	NA	NA	NA	NA	NA	NA	NA	NA	NA	NA	NA	NA	NA	NA	NA	NA	NA	NA
562.65219	NA	resistant	resistant	resistant	NA	NA	NA	NA	NA	NA	NA	NA	NA	NA	NA	NA	NA	NA	NA	NA	NA	NA	NA	NA	NA	NA	NA	NA	NA	NA	NA	NA	NA	NA	NA	NA	NA	NA	NA
562.65218	NA	NA	susceptible	susceptible	NA	NA	NA	NA	NA	NA	NA	NA	NA	NA	NA	NA	NA	NA	NA	NA	NA	NA	NA	NA	NA	NA	NA	NA	NA	NA	NA	NA	NA	NA	NA	NA	NA	NA	NA
562.65217	NA	NA	susceptible	susceptible	NA	NA	NA	NA	NA	NA	NA	NA	NA	NA	NA	NA	NA	NA	NA	NA	NA	NA	NA	NA	NA	NA	NA	NA	NA	NA	NA	NA	NA	NA	NA	NA	NA	NA	NA
562.65223	NA	resistant	resistant	resistant	NA	NA	NA	NA	NA	NA	NA	NA	NA	NA	NA	NA	NA	NA	NA	NA	NA	NA	NA	NA	NA	NA	NA	NA	NA	NA	NA	NA	NA	NA	NA	NA	NA	NA	NA
562.65216	NA	NA	resistant	resistant	NA	NA	NA	NA	NA	NA	NA	NA	NA	NA	NA	NA	NA	NA	NA	NA	NA	NA	NA	NA	NA	NA	NA	NA	NA	NA	NA	NA	NA	NA	NA	NA	NA	NA	NA
562.65214	NA	NA	resistant	resistant	NA	NA	NA	NA	NA	NA	NA	NA	NA	NA	NA	NA	NA	NA	NA	NA	NA	NA	NA	NA	NA	NA	NA	NA	NA	NA	NA	NA	NA	NA	NA	NA	NA	NA	NA
562.65213	NA	NA	susceptible	resistant	NA	NA	NA	NA	NA	NA	NA	NA	NA	NA	NA	NA	NA	NA	NA	NA	NA	NA	NA	NA	NA	NA	NA	NA	NA	NA	NA	NA	NA	NA	NA	NA	NA	NA	NA
562.65212	NA	resistant	resistant	resistant	NA	NA	NA	NA	NA	NA	NA	NA	NA	NA	NA	NA	NA	NA	NA	NA	NA	NA	NA	NA	NA	NA	NA	NA	NA	NA	NA	NA	NA	NA	NA	NA	NA	NA	NA
562.65211	NA	NA	susceptible	susceptible	NA	NA	NA	NA	NA	NA	NA	NA	NA	NA	NA	NA	NA	NA	NA	NA	NA	NA	NA	NA	NA	NA	NA	NA	NA	NA	NA	NA	NA	NA	NA	NA	NA	NA	NA
562.6521	NA	NA	susceptible	susceptible	NA	NA	NA	NA	NA	NA	NA	NA	NA	NA	NA	NA	NA	NA	NA	NA	NA	NA	NA	NA	NA	NA	NA	NA	NA	NA	NA	NA	NA	NA	NA	NA	NA	NA	NA
562.65209	NA	NA	susceptible	susceptible	NA	NA	NA	NA	NA	NA	NA	NA	NA	NA	NA	NA	NA	NA	NA	NA	NA	NA	NA	NA	NA	NA	NA	NA	NA	NA	NA	NA	NA	NA	NA	NA	NA	NA	NA
562.65215	NA	NA	susceptible	susceptible	NA	NA	NA	NA	NA	NA	NA	NA	NA	NA	NA	NA	NA	NA	NA	NA	NA	NA	NA	NA	NA	NA	NA	NA	NA	NA	NA	NA	NA	NA	NA	NA	NA	NA	NA
562.65224	NA	NA	resistant	resistant	NA	NA	NA	NA	NA	NA	NA	NA	NA	NA	NA	NA	NA	NA	NA	NA	NA	NA	NA	NA	NA	NA	NA	NA	NA	NA	NA	NA	NA	NA	NA	NA	NA	NA	NA
562.65225	NA	resistant	resistant	resistant	NA	NA	NA	NA	NA	NA	NA	NA	NA	NA	NA	NA	NA	NA	NA	NA	NA	NA	NA	NA	NA	NA	NA	NA	NA	NA	NA	NA	NA	NA	NA	NA	NA	NA	NA
562.65226	NA	NA	resistant	resistant	NA	NA	NA	NA	NA	NA	NA	NA	NA	NA	NA	NA	NA	NA	NA	NA	NA	NA	NA	NA	NA	NA	NA	NA	NA	NA	NA	NA	NA	NA	NA	NA	NA	NA	NA
562.65242	NA	resistant	resistant	resistant	NA	NA	NA	NA	NA	NA	NA	NA	NA	NA	NA	NA	NA	NA	NA	NA	NA	NA	NA	NA	NA	NA	NA	NA	NA	NA	NA	NA	NA	NA	NA	NA	NA	NA	NA
562.65241	NA	NA	susceptible	susceptible	NA	NA	NA	NA	NA	NA	NA	NA	NA	NA	NA	NA	NA	NA	NA	NA	NA	NA	NA	NA	NA	NA	NA	NA	NA	NA	NA	NA	NA	NA	NA	NA	NA	NA	NA
562.6524	NA	NA	susceptible	susceptible	NA	NA	NA	NA	NA	NA	NA	NA	NA	NA	NA	NA	NA	NA	NA	NA	NA	NA	NA	NA	NA	NA	NA	NA	NA	NA	NA	NA	NA	NA	NA	NA	NA	NA	NA
562.65239	NA	susceptible	susceptible	resistant	NA	NA	NA	NA	NA	NA	NA	NA	NA	NA	NA	NA	NA	NA	NA	NA	NA	NA	NA	NA	NA	NA	NA	NA	NA	NA	NA	NA	NA	NA	NA	NA	NA	NA	NA
562.65238	NA	NA	susceptible	resistant	NA	NA	NA	NA	NA	NA	NA	NA	NA	NA	NA	NA	NA	NA	NA	NA	NA	NA	NA	NA	NA	NA	NA	NA	NA	NA	NA	NA	NA	NA	NA	NA	NA	NA	NA
562.65237	NA	susceptible	resistant	resistant	NA	NA	NA	NA	NA	NA	NA	NA	NA	NA	NA	NA	NA	NA	NA	NA	NA	NA	NA	NA	NA	NA	NA	NA	NA	NA	NA	NA	NA	NA	NA	NA	NA	NA	NA
562.65236	NA	susceptible	resistant	resistant	NA	NA	NA	NA	NA	NA	NA	NA	NA	NA	NA	NA	NA	NA	NA	NA	NA	NA	NA	NA	NA	NA	NA	NA	NA	NA	NA	NA	NA	NA	NA	NA	NA	NA	NA
562.65235	NA	resistant	resistant	resistant	NA	NA	NA	NA	NA	NA	NA	NA	NA	NA	NA	NA	NA	NA	NA	NA	NA	NA	NA	NA	NA	NA	NA	NA	NA	NA	NA	NA	NA	NA	NA	NA	NA	NA	NA
562.65234	NA	NA	susceptible	resistant	NA	NA	NA	NA	NA	NA	NA	NA	NA	NA	NA	NA	NA	NA	NA	NA	NA	NA	NA	NA	NA	NA	NA	NA	NA	NA	NA	NA	NA	NA	NA	NA	NA	NA	NA
562.65233	NA	NA	resistant	resistant	NA	NA	NA	NA	NA	NA	NA	NA	NA	NA	NA	NA	NA	NA	NA	NA	NA	NA	NA	NA	NA	NA	NA	NA	NA	NA	NA	NA	NA	NA	NA	NA	NA	NA	NA
562.65232	NA	NA	susceptible	resistant	NA	NA	NA	NA	NA	NA	NA	NA	NA	NA	NA	NA	NA	NA	NA	NA	NA	NA	NA	NA	NA	NA	NA	NA	NA	NA	NA	NA	NA	NA	NA	NA	NA	NA	NA
562.65231000000006	NA	NA	susceptible	susceptible	NA	NA	NA	NA	NA	NA	NA	NA	NA	NA	NA	NA	NA	NA	NA	NA	NA	NA	NA	NA	NA	NA	NA	NA	NA	NA	NA	NA	NA	NA	NA	NA	NA	NA	NA
562.6523	NA	NA	susceptible	susceptible	NA	NA	NA	NA	NA	NA	NA	NA	NA	NA	NA	NA	NA	NA	NA	NA	NA	NA	NA	NA	NA	NA	NA	NA	NA	NA	NA	NA	NA	NA	NA	NA	NA	NA	NA
562.65228	NA	NA	susceptible	resistant	NA	NA	NA	NA	NA	NA	NA	NA	NA	NA	NA	NA	NA	NA	NA	NA	NA	NA	NA	NA	NA	NA	NA	NA	NA	NA	NA	NA	NA	NA	NA	NA	NA	NA	NA
562.65227	NA	NA	susceptible	susceptible	NA	NA	NA	NA	NA	NA	NA	NA	NA	NA	NA	NA	NA	NA	NA	NA	NA	NA	NA	NA	NA	NA	NA	NA	NA	NA	NA	NA	NA	NA	NA	NA	NA	NA	NA
562.65208	NA	NA	susceptible	susceptible	NA	NA	NA	NA	NA	NA	NA	NA	NA	NA	NA	NA	NA	NA	NA	NA	NA	NA	NA	NA	NA	NA	NA	NA	NA	NA	NA	NA	NA	NA	NA	NA	NA	NA	NA
562.65207	NA	resistant	resistant	resistant	NA	NA	NA	NA	NA	NA	NA	NA	NA	NA	NA	NA	NA	NA	NA	NA	NA	NA	NA	NA	NA	NA	NA	NA	NA	NA	NA	NA	NA	NA	NA	NA	NA	NA	NA
562.65206	NA	resistant	resistant	resistant	NA	NA	NA	NA	NA	NA	NA	NA	NA	NA	NA	NA	NA	NA	NA	NA	NA	NA	NA	NA	NA	NA	NA	NA	NA	NA	NA	NA	NA	NA	NA	NA	NA	NA	NA
562.65205	NA	NA	susceptible	resistant	NA	NA	NA	NA	NA	NA	NA	NA	NA	NA	NA	NA	NA	NA	NA	NA	NA	NA	NA	NA	NA	NA	NA	NA	NA	NA	NA	NA	NA	NA	NA	NA	NA	NA	NA
562.6518	NA	NA	resistant	resistant	NA	NA	NA	NA	NA	NA	NA	NA	NA	NA	NA	NA	NA	NA	NA	NA	NA	NA	NA	NA	NA	NA	NA	NA	NA	NA	NA	NA	NA	NA	NA	NA	NA	NA	NA
562.65178	NA	NA	susceptible	susceptible	NA	NA	NA	NA	NA	NA	NA	NA	NA	NA	NA	NA	NA	NA	NA	NA	NA	NA	NA	NA	NA	NA	NA	NA	NA	NA	NA	NA	NA	NA	NA	NA	NA	NA	NA
562.65175	NA	NA	resistant	susceptible	NA	NA	NA	NA	NA	NA	NA	NA	NA	NA	NA	NA	NA	NA	NA	NA	NA	NA	NA	NA	NA	NA	NA	NA	NA	NA	NA	NA	NA	NA	NA	NA	NA	NA	NA
562.65174	NA	NA	susceptible	susceptible	NA	NA	NA	NA	NA	NA	NA	NA	NA	NA	NA	NA	NA	NA	NA	NA	NA	NA	NA	NA	NA	NA	NA	NA	NA	NA	NA	NA	NA	NA	NA	NA	NA	NA	NA
562.65173	NA	resistant	resistant	resistant	NA	NA	NA	NA	NA	NA	NA	NA	NA	NA	NA	NA	NA	NA	NA	NA	NA	NA	NA	NA	NA	NA	NA	NA	NA	NA	NA	NA	NA	NA	NA	NA	NA	NA	NA
562.65172	NA	NA	susceptible	susceptible	NA	NA	NA	NA	NA	NA	NA	NA	NA	NA	NA	NA	NA	NA	NA	NA	NA	NA	NA	NA	NA	NA	NA	NA	NA	NA	NA	NA	NA	NA	NA	NA	NA	NA	NA
562.65171	NA	NA	susceptible	susceptible	NA	NA	NA	NA	NA	NA	NA	NA	NA	NA	NA	NA	NA	NA	NA	NA	NA	NA	NA	NA	NA	NA	NA	NA	NA	NA	NA	NA	NA	NA	NA	NA	NA	NA	NA
562.6517	NA	NA	resistant	resistant	NA	NA	NA	NA	NA	NA	NA	NA	NA	NA	NA	NA	NA	NA	NA	NA	NA	NA	NA	NA	NA	NA	NA	NA	NA	NA	NA	NA	NA	NA	NA	NA	NA	NA	NA
562.65169	NA	NA	susceptible	susceptible	NA	NA	NA	NA	NA	NA	NA	NA	NA	NA	NA	NA	NA	NA	NA	NA	NA	NA	NA	NA	NA	NA	NA	NA	NA	NA	NA	NA	NA	NA	NA	NA	NA	NA	NA
562.65168	NA	NA	susceptible	susceptible	NA	NA	NA	NA	NA	NA	NA	NA	NA	NA	NA	NA	NA	NA	NA	NA	NA	NA	NA	NA	NA	NA	NA	NA	NA	NA	NA	NA	NA	NA	NA	NA	NA	NA	NA
562.65167	NA	NA	susceptible	susceptible	NA	NA	NA	NA	NA	NA	NA	NA	NA	NA	NA	NA	NA	NA	NA	NA	NA	NA	NA	NA	NA	NA	NA	NA	NA	NA	NA	NA	NA	NA	NA	NA	NA	NA	NA
562.65166	NA	susceptible	susceptible	resistant	NA	NA	NA	NA	NA	NA	NA	NA	NA	NA	NA	NA	NA	NA	NA	NA	NA	NA	NA	NA	NA	NA	NA	NA	NA	NA	NA	NA	NA	NA	NA	NA	NA	NA	NA
562.65164	NA	susceptible	susceptible	resistant	NA	NA	NA	NA	NA	NA	NA	NA	NA	NA	NA	NA	NA	NA	NA	NA	NA	NA	NA	NA	NA	NA	NA	NA	NA	NA	NA	NA	NA	NA	NA	NA	NA	NA	NA
562.65163	NA	resistant	resistant	resistant	NA	NA	NA	NA	NA	NA	NA	NA	NA	NA	NA	NA	NA	NA	NA	NA	NA	NA	NA	NA	NA	NA	NA	NA	NA	NA	NA	NA	NA	NA	NA	NA	NA	NA	NA
562.65162	NA	NA	resistant	resistant	NA	NA	NA	NA	NA	NA	NA	NA	NA	NA	NA	NA	NA	NA	NA	NA	NA	NA	NA	NA	NA	NA	NA	NA	NA	NA	NA	NA	NA	NA	NA	NA	NA	NA	NA
562.65181	NA	NA	susceptible	susceptible	NA	NA	NA	NA	NA	NA	NA	NA	NA	NA	NA	NA	NA	NA	NA	NA	NA	NA	NA	NA	NA	NA	NA	NA	NA	NA	NA	NA	NA	NA	NA	NA	NA	NA	NA
562.65243	NA	NA	susceptible	resistant	NA	NA	NA	NA	NA	NA	NA	NA	NA	NA	NA	NA	NA	NA	NA	NA	NA	NA	NA	NA	NA	NA	NA	NA	NA	NA	NA	NA	NA	NA	NA	NA	NA	NA	NA
562.65182	NA	NA	susceptible	susceptible	NA	NA	NA	NA	NA	NA	NA	NA	NA	NA	NA	NA	NA	NA	NA	NA	NA	NA	NA	NA	NA	NA	NA	NA	NA	NA	NA	NA	NA	NA	NA	NA	NA	NA	NA
562.65184	NA	NA	resistant	resistant	NA	NA	NA	NA	NA	NA	NA	NA	NA	NA	NA	NA	NA	NA	NA	NA	NA	NA	NA	NA	NA	NA	NA	NA	NA	NA	NA	NA	NA	NA	NA	NA	NA	NA	NA
562.65204	NA	susceptible	susceptible	resistant	NA	NA	NA	NA	NA	NA	NA	NA	NA	NA	NA	NA	NA	NA	NA	NA	NA	NA	NA	NA	NA	NA	NA	NA	NA	NA	NA	NA	NA	NA	NA	NA	NA	NA	NA
562.65203	NA	resistant	resistant	resistant	NA	NA	NA	NA	NA	NA	NA	NA	NA	NA	NA	NA	NA	NA	NA	NA	NA	NA	NA	NA	NA	NA	NA	NA	NA	NA	NA	NA	NA	NA	NA	NA	NA	NA	NA
562.65202	NA	NA	susceptible	susceptible	NA	NA	NA	NA	NA	NA	NA	NA	NA	NA	NA	NA	NA	NA	NA	NA	NA	NA	NA	NA	NA	NA	NA	NA	NA	NA	NA	NA	NA	NA	NA	NA	NA	NA	NA
562.65201	NA	NA	susceptible	susceptible	NA	NA	NA	NA	NA	NA	NA	NA	NA	NA	NA	NA	NA	NA	NA	NA	NA	NA	NA	NA	NA	NA	NA	NA	NA	NA	NA	NA	NA	NA	NA	NA	NA	NA	NA
562.652	NA	NA	susceptible	susceptible	NA	NA	NA	NA	NA	NA	NA	NA	NA	NA	NA	NA	NA	NA	NA	NA	NA	NA	NA	NA	NA	NA	NA	NA	NA	NA	NA	NA	NA	NA	NA	NA	NA	NA	NA
562.65199	NA	NA	susceptible	susceptible	NA	NA	NA	NA	NA	NA	NA	NA	NA	NA	NA	NA	NA	NA	NA	NA	NA	NA	NA	NA	NA	NA	NA	NA	NA	NA	NA	NA	NA	NA	NA	NA	NA	NA	NA
562.65198	NA	NA	susceptible	susceptible	NA	NA	NA	NA	NA	NA	NA	NA	NA	NA	NA	NA	NA	NA	NA	NA	NA	NA	NA	NA	NA	NA	NA	NA	NA	NA	NA	NA	NA	NA	NA	NA	NA	NA	NA
562.65197	NA	NA	susceptible	susceptible	NA	NA	NA	NA	NA	NA	NA	NA	NA	NA	NA	NA	NA	NA	NA	NA	NA	NA	NA	NA	NA	NA	NA	NA	NA	NA	NA	NA	NA	NA	NA	NA	NA	NA	NA
562.65196	NA	NA	resistant	resistant	NA	NA	NA	NA	NA	NA	NA	NA	NA	NA	NA	NA	NA	NA	NA	NA	NA	NA	NA	NA	NA	NA	NA	NA	NA	NA	NA	NA	NA	NA	NA	NA	NA	NA	NA
562.65193	NA	NA	susceptible	susceptible	NA	NA	NA	NA	NA	NA	NA	NA	NA	NA	NA	NA	NA	NA	NA	NA	NA	NA	NA	NA	NA	NA	NA	NA	NA	NA	NA	NA	NA	NA	NA	NA	NA	NA	NA
562.65189	NA	NA	susceptible	resistant	NA	NA	NA	NA	NA	NA	NA	NA	NA	NA	NA	NA	NA	NA	NA	NA	NA	NA	NA	NA	NA	NA	NA	NA	NA	NA	NA	NA	NA	NA	NA	NA	NA	NA	NA
562.65188	NA	NA	susceptible	resistant	NA	NA	NA	NA	NA	NA	NA	NA	NA	NA	NA	NA	NA	NA	NA	NA	NA	NA	NA	NA	NA	NA	NA	NA	NA	NA	NA	NA	NA	NA	NA	NA	NA	NA	NA
562.65187	NA	NA	susceptible	susceptible	NA	NA	NA	NA	NA	NA	NA	NA	NA	NA	NA	NA	NA	NA	NA	NA	NA	NA	NA	NA	NA	NA	NA	NA	NA	NA	NA	NA	NA	NA	NA	NA	NA	NA	NA
562.65186	NA	NA	susceptible	susceptible	NA	NA	NA	NA	NA	NA	NA	NA	NA	NA	NA	NA	NA	NA	NA	NA	NA	NA	NA	NA	NA	NA	NA	NA	NA	NA	NA	NA	NA	NA	NA	NA	NA	NA	NA
562.65185	NA	susceptible	susceptible	susceptible	NA	NA	NA	NA	NA	NA	NA	NA	NA	NA	NA	NA	NA	NA	NA	NA	NA	NA	NA	NA	NA	NA	NA	NA	NA	NA	NA	NA	NA	NA	NA	NA	NA	NA	NA
562.65183	NA	NA	susceptible	resistant	NA	NA	NA	NA	NA	NA	NA	NA	NA	NA	NA	NA	NA	NA	NA	NA	NA	NA	NA	NA	NA	NA	NA	NA	NA	NA	NA	NA	NA	NA	NA	NA	NA	NA	NA
562.65244	NA	susceptible	susceptible	resistant	NA	NA	NA	NA	NA	NA	NA	NA	NA	NA	NA	NA	NA	NA	NA	NA	NA	NA	NA	NA	NA	NA	NA	NA	NA	NA	NA	NA	NA	NA	NA	NA	NA	NA	NA
562.65245	NA	NA	susceptible	susceptible	NA	NA	NA	NA	NA	NA	NA	NA	NA	NA	NA	NA	NA	NA	NA	NA	NA	NA	NA	NA	NA	NA	NA	NA	NA	NA	NA	NA	NA	NA	NA	NA	NA	NA	NA
562.65246	NA	susceptible	resistant	resistant	NA	NA	NA	NA	NA	NA	NA	NA	NA	NA	NA	NA	NA	NA	NA	NA	NA	NA	NA	NA	NA	NA	NA	NA	NA	NA	NA	NA	NA	NA	NA	NA	NA	NA	NA
562.65299	NA	NA	susceptible	susceptible	NA	NA	NA	NA	NA	NA	NA	NA	NA	NA	NA	NA	NA	NA	NA	NA	NA	NA	NA	NA	NA	NA	NA	NA	NA	NA	NA	NA	NA	NA	NA	NA	NA	NA	NA
562.65298	NA	susceptible	susceptible	resistant	NA	NA	NA	NA	NA	NA	NA	NA	NA	NA	NA	NA	NA	NA	NA	NA	NA	NA	NA	NA	NA	NA	NA	NA	NA	NA	NA	NA	NA	NA	NA	NA	NA	NA	NA
562.65297	NA	NA	susceptible	resistant	NA	NA	NA	NA	NA	NA	NA	NA	NA	NA	NA	NA	NA	NA	NA	NA	NA	NA	NA	NA	NA	NA	NA	NA	NA	NA	NA	NA	NA	NA	NA	NA	NA	NA	NA
562.65296	NA	NA	susceptible	susceptible	NA	NA	NA	NA	NA	NA	NA	NA	NA	NA	NA	NA	NA	NA	NA	NA	NA	NA	NA	NA	NA	NA	NA	NA	NA	NA	NA	NA	NA	NA	NA	NA	NA	NA	NA
562.65295	NA	NA	susceptible	resistant	NA	NA	NA	NA	NA	NA	NA	NA	NA	NA	NA	NA	NA	NA	NA	NA	NA	NA	NA	NA	NA	NA	NA	NA	NA	NA	NA	NA	NA	NA	NA	NA	NA	NA	NA
562.65294	NA	NA	resistant	resistant	NA	NA	NA	NA	NA	NA	NA	NA	NA	NA	NA	NA	NA	NA	NA	NA	NA	NA	NA	NA	NA	NA	NA	NA	NA	NA	NA	NA	NA	NA	NA	NA	NA	NA	NA
562.65293	NA	NA	resistant	resistant	NA	NA	NA	NA	NA	NA	NA	NA	NA	NA	NA	NA	NA	NA	NA	NA	NA	NA	NA	NA	NA	NA	NA	NA	NA	NA	NA	NA	NA	NA	NA	NA	NA	NA	NA
562.65292	NA	NA	susceptible	susceptible	NA	NA	NA	NA	NA	NA	NA	NA	NA	NA	NA	NA	NA	NA	NA	NA	NA	NA	NA	NA	NA	NA	NA	NA	NA	NA	NA	NA	NA	NA	NA	NA	NA	NA	NA
562.65291	NA	NA	resistant	resistant	NA	NA	NA	NA	NA	NA	NA	NA	NA	NA	NA	NA	NA	NA	NA	NA	NA	NA	NA	NA	NA	NA	NA	NA	NA	NA	NA	NA	NA	NA	NA	NA	NA	NA	NA
562.6529	NA	NA	susceptible	susceptible	NA	NA	NA	NA	NA	NA	NA	NA	NA	NA	NA	NA	NA	NA	NA	NA	NA	NA	NA	NA	NA	NA	NA	NA	NA	NA	NA	NA	NA	NA	NA	NA	NA	NA	NA
562.65289	NA	NA	susceptible	susceptible	NA	NA	NA	NA	NA	NA	NA	NA	NA	NA	NA	NA	NA	NA	NA	NA	NA	NA	NA	NA	NA	NA	NA	NA	NA	NA	NA	NA	NA	NA	NA	NA	NA	NA	NA
562.65288	NA	resistant	resistant	resistant	NA	NA	NA	NA	NA	NA	NA	NA	NA	NA	NA	NA	NA	NA	NA	NA	NA	NA	NA	NA	NA	NA	NA	NA	NA	NA	NA	NA	NA	NA	NA	NA	NA	NA	NA
562.65287	NA	resistant	resistant	resistant	NA	NA	NA	NA	NA	NA	NA	NA	NA	NA	NA	NA	NA	NA	NA	NA	NA	NA	NA	NA	NA	NA	NA	NA	NA	NA	NA	NA	NA	NA	NA	NA	NA	NA	NA
562.65286	NA	NA	susceptible	resistant	NA	NA	NA	NA	NA	NA	NA	NA	NA	NA	NA	NA	NA	NA	NA	NA	NA	NA	NA	NA	NA	NA	NA	NA	NA	NA	NA	NA	NA	NA	NA	NA	NA	NA	NA
562.65285	NA	susceptible	resistant	resistant	NA	NA	NA	NA	NA	NA	NA	NA	NA	NA	NA	NA	NA	NA	NA	NA	NA	NA	NA	NA	NA	NA	NA	NA	NA	NA	NA	NA	NA	NA	NA	NA	NA	NA	NA
562.653	NA	NA	susceptible	resistant	NA	NA	NA	NA	NA	NA	NA	NA	NA	NA	NA	NA	NA	NA	NA	NA	NA	NA	NA	NA	NA	NA	NA	NA	NA	NA	NA	NA	NA	NA	NA	NA	NA	NA	NA
562.65284	NA	NA	susceptible	susceptible	NA	NA	NA	NA	NA	NA	NA	NA	NA	NA	NA	NA	NA	NA	NA	NA	NA	NA	NA	NA	NA	NA	NA	NA	NA	NA	NA	NA	NA	NA	NA	NA	NA	NA	NA
562.65301	NA	NA	susceptible	susceptible	NA	NA	NA	NA	NA	NA	NA	NA	NA	NA	NA	NA	NA	NA	NA	NA	NA	NA	NA	NA	NA	NA	NA	NA	NA	NA	NA	NA	NA	NA	NA	NA	NA	NA	NA
562.65303	NA	NA	susceptible	resistant	NA	NA	NA	NA	NA	NA	NA	NA	NA	NA	NA	NA	NA	NA	NA	NA	NA	NA	NA	NA	NA	NA	NA	NA	NA	NA	NA	NA	NA	NA	NA	NA	NA	NA	NA
562.65319	NA	NA	susceptible	susceptible	NA	NA	NA	NA	NA	NA	NA	NA	NA	NA	NA	NA	NA	NA	NA	NA	NA	NA	NA	NA	NA	NA	NA	NA	NA	NA	NA	NA	NA	NA	NA	NA	NA	NA	NA
562.65318	NA	NA	resistant	resistant	NA	NA	NA	NA	NA	NA	NA	NA	NA	NA	NA	NA	NA	NA	NA	NA	NA	NA	NA	NA	NA	NA	NA	NA	NA	NA	NA	NA	NA	NA	NA	NA	NA	NA	NA
562.65317	NA	NA	susceptible	susceptible	NA	NA	NA	NA	NA	NA	NA	NA	NA	NA	NA	NA	NA	NA	NA	NA	NA	NA	NA	NA	NA	NA	NA	NA	NA	NA	NA	NA	NA	NA	NA	NA	NA	NA	NA
562.65316	NA	resistant	resistant	resistant	NA	NA	NA	NA	NA	NA	NA	NA	NA	NA	NA	NA	NA	NA	NA	NA	NA	NA	NA	NA	NA	NA	NA	NA	NA	NA	NA	NA	NA	NA	NA	NA	NA	NA	NA
562.65314	NA	NA	resistant	susceptible	NA	NA	NA	NA	NA	NA	NA	NA	NA	NA	NA	NA	NA	NA	NA	NA	NA	NA	NA	NA	NA	NA	NA	NA	NA	NA	NA	NA	NA	NA	NA	NA	NA	NA	NA
562.65313	NA	NA	resistant	resistant	NA	NA	NA	NA	NA	NA	NA	NA	NA	NA	NA	NA	NA	NA	NA	NA	NA	NA	NA	NA	NA	NA	NA	NA	NA	NA	NA	NA	NA	NA	NA	NA	NA	NA	NA
562.65312	NA	susceptible	susceptible	susceptible	NA	NA	NA	NA	NA	NA	NA	NA	NA	NA	NA	NA	NA	NA	NA	NA	NA	NA	NA	NA	NA	NA	NA	NA	NA	NA	NA	NA	NA	NA	NA	NA	NA	NA	NA
562.65311	NA	NA	resistant	resistant	NA	NA	NA	NA	NA	NA	NA	NA	NA	NA	NA	NA	NA	NA	NA	NA	NA	NA	NA	NA	NA	NA	NA	NA	NA	NA	NA	NA	NA	NA	NA	NA	NA	NA	NA
562.6531	NA	resistant	resistant	resistant	NA	NA	NA	NA	NA	NA	NA	NA	NA	NA	NA	NA	NA	NA	NA	NA	NA	NA	NA	NA	NA	NA	NA	NA	NA	NA	NA	NA	NA	NA	NA	NA	NA	NA	NA
562.65309	NA	NA	susceptible	susceptible	NA	NA	NA	NA	NA	NA	NA	NA	NA	NA	NA	NA	NA	NA	NA	NA	NA	NA	NA	NA	NA	NA	NA	NA	NA	NA	NA	NA	NA	NA	NA	NA	NA	NA	NA
562.65308	NA	NA	resistant	resistant	NA	NA	NA	NA	NA	NA	NA	NA	NA	NA	NA	NA	NA	NA	NA	NA	NA	NA	NA	NA	NA	NA	NA	NA	NA	NA	NA	NA	NA	NA	NA	NA	NA	NA	NA
562.65307	NA	NA	susceptible	resistant	NA	NA	NA	NA	NA	NA	NA	NA	NA	NA	NA	NA	NA	NA	NA	NA	NA	NA	NA	NA	NA	NA	NA	NA	NA	NA	NA	NA	NA	NA	NA	NA	NA	NA	NA
562.65306	NA	NA	susceptible	susceptible	NA	NA	NA	NA	NA	NA	NA	NA	NA	NA	NA	NA	NA	NA	NA	NA	NA	NA	NA	NA	NA	NA	NA	NA	NA	NA	NA	NA	NA	NA	NA	NA	NA	NA	NA
562.65305	NA	NA	susceptible	resistant	NA	NA	NA	NA	NA	NA	NA	NA	NA	NA	NA	NA	NA	NA	NA	NA	NA	NA	NA	NA	NA	NA	NA	NA	NA	NA	NA	NA	NA	NA	NA	NA	NA	NA	NA
562.65304	NA	resistant	resistant	resistant	NA	NA	NA	NA	NA	NA	NA	NA	NA	NA	NA	NA	NA	NA	NA	NA	NA	NA	NA	NA	NA	NA	NA	NA	NA	NA	NA	NA	NA	NA	NA	NA	NA	NA	NA
562.65302	NA	resistant	resistant	resistant	NA	NA	NA	NA	NA	NA	NA	NA	NA	NA	NA	NA	NA	NA	NA	NA	NA	NA	NA	NA	NA	NA	NA	NA	NA	NA	NA	NA	NA	NA	NA	NA	NA	NA	NA
562.65459	NA	resistant	resistant	resistant	NA	NA	NA	NA	NA	NA	NA	NA	NA	NA	NA	NA	NA	NA	NA	NA	NA	NA	NA	NA	NA	NA	NA	NA	NA	NA	NA	NA	NA	NA	NA	NA	NA	NA	NA
562.65283	NA	NA	susceptible	susceptible	NA	NA	NA	NA	NA	NA	NA	NA	NA	NA	NA	NA	NA	NA	NA	NA	NA	NA	NA	NA	NA	NA	NA	NA	NA	NA	NA	NA	NA	NA	NA	NA	NA	NA	NA
562.65281	NA	NA	susceptible	susceptible	NA	NA	NA	NA	NA	NA	NA	NA	NA	NA	NA	NA	NA	NA	NA	NA	NA	NA	NA	NA	NA	NA	NA	NA	NA	NA	NA	NA	NA	NA	NA	NA	NA	NA	NA
562.65261	NA	NA	resistant	resistant	NA	NA	NA	NA	NA	NA	NA	NA	NA	NA	NA	NA	NA	NA	NA	NA	NA	NA	NA	NA	NA	NA	NA	NA	NA	NA	NA	NA	NA	NA	NA	NA	NA	NA	NA
562.6526	NA	resistant	resistant	resistant	NA	NA	NA	NA	NA	NA	NA	NA	NA	NA	NA	NA	NA	NA	NA	NA	NA	NA	NA	NA	NA	NA	NA	NA	NA	NA	NA	NA	NA	NA	NA	NA	NA	NA	NA
562.65259	NA	resistant	resistant	resistant	NA	NA	NA	NA	NA	NA	NA	NA	NA	NA	NA	NA	NA	NA	NA	NA	NA	NA	NA	NA	NA	NA	NA	NA	NA	NA	NA	NA	NA	NA	NA	NA	NA	NA	NA
562.65258	NA	NA	susceptible	susceptible	NA	NA	NA	NA	NA	NA	NA	NA	NA	NA	NA	NA	NA	NA	NA	NA	NA	NA	NA	NA	NA	NA	NA	NA	NA	NA	NA	NA	NA	NA	NA	NA	NA	NA	NA
562.65257	NA	NA	resistant	resistant	NA	NA	NA	NA	NA	NA	NA	NA	NA	NA	NA	NA	NA	NA	NA	NA	NA	NA	NA	NA	NA	NA	NA	NA	NA	NA	NA	NA	NA	NA	NA	NA	NA	NA	NA
562.65256	NA	NA	susceptible	susceptible	NA	NA	NA	NA	NA	NA	NA	NA	NA	NA	NA	NA	NA	NA	NA	NA	NA	NA	NA	NA	NA	NA	NA	NA	NA	NA	NA	NA	NA	NA	NA	NA	NA	NA	NA
562.65255	NA	susceptible	susceptible	susceptible	NA	NA	NA	NA	NA	NA	NA	NA	NA	NA	NA	NA	NA	NA	NA	NA	NA	NA	NA	NA	NA	NA	NA	NA	NA	NA	NA	NA	NA	NA	NA	NA	NA	NA	NA
562.65254	NA	NA	resistant	resistant	NA	NA	NA	NA	NA	NA	NA	NA	NA	NA	NA	NA	NA	NA	NA	NA	NA	NA	NA	NA	NA	NA	NA	NA	NA	NA	NA	NA	NA	NA	NA	NA	NA	NA	NA
562.65253	NA	NA	resistant	resistant	NA	NA	NA	NA	NA	NA	NA	NA	NA	NA	NA	NA	NA	NA	NA	NA	NA	NA	NA	NA	NA	NA	NA	NA	NA	NA	NA	NA	NA	NA	NA	NA	NA	NA	NA
562.65252	NA	NA	resistant	resistant	NA	NA	NA	NA	NA	NA	NA	NA	NA	NA	NA	NA	NA	NA	NA	NA	NA	NA	NA	NA	NA	NA	NA	NA	NA	NA	NA	NA	NA	NA	NA	NA	NA	NA	NA
562.65251	NA	NA	susceptible	resistant	NA	NA	NA	NA	NA	NA	NA	NA	NA	NA	NA	NA	NA	NA	NA	NA	NA	NA	NA	NA	NA	NA	NA	NA	NA	NA	NA	NA	NA	NA	NA	NA	NA	NA	NA
562.6525	NA	NA	susceptible	susceptible	NA	NA	NA	NA	NA	NA	NA	NA	NA	NA	NA	NA	NA	NA	NA	NA	NA	NA	NA	NA	NA	NA	NA	NA	NA	NA	NA	NA	NA	NA	NA	NA	NA	NA	NA
562.65249	NA	NA	susceptible	resistant	NA	NA	NA	NA	NA	NA	NA	NA	NA	NA	NA	NA	NA	NA	NA	NA	NA	NA	NA	NA	NA	NA	NA	NA	NA	NA	NA	NA	NA	NA	NA	NA	NA	NA	NA
562.65248	NA	NA	resistant	resistant	NA	NA	NA	NA	NA	NA	NA	NA	NA	NA	NA	NA	NA	NA	NA	NA	NA	NA	NA	NA	NA	NA	NA	NA	NA	NA	NA	NA	NA	NA	NA	NA	NA	NA	NA
562.65247	NA	NA	susceptible	susceptible	NA	NA	NA	NA	NA	NA	NA	NA	NA	NA	NA	NA	NA	NA	NA	NA	NA	NA	NA	NA	NA	NA	NA	NA	NA	NA	NA	NA	NA	NA	NA	NA	NA	NA	NA
562.65262	NA	susceptible	susceptible	susceptible	NA	NA	NA	NA	NA	NA	NA	NA	NA	NA	NA	NA	NA	NA	NA	NA	NA	NA	NA	NA	NA	NA	NA	NA	NA	NA	NA	NA	NA	NA	NA	NA	NA	NA	NA
562.65282	NA	susceptible	susceptible	resistant	NA	NA	NA	NA	NA	NA	NA	NA	NA	NA	NA	NA	NA	NA	NA	NA	NA	NA	NA	NA	NA	NA	NA	NA	NA	NA	NA	NA	NA	NA	NA	NA	NA	NA	NA
562.65263	NA	susceptible	susceptible	susceptible	NA	NA	NA	NA	NA	NA	NA	NA	NA	NA	NA	NA	NA	NA	NA	NA	NA	NA	NA	NA	NA	NA	NA	NA	NA	NA	NA	NA	NA	NA	NA	NA	NA	NA	NA
562.65265	NA	susceptible	susceptible	resistant	NA	NA	NA	NA	NA	NA	NA	NA	NA	NA	NA	NA	NA	NA	NA	NA	NA	NA	NA	NA	NA	NA	NA	NA	NA	NA	NA	NA	NA	NA	NA	NA	NA	NA	NA
562.6528	NA	NA	susceptible	resistant	NA	NA	NA	NA	NA	NA	NA	NA	NA	NA	NA	NA	NA	NA	NA	NA	NA	NA	NA	NA	NA	NA	NA	NA	NA	NA	NA	NA	NA	NA	NA	NA	NA	NA	NA
562.65279	NA	NA	susceptible	susceptible	NA	NA	NA	NA	NA	NA	NA	NA	NA	NA	NA	NA	NA	NA	NA	NA	NA	NA	NA	NA	NA	NA	NA	NA	NA	NA	NA	NA	NA	NA	NA	NA	NA	NA	NA
562.65278	NA	NA	resistant	resistant	NA	NA	NA	NA	NA	NA	NA	NA	NA	NA	NA	NA	NA	NA	NA	NA	NA	NA	NA	NA	NA	NA	NA	NA	NA	NA	NA	NA	NA	NA	NA	NA	NA	NA	NA
562.65277	NA	NA	resistant	resistant	NA	NA	NA	NA	NA	NA	NA	NA	NA	NA	NA	NA	NA	NA	NA	NA	NA	NA	NA	NA	NA	NA	NA	NA	NA	NA	NA	NA	NA	NA	NA	NA	NA	NA	NA
562.65276	NA	NA	susceptible	susceptible	NA	NA	NA	NA	NA	NA	NA	NA	NA	NA	NA	NA	NA	NA	NA	NA	NA	NA	NA	NA	NA	NA	NA	NA	NA	NA	NA	NA	NA	NA	NA	NA	NA	NA	NA
562.65275	NA	NA	susceptible	resistant	NA	NA	NA	NA	NA	NA	NA	NA	NA	NA	NA	NA	NA	NA	NA	NA	NA	NA	NA	NA	NA	NA	NA	NA	NA	NA	NA	NA	NA	NA	NA	NA	NA	NA	NA
562.65274	NA	NA	resistant	resistant	NA	NA	NA	NA	NA	NA	NA	NA	NA	NA	NA	NA	NA	NA	NA	NA	NA	NA	NA	NA	NA	NA	NA	NA	NA	NA	NA	NA	NA	NA	NA	NA	NA	NA	NA
562.65273	NA	NA	susceptible	susceptible	NA	NA	NA	NA	NA	NA	NA	NA	NA	NA	NA	NA	NA	NA	NA	NA	NA	NA	NA	NA	NA	NA	NA	NA	NA	NA	NA	NA	NA	NA	NA	NA	NA	NA	NA
562.65272	NA	NA	resistant	resistant	NA	NA	NA	NA	NA	NA	NA	NA	NA	NA	NA	NA	NA	NA	NA	NA	NA	NA	NA	NA	NA	NA	NA	NA	NA	NA	NA	NA	NA	NA	NA	NA	NA	NA	NA
562.65271	NA	NA	susceptible	resistant	NA	NA	NA	NA	NA	NA	NA	NA	NA	NA	NA	NA	NA	NA	NA	NA	NA	NA	NA	NA	NA	NA	NA	NA	NA	NA	NA	NA	NA	NA	NA	NA	NA	NA	NA
562.6527	NA	NA	susceptible	susceptible	NA	NA	NA	NA	NA	NA	NA	NA	NA	NA	NA	NA	NA	NA	NA	NA	NA	NA	NA	NA	NA	NA	NA	NA	NA	NA	NA	NA	NA	NA	NA	NA	NA	NA	NA
562.65269	NA	susceptible	susceptible	resistant	NA	NA	NA	NA	NA	NA	NA	NA	NA	NA	NA	NA	NA	NA	NA	NA	NA	NA	NA	NA	NA	NA	NA	NA	NA	NA	NA	NA	NA	NA	NA	NA	NA	NA	NA
562.65268	NA	susceptible	susceptible	resistant	NA	NA	NA	NA	NA	NA	NA	NA	NA	NA	NA	NA	NA	NA	NA	NA	NA	NA	NA	NA	NA	NA	NA	NA	NA	NA	NA	NA	NA	NA	NA	NA	NA	NA	NA
562.65267	NA	susceptible	susceptible	susceptible	NA	NA	NA	NA	NA	NA	NA	NA	NA	NA	NA	NA	NA	NA	NA	NA	NA	NA	NA	NA	NA	NA	NA	NA	NA	NA	NA	NA	NA	NA	NA	NA	NA	NA	NA
562.65266	NA	NA	susceptible	resistant	NA	NA	NA	NA	NA	NA	NA	NA	NA	NA	NA	NA	NA	NA	NA	NA	NA	NA	NA	NA	NA	NA	NA	NA	NA	NA	NA	NA	NA	NA	NA	NA	NA	NA	NA
562.65264	NA	NA	resistant	resistant	NA	NA	NA	NA	NA	NA	NA	NA	NA	NA	NA	NA	NA	NA	NA	NA	NA	NA	NA	NA	NA	NA	NA	NA	NA	NA	NA	NA	NA	NA	NA	NA	NA	NA	NA
562.6546	NA	NA	susceptible	susceptible	NA	NA	NA	NA	NA	NA	NA	NA	NA	NA	NA	NA	NA	NA	NA	NA	NA	NA	NA	NA	NA	NA	NA	NA	NA	NA	NA	NA	NA	NA	NA	NA	NA	NA	NA
562.65464	NA	susceptible	susceptible	resistant	NA	NA	NA	NA	NA	NA	NA	NA	NA	NA	NA	NA	NA	NA	NA	NA	NA	NA	NA	NA	NA	NA	NA	NA	NA	NA	NA	NA	NA	NA	NA	NA	NA	NA	NA
562.65462	NA	susceptible	susceptible	susceptible	NA	NA	NA	NA	NA	NA	NA	NA	NA	NA	NA	NA	NA	NA	NA	NA	NA	NA	NA	NA	NA	NA	NA	NA	NA	NA	NA	NA	NA	NA	NA	NA	NA	NA	NA
562.65636	NA	resistant	resistant	resistant	NA	NA	NA	NA	NA	NA	NA	NA	NA	NA	NA	NA	NA	NA	NA	NA	NA	NA	NA	NA	NA	NA	NA	NA	NA	NA	NA	NA	NA	NA	NA	NA	NA	NA	NA
562.65635	NA	NA	susceptible	susceptible	NA	NA	NA	NA	NA	NA	NA	NA	NA	NA	NA	NA	NA	NA	NA	NA	NA	NA	NA	NA	NA	NA	NA	NA	NA	NA	NA	NA	NA	NA	NA	NA	NA	NA	NA
562.65634	NA	NA	susceptible	susceptible	NA	NA	NA	NA	NA	NA	NA	NA	NA	NA	NA	NA	NA	NA	NA	NA	NA	NA	NA	NA	NA	NA	NA	NA	NA	NA	NA	NA	NA	NA	NA	NA	NA	NA	NA
562.65633	NA	resistant	resistant	resistant	NA	NA	NA	NA	NA	NA	NA	NA	NA	NA	NA	NA	NA	NA	NA	NA	NA	NA	NA	NA	NA	NA	NA	NA	NA	NA	NA	NA	NA	NA	NA	NA	NA	NA	NA
562.65632	NA	NA	susceptible	susceptible	NA	NA	NA	NA	NA	NA	NA	NA	NA	NA	NA	NA	NA	NA	NA	NA	NA	NA	NA	NA	NA	NA	NA	NA	NA	NA	NA	NA	NA	NA	NA	NA	NA	NA	NA
562.65631	NA	susceptible	resistant	resistant	NA	NA	NA	NA	NA	NA	NA	NA	NA	NA	NA	NA	NA	NA	NA	NA	NA	NA	NA	NA	NA	NA	NA	NA	NA	NA	NA	NA	NA	NA	NA	NA	NA	NA	NA
562.65637	NA	NA	susceptible	susceptible	NA	NA	NA	NA	NA	NA	NA	NA	NA	NA	NA	NA	NA	NA	NA	NA	NA	NA	NA	NA	NA	NA	NA	NA	NA	NA	NA	NA	NA	NA	NA	NA	NA	NA	NA
562.6563	NA	NA	resistant	resistant	NA	NA	NA	NA	NA	NA	NA	NA	NA	NA	NA	NA	NA	NA	NA	NA	NA	NA	NA	NA	NA	NA	NA	NA	NA	NA	NA	NA	NA	NA	NA	NA	NA	NA	NA
562.65628	NA	NA	susceptible	susceptible	NA	NA	NA	NA	NA	NA	NA	NA	NA	NA	NA	NA	NA	NA	NA	NA	NA	NA	NA	NA	NA	NA	NA	NA	NA	NA	NA	NA	NA	NA	NA	NA	NA	NA	NA
562.65627	NA	NA	susceptible	resistant	NA	NA	NA	NA	NA	NA	NA	NA	NA	NA	NA	NA	NA	NA	NA	NA	NA	NA	NA	NA	NA	NA	NA	NA	NA	NA	NA	NA	NA	NA	NA	NA	NA	NA	NA
562.65626	NA	NA	susceptible	susceptible	NA	NA	NA	NA	NA	NA	NA	NA	NA	NA	NA	NA	NA	NA	NA	NA	NA	NA	NA	NA	NA	NA	NA	NA	NA	NA	NA	NA	NA	NA	NA	NA	NA	NA	NA
562.65625	NA	NA	resistant	resistant	NA	NA	NA	NA	NA	NA	NA	NA	NA	NA	NA	NA	NA	NA	NA	NA	NA	NA	NA	NA	NA	NA	NA	NA	NA	NA	NA	NA	NA	NA	NA	NA	NA	NA	NA
562.65624	NA	NA	susceptible	susceptible	NA	NA	NA	NA	NA	NA	NA	NA	NA	NA	NA	NA	NA	NA	NA	NA	NA	NA	NA	NA	NA	NA	NA	NA	NA	NA	NA	NA	NA	NA	NA	NA	NA	NA	NA
562.65623	NA	NA	susceptible	susceptible	NA	NA	NA	NA	NA	NA	NA	NA	NA	NA	NA	NA	NA	NA	NA	NA	NA	NA	NA	NA	NA	NA	NA	NA	NA	NA	NA	NA	NA	NA	NA	NA	NA	NA	NA
562.65629	NA	NA	resistant	resistant	NA	NA	NA	NA	NA	NA	NA	NA	NA	NA	NA	NA	NA	NA	NA	NA	NA	NA	NA	NA	NA	NA	NA	NA	NA	NA	NA	NA	NA	NA	NA	NA	NA	NA	NA
562.65622	NA	NA	susceptible	susceptible	NA	NA	NA	NA	NA	NA	NA	NA	NA	NA	NA	NA	NA	NA	NA	NA	NA	NA	NA	NA	NA	NA	NA	NA	NA	NA	NA	NA	NA	NA	NA	NA	NA	NA	NA
562.65638	NA	resistant	resistant	resistant	NA	NA	NA	NA	NA	NA	NA	NA	NA	NA	NA	NA	NA	NA	NA	NA	NA	NA	NA	NA	NA	NA	NA	NA	NA	NA	NA	NA	NA	NA	NA	NA	NA	NA	NA
562.6564	NA	NA	susceptible	susceptible	NA	NA	NA	NA	NA	NA	NA	NA	NA	NA	NA	NA	NA	NA	NA	NA	NA	NA	NA	NA	NA	NA	NA	NA	NA	NA	NA	NA	NA	NA	NA	NA	NA	NA	NA
562.65654	NA	NA	resistant	resistant	NA	NA	NA	NA	NA	NA	NA	NA	NA	NA	NA	NA	NA	NA	NA	NA	NA	NA	NA	NA	NA	NA	NA	NA	NA	NA	NA	NA	NA	NA	NA	NA	NA	NA	NA
562.65653	NA	NA	resistant	resistant	NA	NA	NA	NA	NA	NA	NA	NA	NA	NA	NA	NA	NA	NA	NA	NA	NA	NA	NA	NA	NA	NA	NA	NA	NA	NA	NA	NA	NA	NA	NA	NA	NA	NA	NA
562.65652	NA	NA	susceptible	susceptible	NA	NA	NA	NA	NA	NA	NA	NA	NA	NA	NA	NA	NA	NA	NA	NA	NA	NA	NA	NA	NA	NA	NA	NA	NA	NA	NA	NA	NA	NA	NA	NA	NA	NA	NA
562.65651	NA	NA	susceptible	susceptible	NA	NA	NA	NA	NA	NA	NA	NA	NA	NA	NA	NA	NA	NA	NA	NA	NA	NA	NA	NA	NA	NA	NA	NA	NA	NA	NA	NA	NA	NA	NA	NA	NA	NA	NA
562.6565	NA	resistant	resistant	resistant	NA	NA	NA	NA	NA	NA	NA	NA	NA	NA	NA	NA	NA	NA	NA	NA	NA	NA	NA	NA	NA	NA	NA	NA	NA	NA	NA	NA	NA	NA	NA	NA	NA	NA	NA
562.65649	NA	NA	susceptible	susceptible	NA	NA	NA	NA	NA	NA	NA	NA	NA	NA	NA	NA	NA	NA	NA	NA	NA	NA	NA	NA	NA	NA	NA	NA	NA	NA	NA	NA	NA	NA	NA	NA	NA	NA	NA
562.65639	NA	NA	susceptible	susceptible	NA	NA	NA	NA	NA	NA	NA	NA	NA	NA	NA	NA	NA	NA	NA	NA	NA	NA	NA	NA	NA	NA	NA	NA	NA	NA	NA	NA	NA	NA	NA	NA	NA	NA	NA
562.65648	NA	NA	resistant	susceptible	NA	NA	NA	NA	NA	NA	NA	NA	NA	NA	NA	NA	NA	NA	NA	NA	NA	NA	NA	NA	NA	NA	NA	NA	NA	NA	NA	NA	NA	NA	NA	NA	NA	NA	NA
562.65646	NA	NA	susceptible	resistant	NA	NA	NA	NA	NA	NA	NA	NA	NA	NA	NA	NA	NA	NA	NA	NA	NA	NA	NA	NA	NA	NA	NA	NA	NA	NA	NA	NA	NA	NA	NA	NA	NA	NA	NA
562.65645	NA	resistant	resistant	resistant	NA	NA	NA	NA	NA	NA	NA	NA	NA	NA	NA	NA	NA	NA	NA	NA	NA	NA	NA	NA	NA	NA	NA	NA	NA	NA	NA	NA	NA	NA	NA	NA	NA	NA	NA
562.65644	NA	NA	susceptible	susceptible	NA	NA	NA	NA	NA	NA	NA	NA	NA	NA	NA	NA	NA	NA	NA	NA	NA	NA	NA	NA	NA	NA	NA	NA	NA	NA	NA	NA	NA	NA	NA	NA	NA	NA	NA
562.65643	NA	NA	resistant	resistant	NA	NA	NA	NA	NA	NA	NA	NA	NA	NA	NA	NA	NA	NA	NA	NA	NA	NA	NA	NA	NA	NA	NA	NA	NA	NA	NA	NA	NA	NA	NA	NA	NA	NA	NA
562.65642	NA	NA	susceptible	susceptible	NA	NA	NA	NA	NA	NA	NA	NA	NA	NA	NA	NA	NA	NA	NA	NA	NA	NA	NA	NA	NA	NA	NA	NA	NA	NA	NA	NA	NA	NA	NA	NA	NA	NA	NA
562.65641	NA	NA	resistant	resistant	NA	NA	NA	NA	NA	NA	NA	NA	NA	NA	NA	NA	NA	NA	NA	NA	NA	NA	NA	NA	NA	NA	NA	NA	NA	NA	NA	NA	NA	NA	NA	NA	NA	NA	NA
562.65647	NA	NA	resistant	resistant	NA	NA	NA	NA	NA	NA	NA	NA	NA	NA	NA	NA	NA	NA	NA	NA	NA	NA	NA	NA	NA	NA	NA	NA	NA	NA	NA	NA	NA	NA	NA	NA	NA	NA	NA
562.65621	NA	NA	susceptible	susceptible	NA	NA	NA	NA	NA	NA	NA	NA	NA	NA	NA	NA	NA	NA	NA	NA	NA	NA	NA	NA	NA	NA	NA	NA	NA	NA	NA	NA	NA	NA	NA	NA	NA	NA	NA
562.6562	NA	NA	susceptible	susceptible	NA	NA	NA	NA	NA	NA	NA	NA	NA	NA	NA	NA	NA	NA	NA	NA	NA	NA	NA	NA	NA	NA	NA	NA	NA	NA	NA	NA	NA	NA	NA	NA	NA	NA	NA
562.65619	NA	NA	susceptible	susceptible	NA	NA	NA	NA	NA	NA	NA	NA	NA	NA	NA	NA	NA	NA	NA	NA	NA	NA	NA	NA	NA	NA	NA	NA	NA	NA	NA	NA	NA	NA	NA	NA	NA	NA	NA
562.65599	NA	NA	susceptible	susceptible	NA	NA	NA	NA	NA	NA	NA	NA	NA	NA	NA	NA	NA	NA	NA	NA	NA	NA	NA	NA	NA	NA	NA	NA	NA	NA	NA	NA	NA	NA	NA	NA	NA	NA	NA
562.65598	NA	susceptible	susceptible	resistant	NA	NA	NA	NA	NA	NA	NA	NA	NA	NA	NA	NA	NA	NA	NA	NA	NA	NA	NA	NA	NA	NA	NA	NA	NA	NA	NA	NA	NA	NA	NA	NA	NA	NA	NA
562.65597	NA	NA	susceptible	susceptible	NA	NA	NA	NA	NA	NA	NA	NA	NA	NA	NA	NA	NA	NA	NA	NA	NA	NA	NA	NA	NA	NA	NA	NA	NA	NA	NA	NA	NA	NA	NA	NA	NA	NA	NA
562.65596	NA	resistant	resistant	resistant	NA	NA	NA	NA	NA	NA	NA	NA	NA	NA	NA	NA	NA	NA	NA	NA	NA	NA	NA	NA	NA	NA	NA	NA	NA	NA	NA	NA	NA	NA	NA	NA	NA	NA	NA
562.65595	NA	NA	resistant	resistant	NA	NA	NA	NA	NA	NA	NA	NA	NA	NA	NA	NA	NA	NA	NA	NA	NA	NA	NA	NA	NA	NA	NA	NA	NA	NA	NA	NA	NA	NA	NA	NA	NA	NA	NA
562.65594	NA	susceptible	susceptible	resistant	NA	NA	NA	NA	NA	NA	NA	NA	NA	NA	NA	NA	NA	NA	NA	NA	NA	NA	NA	NA	NA	NA	NA	NA	NA	NA	NA	NA	NA	NA	NA	NA	NA	NA	NA
562.656	NA	NA	resistant	resistant	NA	NA	NA	NA	NA	NA	NA	NA	NA	NA	NA	NA	NA	NA	NA	NA	NA	NA	NA	NA	NA	NA	NA	NA	NA	NA	NA	NA	NA	NA	NA	NA	NA	NA	NA
562.65593	NA	NA	susceptible	susceptible	NA	NA	NA	NA	NA	NA	NA	NA	NA	NA	NA	NA	NA	NA	NA	NA	NA	NA	NA	NA	NA	NA	NA	NA	NA	NA	NA	NA	NA	NA	NA	NA	NA	NA	NA
562.65589	NA	NA	susceptible	susceptible	NA	NA	NA	NA	NA	NA	NA	NA	NA	NA	NA	NA	NA	NA	NA	NA	NA	NA	NA	NA	NA	NA	NA	NA	NA	NA	NA	NA	NA	NA	NA	NA	NA	NA	NA
562.65588	NA	resistant	resistant	resistant	NA	NA	NA	NA	NA	NA	NA	NA	NA	NA	NA	NA	NA	NA	NA	NA	NA	NA	NA	NA	NA	NA	NA	NA	NA	NA	NA	NA	NA	NA	NA	NA	NA	NA	NA
562.65587	NA	NA	susceptible	susceptible	NA	NA	NA	NA	NA	NA	NA	NA	NA	NA	NA	NA	NA	NA	NA	NA	NA	NA	NA	NA	NA	NA	NA	NA	NA	NA	NA	NA	NA	NA	NA	NA	NA	NA	NA
562.65586	NA	NA	susceptible	susceptible	NA	NA	NA	NA	NA	NA	NA	NA	NA	NA	NA	NA	NA	NA	NA	NA	NA	NA	NA	NA	NA	NA	NA	NA	NA	NA	NA	NA	NA	NA	NA	NA	NA	NA	NA
562.65584	NA	NA	susceptible	resistant	NA	NA	NA	NA	NA	NA	NA	NA	NA	NA	NA	NA	NA	NA	NA	NA	NA	NA	NA	NA	NA	NA	NA	NA	NA	NA	NA	NA	NA	NA	NA	NA	NA	NA	NA
562.6559	NA	susceptible	susceptible	resistant	NA	NA	NA	NA	NA	NA	NA	NA	NA	NA	NA	NA	NA	NA	NA	NA	NA	NA	NA	NA	NA	NA	NA	NA	NA	NA	NA	NA	NA	NA	NA	NA	NA	NA	NA
562.65601	NA	NA	susceptible	susceptible	NA	NA	NA	NA	NA	NA	NA	NA	NA	NA	NA	NA	NA	NA	NA	NA	NA	NA	NA	NA	NA	NA	NA	NA	NA	NA	NA	NA	NA	NA	NA	NA	NA	NA	NA
562.65602	NA	NA	resistant	resistant	NA	NA	NA	NA	NA	NA	NA	NA	NA	NA	NA	NA	NA	NA	NA	NA	NA	NA	NA	NA	NA	NA	NA	NA	NA	NA	NA	NA	NA	NA	NA	NA	NA	NA	NA
562.65603	NA	NA	susceptible	susceptible	NA	NA	NA	NA	NA	NA	NA	NA	NA	NA	NA	NA	NA	NA	NA	NA	NA	NA	NA	NA	NA	NA	NA	NA	NA	NA	NA	NA	NA	NA	NA	NA	NA	NA	NA
562.65618	NA	NA	resistant	resistant	NA	NA	NA	NA	NA	NA	NA	NA	NA	NA	NA	NA	NA	NA	NA	NA	NA	NA	NA	NA	NA	NA	NA	NA	NA	NA	NA	NA	NA	NA	NA	NA	NA	NA	NA
562.65617	NA	NA	susceptible	susceptible	NA	NA	NA	NA	NA	NA	NA	NA	NA	NA	NA	NA	NA	NA	NA	NA	NA	NA	NA	NA	NA	NA	NA	NA	NA	NA	NA	NA	NA	NA	NA	NA	NA	NA	NA
562.65616	NA	susceptible	susceptible	susceptible	NA	NA	NA	NA	NA	NA	NA	NA	NA	NA	NA	NA	NA	NA	NA	NA	NA	NA	NA	NA	NA	NA	NA	NA	NA	NA	NA	NA	NA	NA	NA	NA	NA	NA	NA
562.65615	NA	NA	susceptible	resistant	NA	NA	NA	NA	NA	NA	NA	NA	NA	NA	NA	NA	NA	NA	NA	NA	NA	NA	NA	NA	NA	NA	NA	NA	NA	NA	NA	NA	NA	NA	NA	NA	NA	NA	NA
562.65614	NA	NA	susceptible	susceptible	NA	NA	NA	NA	NA	NA	NA	NA	NA	NA	NA	NA	NA	NA	NA	NA	NA	NA	NA	NA	NA	NA	NA	NA	NA	NA	NA	NA	NA	NA	NA	NA	NA	NA	NA
562.65613	NA	susceptible	susceptible	resistant	NA	NA	NA	NA	NA	NA	NA	NA	NA	NA	NA	NA	NA	NA	NA	NA	NA	NA	NA	NA	NA	NA	NA	NA	NA	NA	NA	NA	NA	NA	NA	NA	NA	NA	NA
562.65612	NA	susceptible	susceptible	resistant	NA	NA	NA	NA	NA	NA	NA	NA	NA	NA	NA	NA	NA	NA	NA	NA	NA	NA	NA	NA	NA	NA	NA	NA	NA	NA	NA	NA	NA	NA	NA	NA	NA	NA	NA
562.65611	NA	susceptible	susceptible	resistant	NA	NA	NA	NA	NA	NA	NA	NA	NA	NA	NA	NA	NA	NA	NA	NA	NA	NA	NA	NA	NA	NA	NA	NA	NA	NA	NA	NA	NA	NA	NA	NA	NA	NA	NA
562.6561	NA	NA	resistant	resistant	NA	NA	NA	NA	NA	NA	NA	NA	NA	NA	NA	NA	NA	NA	NA	NA	NA	NA	NA	NA	NA	NA	NA	NA	NA	NA	NA	NA	NA	NA	NA	NA	NA	NA	NA
562.65609	NA	NA	susceptible	susceptible	NA	NA	NA	NA	NA	NA	NA	NA	NA	NA	NA	NA	NA	NA	NA	NA	NA	NA	NA	NA	NA	NA	NA	NA	NA	NA	NA	NA	NA	NA	NA	NA	NA	NA	NA
562.65608	NA	susceptible	susceptible	susceptible	NA	NA	NA	NA	NA	NA	NA	NA	NA	NA	NA	NA	NA	NA	NA	NA	NA	NA	NA	NA	NA	NA	NA	NA	NA	NA	NA	NA	NA	NA	NA	NA	NA	NA	NA
562.65607	NA	NA	susceptible	susceptible	NA	NA	NA	NA	NA	NA	NA	NA	NA	NA	NA	NA	NA	NA	NA	NA	NA	NA	NA	NA	NA	NA	NA	NA	NA	NA	NA	NA	NA	NA	NA	NA	NA	NA	NA
562.65606	NA	NA	resistant	resistant	NA	NA	NA	NA	NA	NA	NA	NA	NA	NA	NA	NA	NA	NA	NA	NA	NA	NA	NA	NA	NA	NA	NA	NA	NA	NA	NA	NA	NA	NA	NA	NA	NA	NA	NA
562.65605	NA	resistant	resistant	resistant	NA	NA	NA	NA	NA	NA	NA	NA	NA	NA	NA	NA	NA	NA	NA	NA	NA	NA	NA	NA	NA	NA	NA	NA	NA	NA	NA	NA	NA	NA	NA	NA	NA	NA	NA
562.65604	NA	NA	resistant	resistant	NA	NA	NA	NA	NA	NA	NA	NA	NA	NA	NA	NA	NA	NA	NA	NA	NA	NA	NA	NA	NA	NA	NA	NA	NA	NA	NA	NA	NA	NA	NA	NA	NA	NA	NA
562.65655	NA	NA	susceptible	resistant	NA	NA	NA	NA	NA	NA	NA	NA	NA	NA	NA	NA	NA	NA	NA	NA	NA	NA	NA	NA	NA	NA	NA	NA	NA	NA	NA	NA	NA	NA	NA	NA	NA	NA	NA
562.65583	NA	susceptible	resistant	resistant	NA	NA	NA	NA	NA	NA	NA	NA	NA	NA	NA	NA	NA	NA	NA	NA	NA	NA	NA	NA	NA	NA	NA	NA	NA	NA	NA	NA	NA	NA	NA	NA	NA	NA	NA
562.65656	NA	NA	susceptible	resistant	NA	NA	NA	NA	NA	NA	NA	NA	NA	NA	NA	NA	NA	NA	NA	NA	NA	NA	NA	NA	NA	NA	NA	NA	NA	NA	NA	NA	NA	NA	NA	NA	NA	NA	NA
562.65658	NA	susceptible	susceptible	susceptible	NA	NA	NA	NA	NA	NA	NA	NA	NA	NA	NA	NA	NA	NA	NA	NA	NA	NA	NA	NA	NA	NA	NA	NA	NA	NA	NA	NA	NA	NA	NA	NA	NA	NA	NA
562.65709	NA	NA	susceptible	susceptible	NA	NA	NA	NA	NA	NA	NA	NA	NA	NA	NA	NA	NA	NA	NA	NA	NA	NA	NA	NA	NA	NA	NA	NA	NA	NA	NA	NA	NA	NA	NA	NA	NA	NA	NA
562.65708	NA	NA	susceptible	susceptible	NA	NA	NA	NA	NA	NA	NA	NA	NA	NA	NA	NA	NA	NA	NA	NA	NA	NA	NA	NA	NA	NA	NA	NA	NA	NA	NA	NA	NA	NA	NA	NA	NA	NA	NA
562.65707	NA	NA	susceptible	resistant	NA	NA	NA	NA	NA	NA	NA	NA	NA	NA	NA	NA	NA	NA	NA	NA	NA	NA	NA	NA	NA	NA	NA	NA	NA	NA	NA	NA	NA	NA	NA	NA	NA	NA	NA
562.65706	NA	NA	susceptible	susceptible	NA	NA	NA	NA	NA	NA	NA	NA	NA	NA	NA	NA	NA	NA	NA	NA	NA	NA	NA	NA	NA	NA	NA	NA	NA	NA	NA	NA	NA	NA	NA	NA	NA	NA	NA
562.65705	NA	NA	susceptible	susceptible	NA	NA	NA	NA	NA	NA	NA	NA	NA	NA	NA	NA	NA	NA	NA	NA	NA	NA	NA	NA	NA	NA	NA	NA	NA	NA	NA	NA	NA	NA	NA	NA	NA	NA	NA
562.65704	NA	susceptible	susceptible	resistant	NA	NA	NA	NA	NA	NA	NA	NA	NA	NA	NA	NA	NA	NA	NA	NA	NA	NA	NA	NA	NA	NA	NA	NA	NA	NA	NA	NA	NA	NA	NA	NA	NA	NA	NA
562.6571	NA	resistant	resistant	resistant	NA	NA	NA	NA	NA	NA	NA	NA	NA	NA	NA	NA	NA	NA	NA	NA	NA	NA	NA	NA	NA	NA	NA	NA	NA	NA	NA	NA	NA	NA	NA	NA	NA	NA	NA
562.65703	NA	NA	susceptible	susceptible	NA	NA	NA	NA	NA	NA	NA	NA	NA	NA	NA	NA	NA	NA	NA	NA	NA	NA	NA	NA	NA	NA	NA	NA	NA	NA	NA	NA	NA	NA	NA	NA	NA	NA	NA
562.65701	NA	NA	susceptible	susceptible	NA	NA	NA	NA	NA	NA	NA	NA	NA	NA	NA	NA	NA	NA	NA	NA	NA	NA	NA	NA	NA	NA	NA	NA	NA	NA	NA	NA	NA	NA	NA	NA	NA	NA	NA
562.657	NA	NA	susceptible	susceptible	NA	NA	NA	NA	NA	NA	NA	NA	NA	NA	NA	NA	NA	NA	NA	NA	NA	NA	NA	NA	NA	NA	NA	NA	NA	NA	NA	NA	NA	NA	NA	NA	NA	NA	NA
562.65699	NA	NA	susceptible	susceptible	NA	NA	NA	NA	NA	NA	NA	NA	NA	NA	NA	NA	NA	NA	NA	NA	NA	NA	NA	NA	NA	NA	NA	NA	NA	NA	NA	NA	NA	NA	NA	NA	NA	NA	NA
562.65698	NA	NA	resistant	resistant	NA	NA	NA	NA	NA	NA	NA	NA	NA	NA	NA	NA	NA	NA	NA	NA	NA	NA	NA	NA	NA	NA	NA	NA	NA	NA	NA	NA	NA	NA	NA	NA	NA	NA	NA
562.65697	NA	NA	resistant	resistant	NA	NA	NA	NA	NA	NA	NA	NA	NA	NA	NA	NA	NA	NA	NA	NA	NA	NA	NA	NA	NA	NA	NA	NA	NA	NA	NA	NA	NA	NA	NA	NA	NA	NA	NA
562.65696	NA	NA	susceptible	susceptible	NA	NA	NA	NA	NA	NA	NA	NA	NA	NA	NA	NA	NA	NA	NA	NA	NA	NA	NA	NA	NA	NA	NA	NA	NA	NA	NA	NA	NA	NA	NA	NA	NA	NA	NA
562.65702	NA	resistant	resistant	resistant	NA	NA	NA	NA	NA	NA	NA	NA	NA	NA	NA	NA	NA	NA	NA	NA	NA	NA	NA	NA	NA	NA	NA	NA	NA	NA	NA	NA	NA	NA	NA	NA	NA	NA	NA
562.65695	NA	resistant	resistant	resistant	NA	NA	NA	NA	NA	NA	NA	NA	NA	NA	NA	NA	NA	NA	NA	NA	NA	NA	NA	NA	NA	NA	NA	NA	NA	NA	NA	NA	NA	NA	NA	NA	NA	NA	NA
562.65711	NA	NA	susceptible	susceptible	NA	NA	NA	NA	NA	NA	NA	NA	NA	NA	NA	NA	NA	NA	NA	NA	NA	NA	NA	NA	NA	NA	NA	NA	NA	NA	NA	NA	NA	NA	NA	NA	NA	NA	NA
562.65713	NA	NA	susceptible	susceptible	NA	NA	NA	NA	NA	NA	NA	NA	NA	NA	NA	NA	NA	NA	NA	NA	NA	NA	NA	NA	NA	NA	NA	NA	NA	NA	NA	NA	NA	NA	NA	NA	NA	NA	NA
562.65727	NA	NA	susceptible	susceptible	NA	NA	NA	NA	NA	NA	NA	NA	NA	NA	NA	NA	NA	NA	NA	NA	NA	NA	NA	NA	NA	NA	NA	NA	NA	NA	NA	NA	NA	NA	NA	NA	NA	NA	NA
562.65726	NA	susceptible	resistant	resistant	NA	NA	NA	NA	NA	NA	NA	NA	NA	NA	NA	NA	NA	NA	NA	NA	NA	NA	NA	NA	NA	NA	NA	NA	NA	NA	NA	NA	NA	NA	NA	NA	NA	NA	NA
562.65725	NA	resistant	resistant	resistant	NA	NA	NA	NA	NA	NA	NA	NA	NA	NA	NA	NA	NA	NA	NA	NA	NA	NA	NA	NA	NA	NA	NA	NA	NA	NA	NA	NA	NA	NA	NA	NA	NA	NA	NA
562.65724	NA	NA	susceptible	susceptible	NA	NA	NA	NA	NA	NA	NA	NA	NA	NA	NA	NA	NA	NA	NA	NA	NA	NA	NA	NA	NA	NA	NA	NA	NA	NA	NA	NA	NA	NA	NA	NA	NA	NA	NA
562.65723	NA	resistant	resistant	resistant	NA	NA	NA	NA	NA	NA	NA	NA	NA	NA	NA	NA	NA	NA	NA	NA	NA	NA	NA	NA	NA	NA	NA	NA	NA	NA	NA	NA	NA	NA	NA	NA	NA	NA	NA
562.65722	NA	resistant	resistant	resistant	NA	NA	NA	NA	NA	NA	NA	NA	NA	NA	NA	NA	NA	NA	NA	NA	NA	NA	NA	NA	NA	NA	NA	NA	NA	NA	NA	NA	NA	NA	NA	NA	NA	NA	NA
562.65712	NA	NA	susceptible	susceptible	NA	NA	NA	NA	NA	NA	NA	NA	NA	NA	NA	NA	NA	NA	NA	NA	NA	NA	NA	NA	NA	NA	NA	NA	NA	NA	NA	NA	NA	NA	NA	NA	NA	NA	NA
562.65721	NA	NA	susceptible	susceptible	NA	NA	NA	NA	NA	NA	NA	NA	NA	NA	NA	NA	NA	NA	NA	NA	NA	NA	NA	NA	NA	NA	NA	NA	NA	NA	NA	NA	NA	NA	NA	NA	NA	NA	NA
562.65719	NA	NA	susceptible	susceptible	NA	NA	NA	NA	NA	NA	NA	NA	NA	NA	NA	NA	NA	NA	NA	NA	NA	NA	NA	NA	NA	NA	NA	NA	NA	NA	NA	NA	NA	NA	NA	NA	NA	NA	NA
562.65718	NA	NA	susceptible	susceptible	NA	NA	NA	NA	NA	NA	NA	NA	NA	NA	NA	NA	NA	NA	NA	NA	NA	NA	NA	NA	NA	NA	NA	NA	NA	NA	NA	NA	NA	NA	NA	NA	NA	NA	NA
562.65717	NA	NA	susceptible	susceptible	NA	NA	NA	NA	NA	NA	NA	NA	NA	NA	NA	NA	NA	NA	NA	NA	NA	NA	NA	NA	NA	NA	NA	NA	NA	NA	NA	NA	NA	NA	NA	NA	NA	NA	NA
562.65716	NA	resistant	resistant	resistant	NA	NA	NA	NA	NA	NA	NA	NA	NA	NA	NA	NA	NA	NA	NA	NA	NA	NA	NA	NA	NA	NA	NA	NA	NA	NA	NA	NA	NA	NA	NA	NA	NA	NA	NA
562.65715	NA	NA	susceptible	susceptible	NA	NA	NA	NA	NA	NA	NA	NA	NA	NA	NA	NA	NA	NA	NA	NA	NA	NA	NA	NA	NA	NA	NA	NA	NA	NA	NA	NA	NA	NA	NA	NA	NA	NA	NA
562.65714	NA	NA	susceptible	susceptible	NA	NA	NA	NA	NA	NA	NA	NA	NA	NA	NA	NA	NA	NA	NA	NA	NA	NA	NA	NA	NA	NA	NA	NA	NA	NA	NA	NA	NA	NA	NA	NA	NA	NA	NA
562.6572	NA	resistant	resistant	resistant	NA	NA	NA	NA	NA	NA	NA	NA	NA	NA	NA	NA	NA	NA	NA	NA	NA	NA	NA	NA	NA	NA	NA	NA	NA	NA	NA	NA	NA	NA	NA	NA	NA	NA	NA
562.65694	NA	resistant	resistant	resistant	NA	NA	NA	NA	NA	NA	NA	NA	NA	NA	NA	NA	NA	NA	NA	NA	NA	NA	NA	NA	NA	NA	NA	NA	NA	NA	NA	NA	NA	NA	NA	NA	NA	NA	NA
562.65693	NA	NA	resistant	resistant	NA	NA	NA	NA	NA	NA	NA	NA	NA	NA	NA	NA	NA	NA	NA	NA	NA	NA	NA	NA	NA	NA	NA	NA	NA	NA	NA	NA	NA	NA	NA	NA	NA	NA	NA
562.65692	NA	NA	susceptible	resistant	NA	NA	NA	NA	NA	NA	NA	NA	NA	NA	NA	NA	NA	NA	NA	NA	NA	NA	NA	NA	NA	NA	NA	NA	NA	NA	NA	NA	NA	NA	NA	NA	NA	NA	NA
562.65672	NA	NA	susceptible	susceptible	NA	NA	NA	NA	NA	NA	NA	NA	NA	NA	NA	NA	NA	NA	NA	NA	NA	NA	NA	NA	NA	NA	NA	NA	NA	NA	NA	NA	NA	NA	NA	NA	NA	NA	NA
562.65671	NA	resistant	resistant	resistant	NA	NA	NA	NA	NA	NA	NA	NA	NA	NA	NA	NA	NA	NA	NA	NA	NA	NA	NA	NA	NA	NA	NA	NA	NA	NA	NA	NA	NA	NA	NA	NA	NA	NA	NA
562.6567	NA	NA	susceptible	susceptible	NA	NA	NA	NA	NA	NA	NA	NA	NA	NA	NA	NA	NA	NA	NA	NA	NA	NA	NA	NA	NA	NA	NA	NA	NA	NA	NA	NA	NA	NA	NA	NA	NA	NA	NA
562.65669	NA	NA	resistant	resistant	NA	NA	NA	NA	NA	NA	NA	NA	NA	NA	NA	NA	NA	NA	NA	NA	NA	NA	NA	NA	NA	NA	NA	NA	NA	NA	NA	NA	NA	NA	NA	NA	NA	NA	NA
562.65668	NA	NA	susceptible	susceptible	NA	NA	NA	NA	NA	NA	NA	NA	NA	NA	NA	NA	NA	NA	NA	NA	NA	NA	NA	NA	NA	NA	NA	NA	NA	NA	NA	NA	NA	NA	NA	NA	NA	NA	NA
562.65667	NA	resistant	resistant	resistant	NA	NA	NA	NA	NA	NA	NA	NA	NA	NA	NA	NA	NA	NA	NA	NA	NA	NA	NA	NA	NA	NA	NA	NA	NA	NA	NA	NA	NA	NA	NA	NA	NA	NA	NA
562.65673	NA	resistant	resistant	resistant	NA	NA	NA	NA	NA	NA	NA	NA	NA	NA	NA	NA	NA	NA	NA	NA	NA	NA	NA	NA	NA	NA	NA	NA	NA	NA	NA	NA	NA	NA	NA	NA	NA	NA	NA
562.65666	NA	NA	susceptible	susceptible	NA	NA	NA	NA	NA	NA	NA	NA	NA	NA	NA	NA	NA	NA	NA	NA	NA	NA	NA	NA	NA	NA	NA	NA	NA	NA	NA	NA	NA	NA	NA	NA	NA	NA	NA
562.65664	NA	NA	susceptible	resistant	NA	NA	NA	NA	NA	NA	NA	NA	NA	NA	NA	NA	NA	NA	NA	NA	NA	NA	NA	NA	NA	NA	NA	NA	NA	NA	NA	NA	NA	NA	NA	NA	NA	NA	NA
562.65663	NA	NA	susceptible	susceptible	NA	NA	NA	NA	NA	NA	NA	NA	NA	NA	NA	NA	NA	NA	NA	NA	NA	NA	NA	NA	NA	NA	NA	NA	NA	NA	NA	NA	NA	NA	NA	NA	NA	NA	NA
562.65662	NA	resistant	resistant	resistant	NA	NA	NA	NA	NA	NA	NA	NA	NA	NA	NA	NA	NA	NA	NA	NA	NA	NA	NA	NA	NA	NA	NA	NA	NA	NA	NA	NA	NA	NA	NA	NA	NA	NA	NA
562.65661	NA	NA	resistant	resistant	NA	NA	NA	NA	NA	NA	NA	NA	NA	NA	NA	NA	NA	NA	NA	NA	NA	NA	NA	NA	NA	NA	NA	NA	NA	NA	NA	NA	NA	NA	NA	NA	NA	NA	NA
562.6566	NA	NA	susceptible	susceptible	NA	NA	NA	NA	NA	NA	NA	NA	NA	NA	NA	NA	NA	NA	NA	NA	NA	NA	NA	NA	NA	NA	NA	NA	NA	NA	NA	NA	NA	NA	NA	NA	NA	NA	NA
562.65659	NA	NA	susceptible	susceptible	NA	NA	NA	NA	NA	NA	NA	NA	NA	NA	NA	NA	NA	NA	NA	NA	NA	NA	NA	NA	NA	NA	NA	NA	NA	NA	NA	NA	NA	NA	NA	NA	NA	NA	NA
562.65665	NA	susceptible	susceptible	susceptible	NA	NA	NA	NA	NA	NA	NA	NA	NA	NA	NA	NA	NA	NA	NA	NA	NA	NA	NA	NA	NA	NA	NA	NA	NA	NA	NA	NA	NA	NA	NA	NA	NA	NA	NA
562.65674	NA	susceptible	susceptible	resistant	NA	NA	NA	NA	NA	NA	NA	NA	NA	NA	NA	NA	NA	NA	NA	NA	NA	NA	NA	NA	NA	NA	NA	NA	NA	NA	NA	NA	NA	NA	NA	NA	NA	NA	NA
562.65675	NA	NA	susceptible	susceptible	NA	NA	NA	NA	NA	NA	NA	NA	NA	NA	NA	NA	NA	NA	NA	NA	NA	NA	NA	NA	NA	NA	NA	NA	NA	NA	NA	NA	NA	NA	NA	NA	NA	NA	NA
562.65676	NA	NA	susceptible	susceptible	NA	NA	NA	NA	NA	NA	NA	NA	NA	NA	NA	NA	NA	NA	NA	NA	NA	NA	NA	NA	NA	NA	NA	NA	NA	NA	NA	NA	NA	NA	NA	NA	NA	NA	NA
562.65691	NA	resistant	resistant	resistant	NA	NA	NA	NA	NA	NA	NA	NA	NA	NA	NA	NA	NA	NA	NA	NA	NA	NA	NA	NA	NA	NA	NA	NA	NA	NA	NA	NA	NA	NA	NA	NA	NA	NA	NA
562.6569	NA	NA	susceptible	susceptible	NA	NA	NA	NA	NA	NA	NA	NA	NA	NA	NA	NA	NA	NA	NA	NA	NA	NA	NA	NA	NA	NA	NA	NA	NA	NA	NA	NA	NA	NA	NA	NA	NA	NA	NA
562.65689	NA	NA	susceptible	susceptible	NA	NA	NA	NA	NA	NA	NA	NA	NA	NA	NA	NA	NA	NA	NA	NA	NA	NA	NA	NA	NA	NA	NA	NA	NA	NA	NA	NA	NA	NA	NA	NA	NA	NA	NA
562.65688	NA	susceptible	susceptible	susceptible	NA	NA	NA	NA	NA	NA	NA	NA	NA	NA	NA	NA	NA	NA	NA	NA	NA	NA	NA	NA	NA	NA	NA	NA	NA	NA	NA	NA	NA	NA	NA	NA	NA	NA	NA
562.65687	NA	NA	resistant	resistant	NA	NA	NA	NA	NA	NA	NA	NA	NA	NA	NA	NA	NA	NA	NA	NA	NA	NA	NA	NA	NA	NA	NA	NA	NA	NA	NA	NA	NA	NA	NA	NA	NA	NA	NA
562.65686	NA	susceptible	susceptible	susceptible	NA	NA	NA	NA	NA	NA	NA	NA	NA	NA	NA	NA	NA	NA	NA	NA	NA	NA	NA	NA	NA	NA	NA	NA	NA	NA	NA	NA	NA	NA	NA	NA	NA	NA	NA
562.65685	NA	NA	resistant	resistant	NA	NA	NA	NA	NA	NA	NA	NA	NA	NA	NA	NA	NA	NA	NA	NA	NA	NA	NA	NA	NA	NA	NA	NA	NA	NA	NA	NA	NA	NA	NA	NA	NA	NA	NA
562.65684	NA	NA	susceptible	susceptible	NA	NA	NA	NA	NA	NA	NA	NA	NA	NA	NA	NA	NA	NA	NA	NA	NA	NA	NA	NA	NA	NA	NA	NA	NA	NA	NA	NA	NA	NA	NA	NA	NA	NA	NA
562.65683	NA	NA	resistant	resistant	NA	NA	NA	NA	NA	NA	NA	NA	NA	NA	NA	NA	NA	NA	NA	NA	NA	NA	NA	NA	NA	NA	NA	NA	NA	NA	NA	NA	NA	NA	NA	NA	NA	NA	NA
562.65682	NA	susceptible	susceptible	susceptible	NA	NA	NA	NA	NA	NA	NA	NA	NA	NA	NA	NA	NA	NA	NA	NA	NA	NA	NA	NA	NA	NA	NA	NA	NA	NA	NA	NA	NA	NA	NA	NA	NA	NA	NA
562.65681	NA	NA	resistant	resistant	NA	NA	NA	NA	NA	NA	NA	NA	NA	NA	NA	NA	NA	NA	NA	NA	NA	NA	NA	NA	NA	NA	NA	NA	NA	NA	NA	NA	NA	NA	NA	NA	NA	NA	NA
562.6568	NA	NA	resistant	resistant	NA	NA	NA	NA	NA	NA	NA	NA	NA	NA	NA	NA	NA	NA	NA	NA	NA	NA	NA	NA	NA	NA	NA	NA	NA	NA	NA	NA	NA	NA	NA	NA	NA	NA	NA
562.65679	NA	NA	susceptible	susceptible	NA	NA	NA	NA	NA	NA	NA	NA	NA	NA	NA	NA	NA	NA	NA	NA	NA	NA	NA	NA	NA	NA	NA	NA	NA	NA	NA	NA	NA	NA	NA	NA	NA	NA	NA
562.65678	NA	NA	resistant	resistant	NA	NA	NA	NA	NA	NA	NA	NA	NA	NA	NA	NA	NA	NA	NA	NA	NA	NA	NA	NA	NA	NA	NA	NA	NA	NA	NA	NA	NA	NA	NA	NA	NA	NA	NA
562.65677	NA	resistant	resistant	resistant	NA	NA	NA	NA	NA	NA	NA	NA	NA	NA	NA	NA	NA	NA	NA	NA	NA	NA	NA	NA	NA	NA	NA	NA	NA	NA	NA	NA	NA	NA	NA	NA	NA	NA	NA
562.65657	NA	NA	susceptible	resistant	NA	NA	NA	NA	NA	NA	NA	NA	NA	NA	NA	NA	NA	NA	NA	NA	NA	NA	NA	NA	NA	NA	NA	NA	NA	NA	NA	NA	NA	NA	NA	NA	NA	NA	NA
562.65581	NA	NA	susceptible	susceptible	NA	NA	NA	NA	NA	NA	NA	NA	NA	NA	NA	NA	NA	NA	NA	NA	NA	NA	NA	NA	NA	NA	NA	NA	NA	NA	NA	NA	NA	NA	NA	NA	NA	NA	NA
562.6558	NA	NA	susceptible	susceptible	NA	NA	NA	NA	NA	NA	NA	NA	NA	NA	NA	NA	NA	NA	NA	NA	NA	NA	NA	NA	NA	NA	NA	NA	NA	NA	NA	NA	NA	NA	NA	NA	NA	NA	NA
562.65579	NA	NA	resistant	resistant	NA	NA	NA	NA	NA	NA	NA	NA	NA	NA	NA	NA	NA	NA	NA	NA	NA	NA	NA	NA	NA	NA	NA	NA	NA	NA	NA	NA	NA	NA	NA	NA	NA	NA	NA
562.5729	NA	NA	NA	resistant	NA	NA	NA	resistant	NA	NA	resistant	NA	NA	resistant	NA	NA	resistant	NA	resistant	NA	NA	NA	NA	NA	resistant	NA	NA	NA	NA	NA	NA	NA	NA	NA	NA	NA	resistant	resistant	NA
562.57291	NA	NA	NA	resistant	NA	NA	NA	resistant	NA	NA	resistant	NA	NA	resistant	NA	NA	resistant	NA	susceptible	NA	NA	NA	NA	NA	susceptible	NA	NA	NA	NA	NA	NA	NA	NA	NA	NA	NA	susceptible	susceptible	NA
562.57292	NA	NA	NA	resistant	NA	NA	NA	resistant	NA	NA	resistant	NA	NA	resistant	NA	NA	resistant	NA	resistant	NA	NA	NA	NA	NA	resistant	NA	NA	NA	NA	NA	NA	NA	NA	NA	NA	NA	resistant	resistant	NA
562.57293	NA	NA	NA	resistant	NA	NA	NA	resistant	NA	NA	resistant	NA	NA	resistant	NA	NA	resistant	NA	susceptible	NA	NA	NA	NA	NA	resistant	NA	NA	NA	NA	NA	NA	NA	NA	NA	NA	NA	resistant	resistant	NA
562.57294	NA	NA	NA	resistant	NA	NA	NA	resistant	NA	NA	resistant	NA	NA	resistant	NA	NA	resistant	NA	resistant	NA	NA	NA	NA	NA	susceptible	NA	NA	NA	NA	NA	NA	NA	NA	NA	NA	NA	susceptible	resistant	NA
562.57295	NA	NA	NA	resistant	NA	NA	NA	resistant	NA	NA	resistant	NA	NA	resistant	NA	NA	resistant	NA	resistant	NA	NA	NA	NA	NA	susceptible	NA	NA	NA	NA	NA	NA	NA	NA	NA	NA	NA	resistant	susceptible	NA
562.57289	NA	NA	NA	resistant	NA	NA	NA	resistant	NA	NA	resistant	NA	NA	resistant	NA	NA	resistant	NA	susceptible	NA	NA	NA	NA	NA	resistant	NA	NA	NA	NA	NA	NA	NA	NA	NA	NA	NA	resistant	resistant	NA
562.57297	NA	NA	NA	resistant	NA	NA	NA	susceptible	NA	NA	susceptible	NA	NA	susceptible	NA	NA	susceptible	NA	susceptible	NA	NA	NA	NA	NA	susceptible	NA	NA	NA	NA	NA	NA	NA	NA	NA	NA	NA	susceptible	susceptible	NA
562.57299	NA	NA	NA	resistant	NA	NA	NA	resistant	NA	NA	susceptible	NA	NA	susceptible	NA	NA	susceptible	NA	susceptible	NA	NA	NA	NA	NA	susceptible	NA	NA	NA	NA	NA	NA	NA	NA	NA	NA	NA	susceptible	susceptible	NA
562.573	NA	NA	NA	resistant	NA	NA	NA	susceptible	NA	NA	susceptible	NA	NA	susceptible	NA	NA	susceptible	NA	susceptible	NA	NA	NA	NA	NA	susceptible	NA	NA	NA	NA	NA	NA	NA	NA	NA	NA	NA	susceptible	susceptible	NA
562.57301	NA	NA	NA	resistant	NA	NA	NA	susceptible	NA	NA	susceptible	NA	NA	susceptible	NA	NA	susceptible	NA	susceptible	NA	NA	NA	NA	NA	susceptible	NA	NA	NA	NA	NA	NA	NA	NA	NA	NA	NA	susceptible	susceptible	NA
562.57302	NA	NA	NA	resistant	NA	NA	NA	susceptible	NA	NA	susceptible	NA	NA	susceptible	NA	NA	susceptible	NA	susceptible	NA	NA	NA	NA	NA	susceptible	NA	NA	NA	NA	NA	NA	NA	NA	NA	NA	NA	susceptible	susceptible	NA
562.57304	NA	NA	NA	resistant	NA	NA	NA	susceptible	NA	NA	susceptible	NA	NA	susceptible	NA	NA	susceptible	NA	susceptible	NA	NA	NA	NA	NA	susceptible	NA	NA	NA	NA	NA	NA	NA	NA	NA	NA	NA	susceptible	susceptible	NA
562.57305	NA	NA	NA	resistant	NA	NA	NA	susceptible	NA	NA	susceptible	NA	NA	susceptible	NA	NA	susceptible	NA	susceptible	NA	NA	NA	NA	NA	susceptible	NA	NA	NA	NA	NA	NA	NA	NA	NA	NA	NA	susceptible	susceptible	NA
562.57298	NA	NA	NA	resistant	NA	NA	NA	resistant	NA	NA	resistant	NA	NA	resistant	NA	NA	resistant	NA	resistant	NA	NA	NA	NA	NA	susceptible	NA	NA	NA	NA	NA	NA	NA	NA	NA	NA	NA	susceptible	resistant	NA
562.57306	NA	NA	NA	resistant	NA	NA	NA	susceptible	NA	NA	resistant	NA	NA	resistant	NA	NA	resistant	NA	susceptible	NA	NA	NA	NA	NA	susceptible	NA	NA	NA	NA	NA	NA	NA	NA	NA	NA	NA	susceptible	susceptible	NA
562.57288	NA	NA	NA	resistant	NA	NA	NA	resistant	NA	NA	resistant	NA	NA	resistant	NA	NA	resistant	NA	susceptible	NA	NA	NA	NA	NA	resistant	NA	NA	NA	NA	NA	NA	NA	NA	NA	NA	NA	resistant	resistant	NA
562.65728	NA	NA	susceptible	susceptible	NA	NA	NA	NA	NA	NA	NA	NA	NA	NA	NA	NA	NA	NA	NA	NA	NA	NA	NA	NA	NA	NA	NA	NA	NA	NA	NA	NA	NA	NA	NA	NA	NA	NA	NA
562.65504	NA	resistant	resistant	resistant	NA	NA	NA	NA	NA	NA	NA	NA	NA	NA	NA	NA	NA	NA	NA	NA	NA	NA	NA	NA	NA	NA	NA	NA	NA	NA	NA	NA	NA	NA	NA	NA	NA	NA	NA
562.65503	NA	NA	susceptible	resistant	NA	NA	NA	NA	NA	NA	NA	NA	NA	NA	NA	NA	NA	NA	NA	NA	NA	NA	NA	NA	NA	NA	NA	NA	NA	NA	NA	NA	NA	NA	NA	NA	NA	NA	NA
562.65502	NA	NA	susceptible	susceptible	NA	NA	NA	NA	NA	NA	NA	NA	NA	NA	NA	NA	NA	NA	NA	NA	NA	NA	NA	NA	NA	NA	NA	NA	NA	NA	NA	NA	NA	NA	NA	NA	NA	NA	NA
562.65501	NA	NA	susceptible	susceptible	NA	NA	NA	NA	NA	NA	NA	NA	NA	NA	NA	NA	NA	NA	NA	NA	NA	NA	NA	NA	NA	NA	NA	NA	NA	NA	NA	NA	NA	NA	NA	NA	NA	NA	NA
562.655	NA	NA	susceptible	susceptible	NA	NA	NA	NA	NA	NA	NA	NA	NA	NA	NA	NA	NA	NA	NA	NA	NA	NA	NA	NA	NA	NA	NA	NA	NA	NA	NA	NA	NA	NA	NA	NA	NA	NA	NA
562.65499	NA	susceptible	susceptible	resistant	NA	NA	NA	NA	NA	NA	NA	NA	NA	NA	NA	NA	NA	NA	NA	NA	NA	NA	NA	NA	NA	NA	NA	NA	NA	NA	NA	NA	NA	NA	NA	NA	NA	NA	NA
562.57287	NA	NA	NA	resistant	NA	NA	NA	resistant	NA	NA	resistant	NA	NA	resistant	NA	NA	resistant	NA	susceptible	NA	NA	NA	NA	NA	susceptible	NA	NA	NA	NA	NA	NA	NA	NA	NA	NA	NA	resistant	resistant	NA
562.65498	NA	resistant	resistant	resistant	NA	NA	NA	NA	NA	NA	NA	NA	NA	NA	NA	NA	NA	NA	NA	NA	NA	NA	NA	NA	NA	NA	NA	NA	NA	NA	NA	NA	NA	NA	NA	NA	NA	NA	NA
562.65496	NA	NA	susceptible	susceptible	NA	NA	NA	NA	NA	NA	NA	NA	NA	NA	NA	NA	NA	NA	NA	NA	NA	NA	NA	NA	NA	NA	NA	NA	NA	NA	NA	NA	NA	NA	NA	NA	NA	NA	NA
562.65495	NA	NA	susceptible	resistant	NA	NA	NA	NA	NA	NA	NA	NA	NA	NA	NA	NA	NA	NA	NA	NA	NA	NA	NA	NA	NA	NA	NA	NA	NA	NA	NA	NA	NA	NA	NA	NA	NA	NA	NA
562.65494	NA	NA	susceptible	susceptible	NA	NA	NA	NA	NA	NA	NA	NA	NA	NA	NA	NA	NA	NA	NA	NA	NA	NA	NA	NA	NA	NA	NA	NA	NA	NA	NA	NA	NA	NA	NA	NA	NA	NA	NA
562.65493	NA	NA	susceptible	susceptible	NA	NA	NA	NA	NA	NA	NA	NA	NA	NA	NA	NA	NA	NA	NA	NA	NA	NA	NA	NA	NA	NA	NA	NA	NA	NA	NA	NA	NA	NA	NA	NA	NA	NA	NA
562.65492	NA	NA	susceptible	susceptible	NA	NA	NA	NA	NA	NA	NA	NA	NA	NA	NA	NA	NA	NA	NA	NA	NA	NA	NA	NA	NA	NA	NA	NA	NA	NA	NA	NA	NA	NA	NA	NA	NA	NA	NA
562.65491	NA	NA	susceptible	susceptible	NA	NA	NA	NA	NA	NA	NA	NA	NA	NA	NA	NA	NA	NA	NA	NA	NA	NA	NA	NA	NA	NA	NA	NA	NA	NA	NA	NA	NA	NA	NA	NA	NA	NA	NA
562.65497	NA	resistant	resistant	resistant	NA	NA	NA	NA	NA	NA	NA	NA	NA	NA	NA	NA	NA	NA	NA	NA	NA	NA	NA	NA	NA	NA	NA	NA	NA	NA	NA	NA	NA	NA	NA	NA	NA	NA	NA
562.57307	NA	NA	NA	resistant	NA	NA	NA	susceptible	NA	NA	susceptible	NA	NA	susceptible	NA	NA	susceptible	NA	susceptible	NA	NA	NA	NA	NA	susceptible	NA	NA	NA	NA	NA	NA	NA	NA	NA	NA	NA	susceptible	susceptible	NA
562.6549	NA	susceptible	susceptible	susceptible	NA	NA	NA	NA	NA	NA	NA	NA	NA	NA	NA	NA	NA	NA	NA	NA	NA	NA	NA	NA	NA	NA	NA	NA	NA	NA	NA	NA	NA	NA	NA	NA	NA	NA	NA
562.57308	NA	NA	NA	susceptible	NA	NA	NA	susceptible	NA	NA	susceptible	NA	NA	susceptible	NA	NA	susceptible	NA	susceptible	NA	NA	NA	NA	NA	susceptible	NA	NA	NA	NA	NA	NA	NA	NA	NA	NA	NA	susceptible	susceptible	NA
562.65476	NA	resistant	resistant	resistant	NA	NA	NA	NA	NA	NA	NA	NA	NA	NA	NA	NA	NA	NA	NA	NA	NA	NA	NA	NA	NA	NA	NA	NA	NA	NA	NA	NA	NA	NA	NA	NA	NA	NA	NA
562.65475	NA	NA	susceptible	susceptible	NA	NA	NA	NA	NA	NA	NA	NA	NA	NA	NA	NA	NA	NA	NA	NA	NA	NA	NA	NA	NA	NA	NA	NA	NA	NA	NA	NA	NA	NA	NA	NA	NA	NA	NA
562.65474	NA	NA	susceptible	susceptible	NA	NA	NA	NA	NA	NA	NA	NA	NA	NA	NA	NA	NA	NA	NA	NA	NA	NA	NA	NA	NA	NA	NA	NA	NA	NA	NA	NA	NA	NA	NA	NA	NA	NA	NA
562.65473	NA	NA	resistant	resistant	NA	NA	NA	NA	NA	NA	NA	NA	NA	NA	NA	NA	NA	NA	NA	NA	NA	NA	NA	NA	NA	NA	NA	NA	NA	NA	NA	NA	NA	NA	NA	NA	NA	NA	NA
562.65472	NA	NA	susceptible	resistant	NA	NA	NA	NA	NA	NA	NA	NA	NA	NA	NA	NA	NA	NA	NA	NA	NA	NA	NA	NA	NA	NA	NA	NA	NA	NA	NA	NA	NA	NA	NA	NA	NA	NA	NA
562.65471	NA	NA	susceptible	resistant	NA	NA	NA	NA	NA	NA	NA	NA	NA	NA	NA	NA	NA	NA	NA	NA	NA	NA	NA	NA	NA	NA	NA	NA	NA	NA	NA	NA	NA	NA	NA	NA	NA	NA	NA
562.65477	NA	NA	susceptible	susceptible	NA	NA	NA	NA	NA	NA	NA	NA	NA	NA	NA	NA	NA	NA	NA	NA	NA	NA	NA	NA	NA	NA	NA	NA	NA	NA	NA	NA	NA	NA	NA	NA	NA	NA	NA
562.6547	NA	susceptible	susceptible	resistant	NA	NA	NA	NA	NA	NA	NA	NA	NA	NA	NA	NA	NA	NA	NA	NA	NA	NA	NA	NA	NA	NA	NA	NA	NA	NA	NA	NA	NA	NA	NA	NA	NA	NA	NA
562.65468	NA	NA	susceptible	resistant	NA	NA	NA	NA	NA	NA	NA	NA	NA	NA	NA	NA	NA	NA	NA	NA	NA	NA	NA	NA	NA	NA	NA	NA	NA	NA	NA	NA	NA	NA	NA	NA	NA	NA	NA
562.65467	NA	NA	susceptible	resistant	NA	NA	NA	NA	NA	NA	NA	NA	NA	NA	NA	NA	NA	NA	NA	NA	NA	NA	NA	NA	NA	NA	NA	NA	NA	NA	NA	NA	NA	NA	NA	NA	NA	NA	NA
562.65466	NA	NA	susceptible	resistant	NA	NA	NA	NA	NA	NA	NA	NA	NA	NA	NA	NA	NA	NA	NA	NA	NA	NA	NA	NA	NA	NA	NA	NA	NA	NA	NA	NA	NA	NA	NA	NA	NA	NA	NA
562.65465	NA	resistant	resistant	resistant	NA	NA	NA	NA	NA	NA	NA	NA	NA	NA	NA	NA	NA	NA	NA	NA	NA	NA	NA	NA	NA	NA	NA	NA	NA	NA	NA	NA	NA	NA	NA	NA	NA	NA	NA
562.65161	NA	resistant	resistant	resistant	NA	NA	NA	NA	NA	NA	NA	NA	NA	NA	NA	NA	NA	NA	NA	NA	NA	NA	NA	NA	NA	NA	NA	NA	NA	NA	NA	NA	NA	NA	NA	NA	NA	NA	NA
562.65463	NA	susceptible	susceptible	susceptible	NA	NA	NA	NA	NA	NA	NA	NA	NA	NA	NA	NA	NA	NA	NA	NA	NA	NA	NA	NA	NA	NA	NA	NA	NA	NA	NA	NA	NA	NA	NA	NA	NA	NA	NA
562.65469	NA	NA	susceptible	susceptible	NA	NA	NA	NA	NA	NA	NA	NA	NA	NA	NA	NA	NA	NA	NA	NA	NA	NA	NA	NA	NA	NA	NA	NA	NA	NA	NA	NA	NA	NA	NA	NA	NA	NA	NA
562.65478	NA	NA	susceptible	resistant	NA	NA	NA	NA	NA	NA	NA	NA	NA	NA	NA	NA	NA	NA	NA	NA	NA	NA	NA	NA	NA	NA	NA	NA	NA	NA	NA	NA	NA	NA	NA	NA	NA	NA	NA
562.65479	NA	susceptible	susceptible	resistant	NA	NA	NA	NA	NA	NA	NA	NA	NA	NA	NA	NA	NA	NA	NA	NA	NA	NA	NA	NA	NA	NA	NA	NA	NA	NA	NA	NA	NA	NA	NA	NA	NA	NA	NA
562.6548	NA	resistant	resistant	resistant	NA	NA	NA	NA	NA	NA	NA	NA	NA	NA	NA	NA	NA	NA	NA	NA	NA	NA	NA	NA	NA	NA	NA	NA	NA	NA	NA	NA	NA	NA	NA	NA	NA	NA	NA
562.57309	NA	NA	NA	resistant	NA	NA	NA	susceptible	NA	NA	susceptible	NA	NA	susceptible	NA	NA	susceptible	NA	susceptible	NA	NA	NA	NA	NA	susceptible	NA	NA	NA	NA	NA	NA	NA	NA	NA	NA	NA	susceptible	susceptible	NA
562.5731	NA	NA	NA	resistant	NA	NA	NA	susceptible	NA	NA	susceptible	NA	NA	susceptible	NA	NA	susceptible	NA	susceptible	NA	NA	NA	NA	NA	susceptible	NA	NA	NA	NA	NA	NA	NA	NA	NA	NA	NA	susceptible	susceptible	NA
562.57311	NA	NA	NA	resistant	NA	NA	NA	resistant	NA	NA	susceptible	NA	NA	susceptible	NA	NA	susceptible	NA	susceptible	NA	NA	NA	NA	NA	susceptible	NA	NA	NA	NA	NA	NA	NA	NA	NA	NA	NA	susceptible	susceptible	NA
562.57312	NA	NA	NA	resistant	NA	NA	NA	susceptible	NA	NA	susceptible	NA	NA	susceptible	NA	NA	susceptible	NA	susceptible	NA	NA	NA	NA	NA	susceptible	NA	NA	NA	NA	NA	NA	NA	NA	NA	NA	NA	susceptible	susceptible	NA
562.57313	NA	NA	NA	susceptible	NA	NA	NA	susceptible	NA	NA	susceptible	NA	NA	susceptible	NA	NA	susceptible	NA	susceptible	NA	NA	NA	NA	NA	susceptible	NA	NA	NA	NA	NA	NA	NA	NA	NA	NA	NA	susceptible	susceptible	NA
562.57314	NA	NA	NA	susceptible	NA	NA	NA	susceptible	NA	NA	susceptible	NA	NA	susceptible	NA	NA	susceptible	NA	susceptible	NA	NA	NA	NA	NA	susceptible	NA	NA	NA	NA	NA	NA	NA	NA	NA	NA	NA	susceptible	susceptible	NA
562.65489	NA	NA	susceptible	susceptible	NA	NA	NA	NA	NA	NA	NA	NA	NA	NA	NA	NA	NA	NA	NA	NA	NA	NA	NA	NA	NA	NA	NA	NA	NA	NA	NA	NA	NA	NA	NA	NA	NA	NA	NA
562.65488	NA	susceptible	susceptible	susceptible	NA	NA	NA	NA	NA	NA	NA	NA	NA	NA	NA	NA	NA	NA	NA	NA	NA	NA	NA	NA	NA	NA	NA	NA	NA	NA	NA	NA	NA	NA	NA	NA	NA	NA	NA
562.65487	NA	NA	susceptible	resistant	NA	NA	NA	NA	NA	NA	NA	NA	NA	NA	NA	NA	NA	NA	NA	NA	NA	NA	NA	NA	NA	NA	NA	NA	NA	NA	NA	NA	NA	NA	NA	NA	NA	NA	NA
562.65486	NA	NA	susceptible	susceptible	NA	NA	NA	NA	NA	NA	NA	NA	NA	NA	NA	NA	NA	NA	NA	NA	NA	NA	NA	NA	NA	NA	NA	NA	NA	NA	NA	NA	NA	NA	NA	NA	NA	NA	NA
562.65485	NA	NA	susceptible	susceptible	NA	NA	NA	NA	NA	NA	NA	NA	NA	NA	NA	NA	NA	NA	NA	NA	NA	NA	NA	NA	NA	NA	NA	NA	NA	NA	NA	NA	NA	NA	NA	NA	NA	NA	NA
562.65484	NA	resistant	resistant	resistant	NA	NA	NA	NA	NA	NA	NA	NA	NA	NA	NA	NA	NA	NA	NA	NA	NA	NA	NA	NA	NA	NA	NA	NA	NA	NA	NA	NA	NA	NA	NA	NA	NA	NA	NA
562.65483	NA	NA	susceptible	susceptible	NA	NA	NA	NA	NA	NA	NA	NA	NA	NA	NA	NA	NA	NA	NA	NA	NA	NA	NA	NA	NA	NA	NA	NA	NA	NA	NA	NA	NA	NA	NA	NA	NA	NA	NA
562.65482	NA	NA	susceptible	susceptible	NA	NA	NA	NA	NA	NA	NA	NA	NA	NA	NA	NA	NA	NA	NA	NA	NA	NA	NA	NA	NA	NA	NA	NA	NA	NA	NA	NA	NA	NA	NA	NA	NA	NA	NA
562.65481	NA	NA	susceptible	susceptible	NA	NA	NA	NA	NA	NA	NA	NA	NA	NA	NA	NA	NA	NA	NA	NA	NA	NA	NA	NA	NA	NA	NA	NA	NA	NA	NA	NA	NA	NA	NA	NA	NA	NA	NA
562.65505	NA	NA	susceptible	susceptible	NA	NA	NA	NA	NA	NA	NA	NA	NA	NA	NA	NA	NA	NA	NA	NA	NA	NA	NA	NA	NA	NA	NA	NA	NA	NA	NA	NA	NA	NA	NA	NA	NA	NA	NA
562.65506	NA	susceptible	resistant	resistant	NA	NA	NA	NA	NA	NA	NA	NA	NA	NA	NA	NA	NA	NA	NA	NA	NA	NA	NA	NA	NA	NA	NA	NA	NA	NA	NA	NA	NA	NA	NA	NA	NA	NA	NA
562.65507	NA	NA	resistant	resistant	NA	NA	NA	NA	NA	NA	NA	NA	NA	NA	NA	NA	NA	NA	NA	NA	NA	NA	NA	NA	NA	NA	NA	NA	NA	NA	NA	NA	NA	NA	NA	NA	NA	NA	NA
562.65508	NA	NA	susceptible	susceptible	NA	NA	NA	NA	NA	NA	NA	NA	NA	NA	NA	NA	NA	NA	NA	NA	NA	NA	NA	NA	NA	NA	NA	NA	NA	NA	NA	NA	NA	NA	NA	NA	NA	NA	NA
562.65559	NA	resistant	resistant	resistant	NA	NA	NA	NA	NA	NA	NA	NA	NA	NA	NA	NA	NA	NA	NA	NA	NA	NA	NA	NA	NA	NA	NA	NA	NA	NA	NA	NA	NA	NA	NA	NA	NA	NA	NA
562.65558	NA	susceptible	resistant	resistant	NA	NA	NA	NA	NA	NA	NA	NA	NA	NA	NA	NA	NA	NA	NA	NA	NA	NA	NA	NA	NA	NA	NA	NA	NA	NA	NA	NA	NA	NA	NA	NA	NA	NA	NA
562.65557	NA	NA	susceptible	susceptible	NA	NA	NA	NA	NA	NA	NA	NA	NA	NA	NA	NA	NA	NA	NA	NA	NA	NA	NA	NA	NA	NA	NA	NA	NA	NA	NA	NA	NA	NA	NA	NA	NA	NA	NA
562.65556	NA	NA	susceptible	susceptible	NA	NA	NA	NA	NA	NA	NA	NA	NA	NA	NA	NA	NA	NA	NA	NA	NA	NA	NA	NA	NA	NA	NA	NA	NA	NA	NA	NA	NA	NA	NA	NA	NA	NA	NA
562.65555	NA	NA	susceptible	resistant	NA	NA	NA	NA	NA	NA	NA	NA	NA	NA	NA	NA	NA	NA	NA	NA	NA	NA	NA	NA	NA	NA	NA	NA	NA	NA	NA	NA	NA	NA	NA	NA	NA	NA	NA
562.65554	NA	resistant	resistant	resistant	NA	NA	NA	NA	NA	NA	NA	NA	NA	NA	NA	NA	NA	NA	NA	NA	NA	NA	NA	NA	NA	NA	NA	NA	NA	NA	NA	NA	NA	NA	NA	NA	NA	NA	NA
562.6556	NA	resistant	resistant	resistant	NA	NA	NA	NA	NA	NA	NA	NA	NA	NA	NA	NA	NA	NA	NA	NA	NA	NA	NA	NA	NA	NA	NA	NA	NA	NA	NA	NA	NA	NA	NA	NA	NA	NA	NA
562.65553	NA	NA	susceptible	susceptible	NA	NA	NA	NA	NA	NA	NA	NA	NA	NA	NA	NA	NA	NA	NA	NA	NA	NA	NA	NA	NA	NA	NA	NA	NA	NA	NA	NA	NA	NA	NA	NA	NA	NA	NA
562.65551	NA	NA	susceptible	susceptible	NA	NA	NA	NA	NA	NA	NA	NA	NA	NA	NA	NA	NA	NA	NA	NA	NA	NA	NA	NA	NA	NA	NA	NA	NA	NA	NA	NA	NA	NA	NA	NA	NA	NA	NA
562.6555	NA	resistant	resistant	resistant	NA	NA	NA	NA	NA	NA	NA	NA	NA	NA	NA	NA	NA	NA	NA	NA	NA	NA	NA	NA	NA	NA	NA	NA	NA	NA	NA	NA	NA	NA	NA	NA	NA	NA	NA
562.65549	NA	NA	resistant	resistant	NA	NA	NA	NA	NA	NA	NA	NA	NA	NA	NA	NA	NA	NA	NA	NA	NA	NA	NA	NA	NA	NA	NA	NA	NA	NA	NA	NA	NA	NA	NA	NA	NA	NA	NA
562.65548	NA	NA	susceptible	resistant	NA	NA	NA	NA	NA	NA	NA	NA	NA	NA	NA	NA	NA	NA	NA	NA	NA	NA	NA	NA	NA	NA	NA	NA	NA	NA	NA	NA	NA	NA	NA	NA	NA	NA	NA
562.65547	NA	NA	susceptible	susceptible	NA	NA	NA	NA	NA	NA	NA	NA	NA	NA	NA	NA	NA	NA	NA	NA	NA	NA	NA	NA	NA	NA	NA	NA	NA	NA	NA	NA	NA	NA	NA	NA	NA	NA	NA
562.65546	NA	NA	susceptible	susceptible	NA	NA	NA	NA	NA	NA	NA	NA	NA	NA	NA	NA	NA	NA	NA	NA	NA	NA	NA	NA	NA	NA	NA	NA	NA	NA	NA	NA	NA	NA	NA	NA	NA	NA	NA
562.65552	NA	NA	susceptible	susceptible	NA	NA	NA	NA	NA	NA	NA	NA	NA	NA	NA	NA	NA	NA	NA	NA	NA	NA	NA	NA	NA	NA	NA	NA	NA	NA	NA	NA	NA	NA	NA	NA	NA	NA	NA
562.65561	NA	NA	resistant	resistant	NA	NA	NA	NA	NA	NA	NA	NA	NA	NA	NA	NA	NA	NA	NA	NA	NA	NA	NA	NA	NA	NA	NA	NA	NA	NA	NA	NA	NA	NA	NA	NA	NA	NA	NA
562.65562	NA	resistant	resistant	resistant	NA	NA	NA	NA	NA	NA	NA	NA	NA	NA	NA	NA	NA	NA	NA	NA	NA	NA	NA	NA	NA	NA	NA	NA	NA	NA	NA	NA	NA	NA	NA	NA	NA	NA	NA
562.65563	NA	NA	resistant	resistant	NA	NA	NA	NA	NA	NA	NA	NA	NA	NA	NA	NA	NA	NA	NA	NA	NA	NA	NA	NA	NA	NA	NA	NA	NA	NA	NA	NA	NA	NA	NA	NA	NA	NA	NA
562.65578	NA	NA	susceptible	resistant	NA	NA	NA	NA	NA	NA	NA	NA	NA	NA	NA	NA	NA	NA	NA	NA	NA	NA	NA	NA	NA	NA	NA	NA	NA	NA	NA	NA	NA	NA	NA	NA	NA	NA	NA
562.65577	NA	resistant	resistant	resistant	NA	NA	NA	NA	NA	NA	NA	NA	NA	NA	NA	NA	NA	NA	NA	NA	NA	NA	NA	NA	NA	NA	NA	NA	NA	NA	NA	NA	NA	NA	NA	NA	NA	NA	NA
562.65576	NA	NA	resistant	resistant	NA	NA	NA	NA	NA	NA	NA	NA	NA	NA	NA	NA	NA	NA	NA	NA	NA	NA	NA	NA	NA	NA	NA	NA	NA	NA	NA	NA	NA	NA	NA	NA	NA	NA	NA
562.65575	NA	susceptible	susceptible	resistant	NA	NA	NA	NA	NA	NA	NA	NA	NA	NA	NA	NA	NA	NA	NA	NA	NA	NA	NA	NA	NA	NA	NA	NA	NA	NA	NA	NA	NA	NA	NA	NA	NA	NA	NA
562.65574	NA	NA	susceptible	resistant	NA	NA	NA	NA	NA	NA	NA	NA	NA	NA	NA	NA	NA	NA	NA	NA	NA	NA	NA	NA	NA	NA	NA	NA	NA	NA	NA	NA	NA	NA	NA	NA	NA	NA	NA
562.65573	NA	NA	susceptible	susceptible	NA	NA	NA	NA	NA	NA	NA	NA	NA	NA	NA	NA	NA	NA	NA	NA	NA	NA	NA	NA	NA	NA	NA	NA	NA	NA	NA	NA	NA	NA	NA	NA	NA	NA	NA
562.65572	NA	resistant	resistant	resistant	NA	NA	NA	NA	NA	NA	NA	NA	NA	NA	NA	NA	NA	NA	NA	NA	NA	NA	NA	NA	NA	NA	NA	NA	NA	NA	NA	NA	NA	NA	NA	NA	NA	NA	NA
562.65571	NA	NA	susceptible	susceptible	NA	NA	NA	NA	NA	NA	NA	NA	NA	NA	NA	NA	NA	NA	NA	NA	NA	NA	NA	NA	NA	NA	NA	NA	NA	NA	NA	NA	NA	NA	NA	NA	NA	NA	NA
562.6557	NA	NA	susceptible	resistant	NA	NA	NA	NA	NA	NA	NA	NA	NA	NA	NA	NA	NA	NA	NA	NA	NA	NA	NA	NA	NA	NA	NA	NA	NA	NA	NA	NA	NA	NA	NA	NA	NA	NA	NA
562.65569	NA	NA	susceptible	resistant	NA	NA	NA	NA	NA	NA	NA	NA	NA	NA	NA	NA	NA	NA	NA	NA	NA	NA	NA	NA	NA	NA	NA	NA	NA	NA	NA	NA	NA	NA	NA	NA	NA	NA	NA
562.65568	NA	NA	susceptible	susceptible	NA	NA	NA	NA	NA	NA	NA	NA	NA	NA	NA	NA	NA	NA	NA	NA	NA	NA	NA	NA	NA	NA	NA	NA	NA	NA	NA	NA	NA	NA	NA	NA	NA	NA	NA
562.65567	NA	susceptible	susceptible	susceptible	NA	NA	NA	NA	NA	NA	NA	NA	NA	NA	NA	NA	NA	NA	NA	NA	NA	NA	NA	NA	NA	NA	NA	NA	NA	NA	NA	NA	NA	NA	NA	NA	NA	NA	NA
562.65566	NA	resistant	resistant	resistant	NA	NA	NA	NA	NA	NA	NA	NA	NA	NA	NA	NA	NA	NA	NA	NA	NA	NA	NA	NA	NA	NA	NA	NA	NA	NA	NA	NA	NA	NA	NA	NA	NA	NA	NA
562.65565	NA	NA	resistant	resistant	NA	NA	NA	NA	NA	NA	NA	NA	NA	NA	NA	NA	NA	NA	NA	NA	NA	NA	NA	NA	NA	NA	NA	NA	NA	NA	NA	NA	NA	NA	NA	NA	NA	NA	NA
562.65564	NA	susceptible	susceptible	resistant	NA	NA	NA	NA	NA	NA	NA	NA	NA	NA	NA	NA	NA	NA	NA	NA	NA	NA	NA	NA	NA	NA	NA	NA	NA	NA	NA	NA	NA	NA	NA	NA	NA	NA	NA
562.65545	NA	resistant	resistant	resistant	NA	NA	NA	NA	NA	NA	NA	NA	NA	NA	NA	NA	NA	NA	NA	NA	NA	NA	NA	NA	NA	NA	NA	NA	NA	NA	NA	NA	NA	NA	NA	NA	NA	NA	NA
562.65461	NA	NA	susceptible	susceptible	NA	NA	NA	NA	NA	NA	NA	NA	NA	NA	NA	NA	NA	NA	NA	NA	NA	NA	NA	NA	NA	NA	NA	NA	NA	NA	NA	NA	NA	NA	NA	NA	NA	NA	NA
562.65544	NA	NA	susceptible	susceptible	NA	NA	NA	NA	NA	NA	NA	NA	NA	NA	NA	NA	NA	NA	NA	NA	NA	NA	NA	NA	NA	NA	NA	NA	NA	NA	NA	NA	NA	NA	NA	NA	NA	NA	NA
562.65542	NA	NA	susceptible	susceptible	NA	NA	NA	NA	NA	NA	NA	NA	NA	NA	NA	NA	NA	NA	NA	NA	NA	NA	NA	NA	NA	NA	NA	NA	NA	NA	NA	NA	NA	NA	NA	NA	NA	NA	NA
562.65522	NA	resistant	resistant	resistant	NA	NA	NA	NA	NA	NA	NA	NA	NA	NA	NA	NA	NA	NA	NA	NA	NA	NA	NA	NA	NA	NA	NA	NA	NA	NA	NA	NA	NA	NA	NA	NA	NA	NA	NA
562.65521	NA	NA	susceptible	susceptible	NA	NA	NA	NA	NA	NA	NA	NA	NA	NA	NA	NA	NA	NA	NA	NA	NA	NA	NA	NA	NA	NA	NA	NA	NA	NA	NA	NA	NA	NA	NA	NA	NA	NA	NA
562.6552	NA	NA	susceptible	susceptible	NA	NA	NA	NA	NA	NA	NA	NA	NA	NA	NA	NA	NA	NA	NA	NA	NA	NA	NA	NA	NA	NA	NA	NA	NA	NA	NA	NA	NA	NA	NA	NA	NA	NA	NA
562.65519	NA	NA	susceptible	susceptible	NA	NA	NA	NA	NA	NA	NA	NA	NA	NA	NA	NA	NA	NA	NA	NA	NA	NA	NA	NA	NA	NA	NA	NA	NA	NA	NA	NA	NA	NA	NA	NA	NA	NA	NA
562.65518	NA	NA	susceptible	susceptible	NA	NA	NA	NA	NA	NA	NA	NA	NA	NA	NA	NA	NA	NA	NA	NA	NA	NA	NA	NA	NA	NA	NA	NA	NA	NA	NA	NA	NA	NA	NA	NA	NA	NA	NA
562.65517	NA	NA	susceptible	resistant	NA	NA	NA	NA	NA	NA	NA	NA	NA	NA	NA	NA	NA	NA	NA	NA	NA	NA	NA	NA	NA	NA	NA	NA	NA	NA	NA	NA	NA	NA	NA	NA	NA	NA	NA
562.65523	NA	NA	susceptible	resistant	NA	NA	NA	NA	NA	NA	NA	NA	NA	NA	NA	NA	NA	NA	NA	NA	NA	NA	NA	NA	NA	NA	NA	NA	NA	NA	NA	NA	NA	NA	NA	NA	NA	NA	NA
562.65516	NA	resistant	resistant	resistant	NA	NA	NA	NA	NA	NA	NA	NA	NA	NA	NA	NA	NA	NA	NA	NA	NA	NA	NA	NA	NA	NA	NA	NA	NA	NA	NA	NA	NA	NA	NA	NA	NA	NA	NA
562.65514	NA	resistant	resistant	resistant	NA	NA	NA	NA	NA	NA	NA	NA	NA	NA	NA	NA	NA	NA	NA	NA	NA	NA	NA	NA	NA	NA	NA	NA	NA	NA	NA	NA	NA	NA	NA	NA	NA	NA	NA
562.65513	NA	resistant	resistant	resistant	NA	NA	NA	NA	NA	NA	NA	NA	NA	NA	NA	NA	NA	NA	NA	NA	NA	NA	NA	NA	NA	NA	NA	NA	NA	NA	NA	NA	NA	NA	NA	NA	NA	NA	NA
562.65512	NA	NA	resistant	resistant	NA	NA	NA	NA	NA	NA	NA	NA	NA	NA	NA	NA	NA	NA	NA	NA	NA	NA	NA	NA	NA	NA	NA	NA	NA	NA	NA	NA	NA	NA	NA	NA	NA	NA	NA
562.65511	NA	NA	susceptible	susceptible	NA	NA	NA	NA	NA	NA	NA	NA	NA	NA	NA	NA	NA	NA	NA	NA	NA	NA	NA	NA	NA	NA	NA	NA	NA	NA	NA	NA	NA	NA	NA	NA	NA	NA	NA
562.6551	NA	resistant	resistant	resistant	NA	NA	NA	NA	NA	NA	NA	NA	NA	NA	NA	NA	NA	NA	NA	NA	NA	NA	NA	NA	NA	NA	NA	NA	NA	NA	NA	NA	NA	NA	NA	NA	NA	NA	NA
562.65509	NA	resistant	susceptible	resistant	NA	NA	NA	NA	NA	NA	NA	NA	NA	NA	NA	NA	NA	NA	NA	NA	NA	NA	NA	NA	NA	NA	NA	NA	NA	NA	NA	NA	NA	NA	NA	NA	NA	NA	NA
562.65515	NA	NA	resistant	resistant	NA	NA	NA	NA	NA	NA	NA	NA	NA	NA	NA	NA	NA	NA	NA	NA	NA	NA	NA	NA	NA	NA	NA	NA	NA	NA	NA	NA	NA	NA	NA	NA	NA	NA	NA
562.65524	NA	susceptible	susceptible	resistant	NA	NA	NA	NA	NA	NA	NA	NA	NA	NA	NA	NA	NA	NA	NA	NA	NA	NA	NA	NA	NA	NA	NA	NA	NA	NA	NA	NA	NA	NA	NA	NA	NA	NA	NA
562.65525	NA	NA	resistant	resistant	NA	NA	NA	NA	NA	NA	NA	NA	NA	NA	NA	NA	NA	NA	NA	NA	NA	NA	NA	NA	NA	NA	NA	NA	NA	NA	NA	NA	NA	NA	NA	NA	NA	NA	NA
562.65526	NA	NA	susceptible	susceptible	NA	NA	NA	NA	NA	NA	NA	NA	NA	NA	NA	NA	NA	NA	NA	NA	NA	NA	NA	NA	NA	NA	NA	NA	NA	NA	NA	NA	NA	NA	NA	NA	NA	NA	NA
562.65541	NA	NA	resistant	resistant	NA	NA	NA	NA	NA	NA	NA	NA	NA	NA	NA	NA	NA	NA	NA	NA	NA	NA	NA	NA	NA	NA	NA	NA	NA	NA	NA	NA	NA	NA	NA	NA	NA	NA	NA
562.6554	NA	NA	susceptible	resistant	NA	NA	NA	NA	NA	NA	NA	NA	NA	NA	NA	NA	NA	NA	NA	NA	NA	NA	NA	NA	NA	NA	NA	NA	NA	NA	NA	NA	NA	NA	NA	NA	NA	NA	NA
562.65539	NA	NA	resistant	resistant	NA	NA	NA	NA	NA	NA	NA	NA	NA	NA	NA	NA	NA	NA	NA	NA	NA	NA	NA	NA	NA	NA	NA	NA	NA	NA	NA	NA	NA	NA	NA	NA	NA	NA	NA
562.65538	NA	susceptible	susceptible	resistant	NA	NA	NA	NA	NA	NA	NA	NA	NA	NA	NA	NA	NA	NA	NA	NA	NA	NA	NA	NA	NA	NA	NA	NA	NA	NA	NA	NA	NA	NA	NA	NA	NA	NA	NA
562.65537	NA	NA	resistant	resistant	NA	NA	NA	NA	NA	NA	NA	NA	NA	NA	NA	NA	NA	NA	NA	NA	NA	NA	NA	NA	NA	NA	NA	NA	NA	NA	NA	NA	NA	NA	NA	NA	NA	NA	NA
562.65536	NA	susceptible	susceptible	resistant	NA	NA	NA	NA	NA	NA	NA	NA	NA	NA	NA	NA	NA	NA	NA	NA	NA	NA	NA	NA	NA	NA	NA	NA	NA	NA	NA	NA	NA	NA	NA	NA	NA	NA	NA
562.65535	NA	NA	susceptible	susceptible	NA	NA	NA	NA	NA	NA	NA	NA	NA	NA	NA	NA	NA	NA	NA	NA	NA	NA	NA	NA	NA	NA	NA	NA	NA	NA	NA	NA	NA	NA	NA	NA	NA	NA	NA
562.65534	NA	NA	resistant	resistant	NA	NA	NA	NA	NA	NA	NA	NA	NA	NA	NA	NA	NA	NA	NA	NA	NA	NA	NA	NA	NA	NA	NA	NA	NA	NA	NA	NA	NA	NA	NA	NA	NA	NA	NA
562.65533	NA	NA	susceptible	susceptible	NA	NA	NA	NA	NA	NA	NA	NA	NA	NA	NA	NA	NA	NA	NA	NA	NA	NA	NA	NA	NA	NA	NA	NA	NA	NA	NA	NA	NA	NA	NA	NA	NA	NA	NA
562.65532	NA	NA	susceptible	susceptible	NA	NA	NA	NA	NA	NA	NA	NA	NA	NA	NA	NA	NA	NA	NA	NA	NA	NA	NA	NA	NA	NA	NA	NA	NA	NA	NA	NA	NA	NA	NA	NA	NA	NA	NA
562.65531	NA	NA	susceptible	resistant	NA	NA	NA	NA	NA	NA	NA	NA	NA	NA	NA	NA	NA	NA	NA	NA	NA	NA	NA	NA	NA	NA	NA	NA	NA	NA	NA	NA	NA	NA	NA	NA	NA	NA	NA
562.6553	NA	susceptible	susceptible	resistant	NA	NA	NA	NA	NA	NA	NA	NA	NA	NA	NA	NA	NA	NA	NA	NA	NA	NA	NA	NA	NA	NA	NA	NA	NA	NA	NA	NA	NA	NA	NA	NA	NA	NA	NA
562.65529	NA	NA	resistant	resistant	NA	NA	NA	NA	NA	NA	NA	NA	NA	NA	NA	NA	NA	NA	NA	NA	NA	NA	NA	NA	NA	NA	NA	NA	NA	NA	NA	NA	NA	NA	NA	NA	NA	NA	NA
562.65528	NA	resistant	resistant	resistant	NA	NA	NA	NA	NA	NA	NA	NA	NA	NA	NA	NA	NA	NA	NA	NA	NA	NA	NA	NA	NA	NA	NA	NA	NA	NA	NA	NA	NA	NA	NA	NA	NA	NA	NA
562.65527	NA	NA	susceptible	susceptible	NA	NA	NA	NA	NA	NA	NA	NA	NA	NA	NA	NA	NA	NA	NA	NA	NA	NA	NA	NA	NA	NA	NA	NA	NA	NA	NA	NA	NA	NA	NA	NA	NA	NA	NA
562.65543	NA	NA	susceptible	susceptible	NA	NA	NA	NA	NA	NA	NA	NA	NA	NA	NA	NA	NA	NA	NA	NA	NA	NA	NA	NA	NA	NA	NA	NA	NA	NA	NA	NA	NA	NA	NA	NA	NA	NA	NA
562.6516	NA	NA	susceptible	susceptible	NA	NA	NA	NA	NA	NA	NA	NA	NA	NA	NA	NA	NA	NA	NA	NA	NA	NA	NA	NA	NA	NA	NA	NA	NA	NA	NA	NA	NA	NA	NA	NA	NA	NA	NA
562.65159	NA	NA	susceptible	resistant	NA	NA	NA	NA	NA	NA	NA	NA	NA	NA	NA	NA	NA	NA	NA	NA	NA	NA	NA	NA	NA	NA	NA	NA	NA	NA	NA	NA	NA	NA	NA	NA	NA	NA	NA
562.65158	NA	susceptible	susceptible	susceptible	NA	NA	NA	NA	NA	NA	NA	NA	NA	NA	NA	NA	NA	NA	NA	NA	NA	NA	NA	NA	NA	NA	NA	NA	NA	NA	NA	NA	NA	NA	NA	NA	NA	NA	NA
562.6485	NA	NA	susceptible	susceptible	NA	NA	NA	NA	NA	NA	NA	NA	NA	NA	NA	NA	NA	NA	NA	NA	NA	NA	NA	NA	NA	NA	NA	NA	NA	NA	NA	NA	NA	NA	NA	NA	NA	NA	NA
562.64851	NA	resistant	resistant	resistant	NA	NA	NA	NA	NA	NA	NA	NA	NA	NA	NA	NA	NA	NA	NA	NA	NA	NA	NA	NA	NA	NA	NA	NA	NA	NA	NA	NA	NA	NA	NA	NA	NA	NA	NA
562.64852	NA	NA	resistant	resistant	NA	NA	NA	NA	NA	NA	NA	NA	NA	NA	NA	NA	NA	NA	NA	NA	NA	NA	NA	NA	NA	NA	NA	NA	NA	NA	NA	NA	NA	NA	NA	NA	NA	NA	NA
562.64853	NA	NA	susceptible	susceptible	NA	NA	NA	NA	NA	NA	NA	NA	NA	NA	NA	NA	NA	NA	NA	NA	NA	NA	NA	NA	NA	NA	NA	NA	NA	NA	NA	NA	NA	NA	NA	NA	NA	NA	NA
562.64854	NA	NA	susceptible	susceptible	NA	NA	NA	NA	NA	NA	NA	NA	NA	NA	NA	NA	NA	NA	NA	NA	NA	NA	NA	NA	NA	NA	NA	NA	NA	NA	NA	NA	NA	NA	NA	NA	NA	NA	NA
562.64855	NA	NA	susceptible	susceptible	NA	NA	NA	NA	NA	NA	NA	NA	NA	NA	NA	NA	NA	NA	NA	NA	NA	NA	NA	NA	NA	NA	NA	NA	NA	NA	NA	NA	NA	NA	NA	NA	NA	NA	NA
562.64849	NA	NA	susceptible	resistant	NA	NA	NA	NA	NA	NA	NA	NA	NA	NA	NA	NA	NA	NA	NA	NA	NA	NA	NA	NA	NA	NA	NA	NA	NA	NA	NA	NA	NA	NA	NA	NA	NA	NA	NA
562.64856	NA	susceptible	susceptible	susceptible	NA	NA	NA	NA	NA	NA	NA	NA	NA	NA	NA	NA	NA	NA	NA	NA	NA	NA	NA	NA	NA	NA	NA	NA	NA	NA	NA	NA	NA	NA	NA	NA	NA	NA	NA
562.64858	NA	NA	resistant	resistant	NA	NA	NA	NA	NA	NA	NA	NA	NA	NA	NA	NA	NA	NA	NA	NA	NA	NA	NA	NA	NA	NA	NA	NA	NA	NA	NA	NA	NA	NA	NA	NA	NA	NA	NA
562.64859	NA	NA	susceptible	susceptible	NA	NA	NA	NA	NA	NA	NA	NA	NA	NA	NA	NA	NA	NA	NA	NA	NA	NA	NA	NA	NA	NA	NA	NA	NA	NA	NA	NA	NA	NA	NA	NA	NA	NA	NA
562.6486	NA	NA	susceptible	susceptible	NA	NA	NA	NA	NA	NA	NA	NA	NA	NA	NA	NA	NA	NA	NA	NA	NA	NA	NA	NA	NA	NA	NA	NA	NA	NA	NA	NA	NA	NA	NA	NA	NA	NA	NA
562.64861	NA	resistant	resistant	resistant	NA	NA	NA	NA	NA	NA	NA	NA	NA	NA	NA	NA	NA	NA	NA	NA	NA	NA	NA	NA	NA	NA	NA	NA	NA	NA	NA	NA	NA	NA	NA	NA	NA	NA	NA
562.64862	NA	NA	susceptible	resistant	NA	NA	NA	NA	NA	NA	NA	NA	NA	NA	NA	NA	NA	NA	NA	NA	NA	NA	NA	NA	NA	NA	NA	NA	NA	NA	NA	NA	NA	NA	NA	NA	NA	NA	NA
562.64863	NA	NA	susceptible	susceptible	NA	NA	NA	NA	NA	NA	NA	NA	NA	NA	NA	NA	NA	NA	NA	NA	NA	NA	NA	NA	NA	NA	NA	NA	NA	NA	NA	NA	NA	NA	NA	NA	NA	NA	NA
562.64857	NA	NA	susceptible	susceptible	NA	NA	NA	NA	NA	NA	NA	NA	NA	NA	NA	NA	NA	NA	NA	NA	NA	NA	NA	NA	NA	NA	NA	NA	NA	NA	NA	NA	NA	NA	NA	NA	NA	NA	NA
562.64848	NA	NA	susceptible	susceptible	NA	NA	NA	NA	NA	NA	NA	NA	NA	NA	NA	NA	NA	NA	NA	NA	NA	NA	NA	NA	NA	NA	NA	NA	NA	NA	NA	NA	NA	NA	NA	NA	NA	NA	NA
562.64847	NA	NA	resistant	resistant	NA	NA	NA	NA	NA	NA	NA	NA	NA	NA	NA	NA	NA	NA	NA	NA	NA	NA	NA	NA	NA	NA	NA	NA	NA	NA	NA	NA	NA	NA	NA	NA	NA	NA	NA
562.64846	NA	NA	susceptible	susceptible	NA	NA	NA	NA	NA	NA	NA	NA	NA	NA	NA	NA	NA	NA	NA	NA	NA	NA	NA	NA	NA	NA	NA	NA	NA	NA	NA	NA	NA	NA	NA	NA	NA	NA	NA
562.64831	NA	resistant	resistant	resistant	NA	NA	NA	NA	NA	NA	NA	NA	NA	NA	NA	NA	NA	NA	NA	NA	NA	NA	NA	NA	NA	NA	NA	NA	NA	NA	NA	NA	NA	NA	NA	NA	NA	NA	NA
562.64832	NA	NA	susceptible	resistant	NA	NA	NA	NA	NA	NA	NA	NA	NA	NA	NA	NA	NA	NA	NA	NA	NA	NA	NA	NA	NA	NA	NA	NA	NA	NA	NA	NA	NA	NA	NA	NA	NA	NA	NA
562.64833	NA	NA	susceptible	resistant	NA	NA	NA	NA	NA	NA	NA	NA	NA	NA	NA	NA	NA	NA	NA	NA	NA	NA	NA	NA	NA	NA	NA	NA	NA	NA	NA	NA	NA	NA	NA	NA	NA	NA	NA
562.64834	NA	NA	susceptible	resistant	NA	NA	NA	NA	NA	NA	NA	NA	NA	NA	NA	NA	NA	NA	NA	NA	NA	NA	NA	NA	NA	NA	NA	NA	NA	NA	NA	NA	NA	NA	NA	NA	NA	NA	NA
562.64835	NA	NA	susceptible	susceptible	NA	NA	NA	NA	NA	NA	NA	NA	NA	NA	NA	NA	NA	NA	NA	NA	NA	NA	NA	NA	NA	NA	NA	NA	NA	NA	NA	NA	NA	NA	NA	NA	NA	NA	NA
562.64836	NA	NA	resistant	resistant	NA	NA	NA	NA	NA	NA	NA	NA	NA	NA	NA	NA	NA	NA	NA	NA	NA	NA	NA	NA	NA	NA	NA	NA	NA	NA	NA	NA	NA	NA	NA	NA	NA	NA	NA
562.64837	NA	NA	susceptible	susceptible	NA	NA	NA	NA	NA	NA	NA	NA	NA	NA	NA	NA	NA	NA	NA	NA	NA	NA	NA	NA	NA	NA	NA	NA	NA	NA	NA	NA	NA	NA	NA	NA	NA	NA	NA
562.64838	NA	NA	susceptible	susceptible	NA	NA	NA	NA	NA	NA	NA	NA	NA	NA	NA	NA	NA	NA	NA	NA	NA	NA	NA	NA	NA	NA	NA	NA	NA	NA	NA	NA	NA	NA	NA	NA	NA	NA	NA
562.64839	NA	susceptible	susceptible	resistant	NA	NA	NA	NA	NA	NA	NA	NA	NA	NA	NA	NA	NA	NA	NA	NA	NA	NA	NA	NA	NA	NA	NA	NA	NA	NA	NA	NA	NA	NA	NA	NA	NA	NA	NA
562.6484	NA	NA	susceptible	susceptible	NA	NA	NA	NA	NA	NA	NA	NA	NA	NA	NA	NA	NA	NA	NA	NA	NA	NA	NA	NA	NA	NA	NA	NA	NA	NA	NA	NA	NA	NA	NA	NA	NA	NA	NA
562.64841	NA	NA	susceptible	resistant	NA	NA	NA	NA	NA	NA	NA	NA	NA	NA	NA	NA	NA	NA	NA	NA	NA	NA	NA	NA	NA	NA	NA	NA	NA	NA	NA	NA	NA	NA	NA	NA	NA	NA	NA
562.64842	NA	NA	susceptible	susceptible	NA	NA	NA	NA	NA	NA	NA	NA	NA	NA	NA	NA	NA	NA	NA	NA	NA	NA	NA	NA	NA	NA	NA	NA	NA	NA	NA	NA	NA	NA	NA	NA	NA	NA	NA
562.64843	NA	NA	susceptible	resistant	NA	NA	NA	NA	NA	NA	NA	NA	NA	NA	NA	NA	NA	NA	NA	NA	NA	NA	NA	NA	NA	NA	NA	NA	NA	NA	NA	NA	NA	NA	NA	NA	NA	NA	NA
562.64844	NA	NA	susceptible	resistant	NA	NA	NA	NA	NA	NA	NA	NA	NA	NA	NA	NA	NA	NA	NA	NA	NA	NA	NA	NA	NA	NA	NA	NA	NA	NA	NA	NA	NA	NA	NA	NA	NA	NA	NA
562.64845	NA	NA	susceptible	resistant	NA	NA	NA	NA	NA	NA	NA	NA	NA	NA	NA	NA	NA	NA	NA	NA	NA	NA	NA	NA	NA	NA	NA	NA	NA	NA	NA	NA	NA	NA	NA	NA	NA	NA	NA
562.64864	NA	resistant	resistant	resistant	NA	NA	NA	NA	NA	NA	NA	NA	NA	NA	NA	NA	NA	NA	NA	NA	NA	NA	NA	NA	NA	NA	NA	NA	NA	NA	NA	NA	NA	NA	NA	NA	NA	NA	NA
562.6483	NA	resistant	resistant	resistant	NA	NA	NA	NA	NA	NA	NA	NA	NA	NA	NA	NA	NA	NA	NA	NA	NA	NA	NA	NA	NA	NA	NA	NA	NA	NA	NA	NA	NA	NA	NA	NA	NA	NA	NA
562.64865	NA	resistant	resistant	resistant	NA	NA	NA	NA	NA	NA	NA	NA	NA	NA	NA	NA	NA	NA	NA	NA	NA	NA	NA	NA	NA	NA	NA	NA	NA	NA	NA	NA	NA	NA	NA	NA	NA	NA	NA
562.64867	NA	NA	susceptible	susceptible	NA	NA	NA	NA	NA	NA	NA	NA	NA	NA	NA	NA	NA	NA	NA	NA	NA	NA	NA	NA	NA	NA	NA	NA	NA	NA	NA	NA	NA	NA	NA	NA	NA	NA	NA
562.64887	NA	NA	susceptible	susceptible	NA	NA	NA	NA	NA	NA	NA	NA	NA	NA	NA	NA	NA	NA	NA	NA	NA	NA	NA	NA	NA	NA	NA	NA	NA	NA	NA	NA	NA	NA	NA	NA	NA	NA	NA
562.64889	NA	NA	resistant	resistant	NA	NA	NA	NA	NA	NA	NA	NA	NA	NA	NA	NA	NA	NA	NA	NA	NA	NA	NA	NA	NA	NA	NA	NA	NA	NA	NA	NA	NA	NA	NA	NA	NA	NA	NA
562.6489	NA	susceptible	susceptible	resistant	NA	NA	NA	NA	NA	NA	NA	NA	NA	NA	NA	NA	NA	NA	NA	NA	NA	NA	NA	NA	NA	NA	NA	NA	NA	NA	NA	NA	NA	NA	NA	NA	NA	NA	NA
562.64891	NA	susceptible	susceptible	susceptible	NA	NA	NA	NA	NA	NA	NA	NA	NA	NA	NA	NA	NA	NA	NA	NA	NA	NA	NA	NA	NA	NA	NA	NA	NA	NA	NA	NA	NA	NA	NA	NA	NA	NA	NA
562.64892	NA	NA	susceptible	susceptible	NA	NA	NA	NA	NA	NA	NA	NA	NA	NA	NA	NA	NA	NA	NA	NA	NA	NA	NA	NA	NA	NA	NA	NA	NA	NA	NA	NA	NA	NA	NA	NA	NA	NA	NA
562.64893	NA	NA	susceptible	resistant	NA	NA	NA	NA	NA	NA	NA	NA	NA	NA	NA	NA	NA	NA	NA	NA	NA	NA	NA	NA	NA	NA	NA	NA	NA	NA	NA	NA	NA	NA	NA	NA	NA	NA	NA
562.64886	NA	NA	resistant	resistant	NA	NA	NA	NA	NA	NA	NA	NA	NA	NA	NA	NA	NA	NA	NA	NA	NA	NA	NA	NA	NA	NA	NA	NA	NA	NA	NA	NA	NA	NA	NA	NA	NA	NA	NA
562.64894	NA	NA	susceptible	susceptible	NA	NA	NA	NA	NA	NA	NA	NA	NA	NA	NA	NA	NA	NA	NA	NA	NA	NA	NA	NA	NA	NA	NA	NA	NA	NA	NA	NA	NA	NA	NA	NA	NA	NA	NA
562.64896	NA	resistant	resistant	resistant	NA	NA	NA	NA	NA	NA	NA	NA	NA	NA	NA	NA	NA	NA	NA	NA	NA	NA	NA	NA	NA	NA	NA	NA	NA	NA	NA	NA	NA	NA	NA	NA	NA	NA	NA
562.64897	NA	NA	susceptible	resistant	NA	NA	NA	NA	NA	NA	NA	NA	NA	NA	NA	NA	NA	NA	NA	NA	NA	NA	NA	NA	NA	NA	NA	NA	NA	NA	NA	NA	NA	NA	NA	NA	NA	NA	NA
562.64898	NA	NA	susceptible	susceptible	NA	NA	NA	NA	NA	NA	NA	NA	NA	NA	NA	NA	NA	NA	NA	NA	NA	NA	NA	NA	NA	NA	NA	NA	NA	NA	NA	NA	NA	NA	NA	NA	NA	NA	NA
562.64899	NA	resistant	resistant	resistant	NA	NA	NA	NA	NA	NA	NA	NA	NA	NA	NA	NA	NA	NA	NA	NA	NA	NA	NA	NA	NA	NA	NA	NA	NA	NA	NA	NA	NA	NA	NA	NA	NA	NA	NA
562.649	NA	resistant	resistant	resistant	NA	NA	NA	NA	NA	NA	NA	NA	NA	NA	NA	NA	NA	NA	NA	NA	NA	NA	NA	NA	NA	NA	NA	NA	NA	NA	NA	NA	NA	NA	NA	NA	NA	NA	NA
562.64901	NA	NA	susceptible	susceptible	NA	NA	NA	NA	NA	NA	NA	NA	NA	NA	NA	NA	NA	NA	NA	NA	NA	NA	NA	NA	NA	NA	NA	NA	NA	NA	NA	NA	NA	NA	NA	NA	NA	NA	NA
562.64895	NA	NA	resistant	resistant	NA	NA	NA	NA	NA	NA	NA	NA	NA	NA	NA	NA	NA	NA	NA	NA	NA	NA	NA	NA	NA	NA	NA	NA	NA	NA	NA	NA	NA	NA	NA	NA	NA	NA	NA
562.64885	NA	NA	susceptible	susceptible	NA	NA	NA	NA	NA	NA	NA	NA	NA	NA	NA	NA	NA	NA	NA	NA	NA	NA	NA	NA	NA	NA	NA	NA	NA	NA	NA	NA	NA	NA	NA	NA	NA	NA	NA
562.64884	NA	resistant	resistant	resistant	NA	NA	NA	NA	NA	NA	NA	NA	NA	NA	NA	NA	NA	NA	NA	NA	NA	NA	NA	NA	NA	NA	NA	NA	NA	NA	NA	NA	NA	NA	NA	NA	NA	NA	NA
562.64883	NA	susceptible	susceptible	resistant	NA	NA	NA	NA	NA	NA	NA	NA	NA	NA	NA	NA	NA	NA	NA	NA	NA	NA	NA	NA	NA	NA	NA	NA	NA	NA	NA	NA	NA	NA	NA	NA	NA	NA	NA
562.64868	NA	NA	resistant	resistant	NA	NA	NA	NA	NA	NA	NA	NA	NA	NA	NA	NA	NA	NA	NA	NA	NA	NA	NA	NA	NA	NA	NA	NA	NA	NA	NA	NA	NA	NA	NA	NA	NA	NA	NA
562.64869	NA	resistant	resistant	resistant	NA	NA	NA	NA	NA	NA	NA	NA	NA	NA	NA	NA	NA	NA	NA	NA	NA	NA	NA	NA	NA	NA	NA	NA	NA	NA	NA	NA	NA	NA	NA	NA	NA	NA	NA
562.6487	NA	resistant	resistant	resistant	NA	NA	NA	NA	NA	NA	NA	NA	NA	NA	NA	NA	NA	NA	NA	NA	NA	NA	NA	NA	NA	NA	NA	NA	NA	NA	NA	NA	NA	NA	NA	NA	NA	NA	NA
562.64871	NA	NA	resistant	resistant	NA	NA	NA	NA	NA	NA	NA	NA	NA	NA	NA	NA	NA	NA	NA	NA	NA	NA	NA	NA	NA	NA	NA	NA	NA	NA	NA	NA	NA	NA	NA	NA	NA	NA	NA
562.64872	NA	NA	susceptible	resistant	NA	NA	NA	NA	NA	NA	NA	NA	NA	NA	NA	NA	NA	NA	NA	NA	NA	NA	NA	NA	NA	NA	NA	NA	NA	NA	NA	NA	NA	NA	NA	NA	NA	NA	NA
562.64873	NA	NA	resistant	resistant	NA	NA	NA	NA	NA	NA	NA	NA	NA	NA	NA	NA	NA	NA	NA	NA	NA	NA	NA	NA	NA	NA	NA	NA	NA	NA	NA	NA	NA	NA	NA	NA	NA	NA	NA
562.64874	NA	susceptible	susceptible	resistant	NA	NA	NA	NA	NA	NA	NA	NA	NA	NA	NA	NA	NA	NA	NA	NA	NA	NA	NA	NA	NA	NA	NA	NA	NA	NA	NA	NA	NA	NA	NA	NA	NA	NA	NA
562.64875	NA	susceptible	susceptible	resistant	NA	NA	NA	NA	NA	NA	NA	NA	NA	NA	NA	NA	NA	NA	NA	NA	NA	NA	NA	NA	NA	NA	NA	NA	NA	NA	NA	NA	NA	NA	NA	NA	NA	NA	NA
562.64876	NA	NA	susceptible	susceptible	NA	NA	NA	NA	NA	NA	NA	NA	NA	NA	NA	NA	NA	NA	NA	NA	NA	NA	NA	NA	NA	NA	NA	NA	NA	NA	NA	NA	NA	NA	NA	NA	NA	NA	NA
562.64877	NA	NA	susceptible	susceptible	NA	NA	NA	NA	NA	NA	NA	NA	NA	NA	NA	NA	NA	NA	NA	NA	NA	NA	NA	NA	NA	NA	NA	NA	NA	NA	NA	NA	NA	NA	NA	NA	NA	NA	NA
562.64878	NA	NA	resistant	resistant	NA	NA	NA	NA	NA	NA	NA	NA	NA	NA	NA	NA	NA	NA	NA	NA	NA	NA	NA	NA	NA	NA	NA	NA	NA	NA	NA	NA	NA	NA	NA	NA	NA	NA	NA
562.64879	NA	resistant	resistant	resistant	NA	NA	NA	NA	NA	NA	NA	NA	NA	NA	NA	NA	NA	NA	NA	NA	NA	NA	NA	NA	NA	NA	NA	NA	NA	NA	NA	NA	NA	NA	NA	NA	NA	NA	NA
562.6488	NA	resistant	resistant	resistant	NA	NA	NA	NA	NA	NA	NA	NA	NA	NA	NA	NA	NA	NA	NA	NA	NA	NA	NA	NA	NA	NA	NA	NA	NA	NA	NA	NA	NA	NA	NA	NA	NA	NA	NA
562.64881	NA	NA	resistant	resistant	NA	NA	NA	NA	NA	NA	NA	NA	NA	NA	NA	NA	NA	NA	NA	NA	NA	NA	NA	NA	NA	NA	NA	NA	NA	NA	NA	NA	NA	NA	NA	NA	NA	NA	NA
562.64882	NA	NA	susceptible	susceptible	NA	NA	NA	NA	NA	NA	NA	NA	NA	NA	NA	NA	NA	NA	NA	NA	NA	NA	NA	NA	NA	NA	NA	NA	NA	NA	NA	NA	NA	NA	NA	NA	NA	NA	NA
562.64866	NA	susceptible	resistant	resistant	NA	NA	NA	NA	NA	NA	NA	NA	NA	NA	NA	NA	NA	NA	NA	NA	NA	NA	NA	NA	NA	NA	NA	NA	NA	NA	NA	NA	NA	NA	NA	NA	NA	NA	NA
562.64902	NA	NA	resistant	resistant	NA	NA	NA	NA	NA	NA	NA	NA	NA	NA	NA	NA	NA	NA	NA	NA	NA	NA	NA	NA	NA	NA	NA	NA	NA	NA	NA	NA	NA	NA	NA	NA	NA	NA	NA
562.64829	NA	NA	susceptible	susceptible	NA	NA	NA	NA	NA	NA	NA	NA	NA	NA	NA	NA	NA	NA	NA	NA	NA	NA	NA	NA	NA	NA	NA	NA	NA	NA	NA	NA	NA	NA	NA	NA	NA	NA	NA
562.64827	NA	NA	susceptible	resistant	NA	NA	NA	NA	NA	NA	NA	NA	NA	NA	NA	NA	NA	NA	NA	NA	NA	NA	NA	NA	NA	NA	NA	NA	NA	NA	NA	NA	NA	NA	NA	NA	NA	NA	NA
562.58737	NA	NA	NA	resistant	NA	NA	NA	NA	NA	NA	resistant	NA	NA	resistant	NA	NA	NA	NA	resistant	resistant	NA	NA	NA	NA	resistant	NA	NA	susceptible	NA	NA	NA	NA	NA	resistant	NA	susceptible	NA	resistant	NA
562.58738	NA	NA	NA	resistant	NA	NA	NA	NA	NA	NA	resistant	NA	NA	resistant	NA	NA	NA	NA	susceptible	resistant	NA	NA	NA	NA	resistant	NA	NA	susceptible	NA	NA	NA	NA	NA	resistant	NA	susceptible	NA	resistant	NA
562.58739	NA	NA	NA	resistant	NA	NA	NA	NA	NA	NA	resistant	NA	NA	resistant	NA	NA	NA	NA	resistant	resistant	NA	NA	NA	NA	resistant	NA	NA	susceptible	NA	NA	NA	NA	NA	resistant	NA	susceptible	NA	resistant	NA
562.5874	NA	NA	NA	resistant	NA	NA	NA	NA	NA	NA	resistant	NA	NA	resistant	NA	NA	NA	NA	resistant	resistant	NA	NA	NA	NA	susceptible	NA	NA	susceptible	NA	NA	NA	NA	NA	resistant	susceptible*	susceptible	NA	resistant	NA
562.58741	NA	NA	NA	resistant	NA	NA	NA	NA	NA	NA	susceptible	NA	NA	susceptible	NA	NA	NA	NA	susceptible	NA	NA	NA	NA	NA	susceptible	NA	NA	NA	NA	NA	NA	NA	NA	NA	NA	NA	NA	NA	NA
562.58742	NA	NA	NA	resistant	NA	NA	NA	NA	NA	NA	susceptible	NA	NA	susceptible	NA	NA	NA	NA	susceptible	NA	NA	NA	NA	NA	susceptible	NA	NA	NA	NA	NA	NA	NA	NA	NA	NA	NA	NA	NA	NA
562.58736	NA	NA	NA	resistant	NA	NA	NA	NA	NA	NA	resistant	NA	NA	resistant	NA	NA	NA	NA	resistant	resistant	NA	NA	NA	NA	resistant	NA	NA	susceptible	NA	NA	NA	NA	NA	resistant	NA	susceptible	NA	resistant	NA
562.58743	NA	NA	NA	resistant	NA	NA	NA	NA	NA	NA	resistant	NA	NA	susceptible	NA	NA	NA	NA	susceptible	NA	NA	NA	NA	NA	susceptible	NA	NA	NA	NA	NA	NA	NA	NA	NA	NA	NA	NA	NA	NA
562.58748	NA	NA	NA	resistant	NA	NA	NA	NA	NA	NA	susceptible	NA	NA	susceptible	NA	NA	NA	NA	resistant	NA	NA	NA	NA	NA	resistant	NA	NA	NA	NA	NA	NA	NA	NA	NA	NA	NA	NA	NA	NA
562.58749	NA	NA	NA	resistant	NA	NA	NA	NA	NA	NA	susceptible	NA	NA	susceptible	NA	NA	NA	NA	resistant	NA	NA	NA	NA	NA	susceptible	NA	NA	NA	NA	NA	NA	NA	NA	NA	NA	NA	NA	NA	NA
562.58752	NA	NA	NA	resistant	NA	NA	NA	NA	NA	NA	resistant	NA	NA	resistant	NA	NA	NA	NA	susceptible	NA	NA	NA	NA	NA	susceptible	NA	NA	NA	NA	NA	NA	NA	NA	NA	NA	NA	NA	NA	NA
562.58753	NA	NA	NA	resistant	NA	NA	NA	NA	NA	NA	susceptible	NA	NA	susceptible	NA	NA	NA	NA	susceptible	NA	NA	NA	NA	NA	susceptible	NA	NA	NA	NA	NA	NA	NA	NA	NA	NA	NA	NA	NA	NA
562.58754	NA	NA	NA	resistant	NA	NA	NA	NA	NA	NA	susceptible	NA	NA	susceptible	NA	NA	NA	NA	susceptible	NA	NA	NA	NA	NA	susceptible	NA	NA	NA	NA	NA	NA	NA	NA	NA	NA	NA	NA	NA	NA
562.58755	NA	NA	NA	resistant	NA	NA	NA	NA	NA	NA	susceptible	NA	NA	susceptible	NA	NA	NA	NA	susceptible	NA	NA	NA	NA	NA	susceptible	NA	NA	NA	NA	NA	NA	NA	NA	NA	NA	NA	NA	NA	NA
562.58745	NA	NA	NA	resistant	NA	NA	NA	NA	NA	NA	resistant	NA	NA	susceptible	NA	NA	NA	NA	susceptible	NA	NA	NA	NA	NA	susceptible	NA	NA	NA	NA	NA	NA	NA	NA	NA	NA	NA	NA	NA	NA
562.58735	NA	NA	NA	resistant	NA	NA	NA	NA	NA	NA	resistant	NA	NA	resistant	NA	NA	NA	NA	resistant	resistant	NA	NA	NA	NA	resistant	NA	NA	susceptible	NA	NA	NA	NA	NA	susceptible	NA	susceptible	NA	susceptible	NA
562.58734	NA	NA	NA	resistant	NA	NA	NA	NA	NA	NA	resistant	NA	NA	resistant	NA	NA	NA	NA	resistant	resistant	NA	NA	NA	NA	resistant	NA	NA	susceptible	NA	NA	NA	NA	NA	resistant	NA	susceptible	NA	resistant	NA
562.58732	NA	NA	NA	resistant	NA	NA	NA	NA	NA	NA	resistant	NA	NA	resistant	NA	NA	NA	NA	resistant	resistant	NA	NA	NA	NA	resistant	NA	NA	susceptible	NA	NA	NA	NA	NA	resistant	NA	susceptible	NA	resistant	NA
562.58716	NA	NA	NA	resistant	NA	NA	NA	NA	NA	NA	resistant	NA	NA	resistant	NA	NA	NA	NA	resistant	resistant	NA	NA	NA	NA	susceptible	NA	NA	susceptible	NA	NA	NA	NA	NA	resistant	NA	susceptible	NA	resistant	NA
562.58717	NA	NA	NA	resistant	NA	NA	NA	NA	NA	NA	susceptible	NA	NA	susceptible	NA	NA	NA	NA	susceptible	resistant	NA	NA	NA	NA	resistant	NA	NA	susceptible	NA	NA	NA	NA	NA	susceptible	NA	susceptible	NA	susceptible	NA
562.58718	NA	NA	NA	resistant	NA	NA	NA	NA	NA	NA	susceptible	NA	NA	susceptible	NA	NA	NA	NA	susceptible	resistant	NA	NA	NA	NA	resistant	NA	NA	susceptible	NA	NA	NA	NA	NA	resistant	NA	susceptible	NA	resistant	NA
562.58719	NA	NA	NA	resistant	NA	NA	NA	NA	NA	NA	resistant	NA	NA	resistant	NA	NA	NA	NA	resistant	resistant	NA	NA	NA	NA	susceptible	NA	NA	susceptible	NA	NA	NA	NA	NA	resistant	NA	susceptible	NA	resistant	NA
562.5872	NA	NA	NA	resistant	NA	NA	NA	NA	NA	NA	resistant	NA	NA	resistant	NA	NA	NA	NA	resistant	resistant	NA	NA	NA	NA	resistant	NA	NA	susceptible	NA	NA	NA	NA	NA	resistant	NA	susceptible	NA	resistant	NA
562.58721	NA	NA	NA	resistant	NA	NA	NA	NA	NA	NA	susceptible	NA	NA	susceptible	NA	NA	NA	NA	resistant	resistant	NA	NA	NA	NA	resistant	NA	NA	susceptible	NA	NA	NA	NA	NA	resistant	NA	susceptible	NA	resistant	NA
562.58722	NA	NA	NA	resistant	NA	NA	NA	NA	NA	NA	resistant	NA	NA	resistant	NA	NA	NA	NA	resistant*	resistant	NA	NA	NA	NA	susceptible	NA	NA	susceptible	NA	NA	NA	NA	NA	resistant	NA	susceptible	NA	resistant	NA
562.58723	NA	NA	NA	resistant	NA	NA	NA	NA	NA	NA	susceptible	NA	NA	susceptible	NA	NA	NA	NA	resistant	resistant	NA	NA	NA	NA	susceptible	NA	NA	susceptible	NA	NA	NA	NA	NA	resistant	NA	susceptible	NA	resistant	NA
562.58725	NA	NA	NA	resistant	NA	NA	NA	NA	NA	NA	susceptible	NA	NA	susceptible	NA	NA	NA	NA	resistant	resistant	NA	NA	NA	NA	resistant	NA	NA	susceptible	NA	NA	NA	NA	NA	resistant	NA	susceptible	NA	resistant	NA
562.58726	NA	NA	NA	resistant	NA	NA	NA	NA	NA	NA	resistant	NA	NA	resistant	NA	NA	NA	NA	resistant	resistant	NA	NA	NA	NA	susceptible	NA	NA	susceptible	NA	NA	NA	NA	NA	resistant	NA	susceptible	NA	susceptible	NA
562.58727	NA	NA	NA	resistant	NA	NA	NA	NA	NA	NA	susceptible	NA	NA	susceptible	NA	NA	NA	NA	resistant	resistant	NA	NA	NA	NA	resistant	NA	NA	susceptible	NA	NA	NA	NA	NA	resistant	NA	susceptible	NA	resistant	NA
562.58728	NA	NA	NA	resistant	NA	NA	NA	NA	NA	NA	susceptible	NA	NA	susceptible	NA	NA	NA	NA	resistant	resistant	NA	NA	NA	NA	susceptible	NA	NA	susceptible	NA	NA	NA	NA	NA	resistant	NA	susceptible	NA	resistant	NA
562.58729	NA	NA	NA	resistant	NA	NA	NA	NA	NA	NA	susceptible	NA	NA	susceptible	NA	NA	NA	NA	resistant	resistant	NA	NA	NA	NA	resistant	NA	NA	susceptible	NA	NA	NA	NA	NA	resistant	NA	susceptible	NA	resistant	NA
562.5873	NA	NA	NA	resistant	NA	NA	NA	NA	NA	NA	resistant	NA	NA	susceptible	NA	NA	NA	NA	resistant	resistant	NA	NA	NA	NA	susceptible	NA	NA	susceptible	NA	NA	NA	NA	NA	resistant	NA	susceptible	NA	resistant	NA
562.58731	NA	NA	NA	resistant	NA	NA	NA	NA	NA	NA	susceptible	NA	NA	susceptible	NA	NA	NA	NA	resistant	resistant	NA	NA	NA	NA	susceptible	NA	NA	susceptible	NA	NA	NA	NA	NA	resistant	NA	susceptible	NA	resistant	NA
562.58757	NA	NA	NA	resistant	NA	NA	NA	NA	NA	NA	susceptible	NA	NA	susceptible	NA	NA	NA	NA	susceptible	NA	NA	NA	NA	NA	susceptible	NA	NA	NA	NA	NA	NA	NA	NA	NA	NA	NA	NA	NA	NA
562.64828	NA	NA	susceptible	resistant	NA	NA	NA	NA	NA	NA	NA	NA	NA	NA	NA	NA	NA	NA	NA	NA	NA	NA	NA	NA	NA	NA	NA	NA	NA	NA	NA	NA	NA	NA	NA	NA	NA	NA	NA
562.58759	NA	NA	NA	resistant	NA	NA	NA	NA	NA	NA	susceptible	NA	NA	susceptible	NA	NA	NA	NA	resistant	NA	NA	NA	NA	NA	susceptible	NA	NA	NA	NA	NA	NA	NA	NA	NA	NA	NA	NA	NA	NA
562.58761	NA	NA	NA	resistant	NA	NA	NA	NA	NA	NA	susceptible	NA	NA	susceptible	NA	NA	NA	NA	resistant	NA	NA	NA	NA	NA	resistant	NA	NA	NA	NA	NA	NA	NA	NA	NA	NA	NA	NA	NA	NA
562.58782	susceptible	NA	susceptible	susceptible	NA	NA	susceptible	NA	NA	susceptible	susceptible	NA	NA	susceptible	NA	susceptible	susceptible	resistant	susceptible	susceptible	NA	NA	susceptible	NA	susceptible	susceptible	susceptible*	susceptible	NA	NA	susceptible	susceptible	NA	NA	susceptible	susceptible	susceptible	NA	susceptible
562.58783	susceptible	NA	susceptible	susceptible	susceptible*	NA	susceptible	NA	NA	susceptible	susceptible	NA	NA	susceptible	NA	susceptible	susceptible	susceptible	susceptible	susceptible	NA	NA	susceptible	NA	susceptible	susceptible	susceptible*	susceptible	NA	NA	intermediate	susceptible	NA	NA	resistant	susceptible	susceptible	NA	susceptible
562.58784	susceptible	NA	resistant	resistant	NA	NA	susceptible	NA	NA	susceptible	susceptible	NA	NA	susceptible	NA	susceptible	susceptible	resistant	susceptible	susceptible	NA	NA	susceptible	NA	susceptible	susceptible	susceptible*	susceptible	NA	NA	susceptible	susceptible	NA	NA	resistant	susceptible	intermediate	NA	susceptible
562.58785	susceptible	NA	susceptible	susceptible	susceptible*	NA	susceptible	NA	NA	susceptible	susceptible	NA	NA	susceptible	NA	susceptible	susceptible	susceptible	susceptible	resistant	NA	NA	susceptible	NA	susceptible	susceptible	susceptible*	susceptible	NA	NA	susceptible	susceptible	NA	NA	susceptible	susceptible	susceptible	NA	susceptible
562.58786	susceptible	NA	resistant	resistant	susceptible*	NA	susceptible	NA	NA	susceptible	susceptible	NA	NA	susceptible	NA	susceptible	susceptible	susceptible	susceptible	susceptible	NA	NA	susceptible	NA	susceptible	susceptible	susceptible*	susceptible	NA	NA	susceptible	susceptible	NA	NA	resistant	susceptible	susceptible	NA	susceptible
562.58787	susceptible	NA	susceptible	susceptible	NA	NA	susceptible	NA	NA	susceptible	susceptible	NA	NA	susceptible	NA	susceptible	susceptible	susceptible	susceptible	susceptible	NA	NA	susceptible	NA	susceptible	susceptible	susceptible*	susceptible	NA	NA	susceptible	susceptible	NA	NA	resistant	susceptible	susceptible	NA	resistant
562.58781	susceptible	NA	susceptible	susceptible	NA	NA	susceptible	NA	NA	susceptible	susceptible	NA	NA	susceptible	NA	susceptible	susceptible	resistant	susceptible	susceptible	NA	NA	susceptible	NA	susceptible	susceptible	susceptible*	susceptible	NA	NA	susceptible	susceptible	NA	NA	susceptible	susceptible	susceptible	NA	susceptible
562.58788	susceptible	NA	susceptible	susceptible	NA	NA	susceptible	NA	NA	susceptible	susceptible	NA	NA	susceptible	NA	susceptible	susceptible	susceptible	susceptible	susceptible	NA	NA	susceptible	NA	susceptible	susceptible	susceptible*	susceptible	NA	NA	susceptible	susceptible	NA	NA	resistant	susceptible	intermediate	NA	resistant
562.5879	susceptible	NA	susceptible	susceptible	NA	NA	susceptible	NA	NA	susceptible	susceptible	NA	NA	susceptible	NA	susceptible	susceptible	susceptible	resistant	susceptible	NA	NA	susceptible	NA	susceptible	susceptible	susceptible*	susceptible	NA	NA	intermediate	susceptible	NA	NA	resistant	susceptible	intermediate	NA	resistant
562.58791	susceptible	NA	susceptible	resistant	NA	NA	susceptible	NA	NA	susceptible	susceptible	NA	NA	susceptible	NA	susceptible	resistant	resistant	resistant	resistant	NA	NA	susceptible	NA	susceptible	susceptible	NA	susceptible	NA	NA	resistant	susceptible	NA	NA	resistant	susceptible	resistant	NA	resistant
562.58792	susceptible	NA	susceptible	susceptible	susceptible*	NA	susceptible	NA	NA	susceptible	susceptible	NA	NA	susceptible	NA	susceptible	susceptible	susceptible	susceptible	susceptible	NA	NA	susceptible	NA	susceptible	susceptible	susceptible*	susceptible	NA	NA	susceptible	susceptible	NA	NA	susceptible	susceptible	susceptible	NA	susceptible
562.64824	NA	NA	resistant	resistant	NA	NA	NA	NA	NA	NA	NA	NA	NA	NA	NA	NA	NA	NA	NA	NA	NA	NA	NA	NA	NA	NA	NA	NA	NA	NA	NA	NA	NA	NA	NA	NA	NA	NA	NA
562.64825	NA	NA	susceptible	susceptible	NA	NA	NA	NA	NA	NA	NA	NA	NA	NA	NA	NA	NA	NA	NA	NA	NA	NA	NA	NA	NA	NA	NA	NA	NA	NA	NA	NA	NA	NA	NA	NA	NA	NA	NA
562.64826	NA	NA	susceptible	susceptible	NA	NA	NA	NA	NA	NA	NA	NA	NA	NA	NA	NA	NA	NA	NA	NA	NA	NA	NA	NA	NA	NA	NA	NA	NA	NA	NA	NA	NA	NA	NA	NA	NA	NA	NA
562.58789	susceptible	NA	susceptible	susceptible	susceptible*	NA	susceptible	NA	NA	susceptible	susceptible	NA	NA	susceptible	NA	susceptible	susceptible	susceptible	susceptible	resistant	NA	NA	susceptible	NA	susceptible	susceptible	susceptible*	susceptible	NA	NA	susceptible	susceptible	NA	NA	resistant	susceptible	susceptible	NA	susceptible
562.5878	susceptible	NA	susceptible	susceptible	susceptible*	NA	susceptible	NA	NA	susceptible	susceptible	NA	NA	susceptible	NA	susceptible	susceptible	susceptible	susceptible	resistant	NA	NA	susceptible	NA	susceptible	susceptible	susceptible*	susceptible	NA	NA	susceptible	susceptible	NA	NA	susceptible	susceptible	susceptible	NA	susceptible
562.58779	susceptible	NA	susceptible	susceptible	susceptible*	NA	susceptible	NA	NA	susceptible	susceptible	NA	NA	susceptible	NA	susceptible	resistant	susceptible	susceptible	susceptible	NA	NA	susceptible	NA	susceptible	susceptible	susceptible*	susceptible	NA	NA	susceptible	susceptible	NA	NA	susceptible	susceptible	susceptible	NA	susceptible
562.58778	susceptible	NA	susceptible	susceptible	susceptible*	NA	susceptible	NA	NA	susceptible	susceptible	NA	NA	susceptible	NA	susceptible	susceptible	susceptible	susceptible	susceptible	NA	NA	susceptible	NA	susceptible	susceptible	susceptible*	susceptible	NA	NA	susceptible	susceptible	NA	NA	susceptible	susceptible	susceptible	NA	susceptible
562.58762	NA	NA	NA	resistant	NA	NA	NA	NA	NA	NA	susceptible	NA	NA	susceptible	NA	NA	NA	NA	susceptible	NA	NA	NA	NA	NA	susceptible	NA	NA	NA	NA	NA	NA	NA	NA	NA	NA	NA	NA	NA	NA
562.58763	NA	NA	NA	resistant	NA	NA	NA	NA	NA	NA	resistant	NA	NA	resistant	NA	NA	NA	NA	resistant	NA	NA	NA	NA	NA	resistant	NA	NA	NA	NA	NA	NA	NA	NA	NA	NA	NA	NA	NA	NA
562.58765	NA	NA	NA	resistant	NA	NA	NA	NA	NA	NA	susceptible	NA	NA	susceptible	NA	NA	NA	NA	susceptible	NA	NA	NA	NA	NA	resistant	NA	NA	NA	NA	NA	NA	NA	NA	NA	NA	NA	NA	NA	NA
562.58766	NA	NA	NA	resistant	NA	NA	NA	NA	NA	NA	resistant	NA	NA	resistant	NA	NA	NA	NA	resistant	NA	NA	NA	NA	NA	resistant	NA	NA	NA	NA	NA	NA	NA	NA	NA	NA	NA	NA	NA	NA
562.58767	NA	NA	NA	resistant	NA	NA	NA	NA	NA	NA	resistant	NA	NA	resistant	NA	NA	NA	NA	susceptible	NA	NA	NA	NA	NA	susceptible	NA	NA	NA	NA	NA	NA	NA	NA	NA	NA	NA	NA	NA	NA
562.58768	NA	NA	NA	resistant	NA	NA	NA	NA	NA	NA	resistant	NA	NA	resistant	NA	NA	NA	NA	susceptible	NA	NA	NA	NA	NA	susceptible	NA	NA	NA	NA	NA	NA	NA	NA	NA	NA	NA	NA	NA	NA
562.58769	susceptible	NA	susceptible	susceptible	NA	NA	susceptible	NA	NA	susceptible	susceptible	NA	NA	susceptible	NA	susceptible	susceptible	susceptible	intermediate	susceptible	NA	NA	susceptible	NA	susceptible	susceptible	NA	susceptible	NA	NA	intermediate	susceptible	NA	NA	resistant	susceptible	susceptible	NA	susceptible
562.5877	susceptible	NA	resistant	resistant	NA	NA	susceptible	NA	NA	susceptible	susceptible	NA	NA	susceptible	NA	susceptible	resistant	resistant	susceptible	resistant	NA	NA	susceptible	NA	susceptible	susceptible	susceptible*	susceptible	NA	NA	resistant	susceptible	NA	NA	resistant	susceptible	intermediate	NA	susceptible
562.58771	susceptible	NA	susceptible	resistant	NA	NA	susceptible	NA	NA	susceptible	susceptible	NA	NA	susceptible	NA	susceptible	susceptible	resistant	susceptible	susceptible	NA	NA	susceptible	NA	susceptible	susceptible	susceptible*	susceptible	NA	NA	intermediate	susceptible	NA	NA	resistant	susceptible	resistant	NA	resistant
562.58772	susceptible	NA	resistant	resistant	NA	NA	susceptible	NA	NA	susceptible	susceptible	NA	NA	susceptible	NA	susceptible	susceptible	resistant	intermediate	resistant	NA	NA	susceptible	NA	susceptible	susceptible	susceptible*	susceptible	NA	NA	resistant	susceptible	NA	NA	resistant	susceptible	intermediate	NA	susceptible
562.58773	susceptible	NA	susceptible	resistant	NA	NA	susceptible	NA	NA	susceptible	susceptible	NA	NA	susceptible	NA	susceptible	resistant	resistant	intermediate	resistant	NA	NA	susceptible	NA	susceptible	susceptible	susceptible*	susceptible	NA	NA	resistant	susceptible	NA	NA	resistant	susceptible	susceptible	NA	resistant
562.58774	susceptible	NA	susceptible	susceptible	susceptible*	NA	susceptible	NA	NA	susceptible	susceptible	NA	NA	susceptible	NA	susceptible	susceptible	susceptible	susceptible*	susceptible	NA	NA	susceptible	NA	susceptible	susceptible	susceptible*	susceptible	NA	NA	susceptible	susceptible	NA	NA	resistant*	susceptible	susceptible	NA	intermediate
562.58775	susceptible	NA	susceptible	resistant	NA	NA	resistant	NA	NA	resistant	resistant	NA	NA	intermediate*	NA	resistant	resistant	resistant	resistant	resistant	NA	NA	susceptible	NA	resistant	susceptible	susceptible*	susceptible	NA	NA	resistant	susceptible	NA	NA	resistant	susceptible	resistant	NA	resistant
562.58776	susceptible	NA	susceptible	resistant	NA	NA	susceptible	NA	NA	susceptible	susceptible	NA	NA	susceptible	NA	susceptible	susceptible	susceptible	susceptible	susceptible	NA	NA	susceptible	NA	susceptible	susceptible	NA	susceptible	NA	NA	resistant	susceptible	NA	NA	resistant	susceptible	susceptible	NA	susceptible
562.58777	susceptible	NA	resistant	resistant	NA	NA	resistant	NA	NA	resistant	resistant	NA	NA	resistant	NA	resistant	susceptible	resistant	susceptible	susceptible	NA	NA	susceptible	NA	susceptible	susceptible	susceptible*	susceptible	NA	NA	resistant	susceptible	NA	NA	resistant	susceptible	intermediate	NA	resistant
562.5876	NA	NA	NA	resistant	NA	NA	NA	NA	NA	NA	susceptible	NA	NA	susceptible	NA	NA	NA	NA	susceptible	NA	NA	NA	NA	NA	susceptible	NA	NA	NA	NA	NA	NA	NA	NA	NA	NA	NA	NA	NA	NA
562.64903	NA	resistant	resistant	resistant	NA	NA	NA	NA	NA	NA	NA	NA	NA	NA	NA	NA	NA	NA	NA	NA	NA	NA	NA	NA	NA	NA	NA	NA	NA	NA	NA	NA	NA	NA	NA	NA	NA	NA	NA
562.64904	NA	NA	susceptible	susceptible	NA	NA	NA	NA	NA	NA	NA	NA	NA	NA	NA	NA	NA	NA	NA	NA	NA	NA	NA	NA	NA	NA	NA	NA	NA	NA	NA	NA	NA	NA	NA	NA	NA	NA	NA
562.64905	NA	NA	susceptible	susceptible	NA	NA	NA	NA	NA	NA	NA	NA	NA	NA	NA	NA	NA	NA	NA	NA	NA	NA	NA	NA	NA	NA	NA	NA	NA	NA	NA	NA	NA	NA	NA	NA	NA	NA	NA
562.64995	NA	NA	resistant	resistant	NA	NA	NA	NA	NA	NA	NA	NA	NA	NA	NA	NA	NA	NA	NA	NA	NA	NA	NA	NA	NA	NA	NA	NA	NA	NA	NA	NA	NA	NA	NA	NA	NA	NA	NA
562.64996	NA	NA	resistant	resistant	NA	NA	NA	NA	NA	NA	NA	NA	NA	NA	NA	NA	NA	NA	NA	NA	NA	NA	NA	NA	NA	NA	NA	NA	NA	NA	NA	NA	NA	NA	NA	NA	NA	NA	NA
562.64997	NA	NA	susceptible	susceptible	NA	NA	NA	NA	NA	NA	NA	NA	NA	NA	NA	NA	NA	NA	NA	NA	NA	NA	NA	NA	NA	NA	NA	NA	NA	NA	NA	NA	NA	NA	NA	NA	NA	NA	NA
562.64998	NA	NA	susceptible	susceptible	NA	NA	NA	NA	NA	NA	NA	NA	NA	NA	NA	NA	NA	NA	NA	NA	NA	NA	NA	NA	NA	NA	NA	NA	NA	NA	NA	NA	NA	NA	NA	NA	NA	NA	NA
562.64999	NA	NA	susceptible	resistant	NA	NA	NA	NA	NA	NA	NA	NA	NA	NA	NA	NA	NA	NA	NA	NA	NA	NA	NA	NA	NA	NA	NA	NA	NA	NA	NA	NA	NA	NA	NA	NA	NA	NA	NA
562.65	NA	resistant	resistant	resistant	NA	NA	NA	NA	NA	NA	NA	NA	NA	NA	NA	NA	NA	NA	NA	NA	NA	NA	NA	NA	NA	NA	NA	NA	NA	NA	NA	NA	NA	NA	NA	NA	NA	NA	NA
562.64994	NA	NA	susceptible	resistant	NA	NA	NA	NA	NA	NA	NA	NA	NA	NA	NA	NA	NA	NA	NA	NA	NA	NA	NA	NA	NA	NA	NA	NA	NA	NA	NA	NA	NA	NA	NA	NA	NA	NA	NA
562.65001	NA	NA	susceptible	resistant	NA	NA	NA	NA	NA	NA	NA	NA	NA	NA	NA	NA	NA	NA	NA	NA	NA	NA	NA	NA	NA	NA	NA	NA	NA	NA	NA	NA	NA	NA	NA	NA	NA	NA	NA
562.65003	NA	NA	susceptible	susceptible	NA	NA	NA	NA	NA	NA	NA	NA	NA	NA	NA	NA	NA	NA	NA	NA	NA	NA	NA	NA	NA	NA	NA	NA	NA	NA	NA	NA	NA	NA	NA	NA	NA	NA	NA
562.65004	NA	NA	susceptible	resistant	NA	NA	NA	NA	NA	NA	NA	NA	NA	NA	NA	NA	NA	NA	NA	NA	NA	NA	NA	NA	NA	NA	NA	NA	NA	NA	NA	NA	NA	NA	NA	NA	NA	NA	NA
562.65005	NA	NA	susceptible	susceptible	NA	NA	NA	NA	NA	NA	NA	NA	NA	NA	NA	NA	NA	NA	NA	NA	NA	NA	NA	NA	NA	NA	NA	NA	NA	NA	NA	NA	NA	NA	NA	NA	NA	NA	NA
562.65006	NA	resistant	resistant	resistant	NA	NA	NA	NA	NA	NA	NA	NA	NA	NA	NA	NA	NA	NA	NA	NA	NA	NA	NA	NA	NA	NA	NA	NA	NA	NA	NA	NA	NA	NA	NA	NA	NA	NA	NA
562.65007	NA	NA	susceptible	resistant	NA	NA	NA	NA	NA	NA	NA	NA	NA	NA	NA	NA	NA	NA	NA	NA	NA	NA	NA	NA	NA	NA	NA	NA	NA	NA	NA	NA	NA	NA	NA	NA	NA	NA	NA
562.65008	NA	NA	resistant	resistant	NA	NA	NA	NA	NA	NA	NA	NA	NA	NA	NA	NA	NA	NA	NA	NA	NA	NA	NA	NA	NA	NA	NA	NA	NA	NA	NA	NA	NA	NA	NA	NA	NA	NA	NA
562.65002	NA	NA	susceptible	resistant	NA	NA	NA	NA	NA	NA	NA	NA	NA	NA	NA	NA	NA	NA	NA	NA	NA	NA	NA	NA	NA	NA	NA	NA	NA	NA	NA	NA	NA	NA	NA	NA	NA	NA	NA
562.64993	NA	NA	resistant	resistant	NA	NA	NA	NA	NA	NA	NA	NA	NA	NA	NA	NA	NA	NA	NA	NA	NA	NA	NA	NA	NA	NA	NA	NA	NA	NA	NA	NA	NA	NA	NA	NA	NA	NA	NA
562.64992	NA	resistant	resistant	resistant	NA	NA	NA	NA	NA	NA	NA	NA	NA	NA	NA	NA	NA	NA	NA	NA	NA	NA	NA	NA	NA	NA	NA	NA	NA	NA	NA	NA	NA	NA	NA	NA	NA	NA	NA
562.64991	NA	NA	susceptible	susceptible	NA	NA	NA	NA	NA	NA	NA	NA	NA	NA	NA	NA	NA	NA	NA	NA	NA	NA	NA	NA	NA	NA	NA	NA	NA	NA	NA	NA	NA	NA	NA	NA	NA	NA	NA
1328448.3	NA	NA	NA	susceptible*	NA	NA	NA	NA	NA	NA	NA	NA	NA	NA	NA	susceptible*	NA	NA	NA	NA	NA	NA	NA	NA	susceptible*	NA	NA	NA	NA	NA	NA	NA	NA	NA	NA	NA	NA	NA	NA
1328439.3	NA	NA	NA	NA	NA	NA	NA	NA	NA	NA	NA	NA	NA	NA	NA	resistant*	NA	NA	NA	NA	NA	NA	NA	NA	NA	NA	NA	NA	NA	NA	NA	NA	NA	NA	NA	NA	NA	NA	NA
562.64978	NA	NA	resistant	resistant	NA	NA	NA	NA	NA	NA	NA	NA	NA	NA	NA	NA	NA	NA	NA	NA	NA	NA	NA	NA	NA	NA	NA	NA	NA	NA	NA	NA	NA	NA	NA	NA	NA	NA	NA
562.64979	NA	NA	susceptible	resistant	NA	NA	NA	NA	NA	NA	NA	NA	NA	NA	NA	NA	NA	NA	NA	NA	NA	NA	NA	NA	NA	NA	NA	NA	NA	NA	NA	NA	NA	NA	NA	NA	NA	NA	NA
562.6498	NA	NA	susceptible	susceptible	NA	NA	NA	NA	NA	NA	NA	NA	NA	NA	NA	NA	NA	NA	NA	NA	NA	NA	NA	NA	NA	NA	NA	NA	NA	NA	NA	NA	NA	NA	NA	NA	NA	NA	NA
562.64981	NA	susceptible	susceptible	susceptible	NA	NA	NA	NA	NA	NA	NA	NA	NA	NA	NA	NA	NA	NA	NA	NA	NA	NA	NA	NA	NA	NA	NA	NA	NA	NA	NA	NA	NA	NA	NA	NA	NA	NA	NA
562.64982	NA	NA	susceptible	resistant	NA	NA	NA	NA	NA	NA	NA	NA	NA	NA	NA	NA	NA	NA	NA	NA	NA	NA	NA	NA	NA	NA	NA	NA	NA	NA	NA	NA	NA	NA	NA	NA	NA	NA	NA
562.64983	NA	susceptible	resistant	resistant	NA	NA	NA	NA	NA	NA	NA	NA	NA	NA	NA	NA	NA	NA	NA	NA	NA	NA	NA	NA	NA	NA	NA	NA	NA	NA	NA	NA	NA	NA	NA	NA	NA	NA	NA
562.64984	NA	NA	susceptible	resistant	NA	NA	NA	NA	NA	NA	NA	NA	NA	NA	NA	NA	NA	NA	NA	NA	NA	NA	NA	NA	NA	NA	NA	NA	NA	NA	NA	NA	NA	NA	NA	NA	NA	NA	NA
562.64985	NA	NA	resistant	resistant	NA	NA	NA	NA	NA	NA	NA	NA	NA	NA	NA	NA	NA	NA	NA	NA	NA	NA	NA	NA	NA	NA	NA	NA	NA	NA	NA	NA	NA	NA	NA	NA	NA	NA	NA
562.64986	NA	NA	susceptible	susceptible	NA	NA	NA	NA	NA	NA	NA	NA	NA	NA	NA	NA	NA	NA	NA	NA	NA	NA	NA	NA	NA	NA	NA	NA	NA	NA	NA	NA	NA	NA	NA	NA	NA	NA	NA
562.64987	NA	NA	susceptible	susceptible	NA	NA	NA	NA	NA	NA	NA	NA	NA	NA	NA	NA	NA	NA	NA	NA	NA	NA	NA	NA	NA	NA	NA	NA	NA	NA	NA	NA	NA	NA	NA	NA	NA	NA	NA
562.64988	NA	NA	susceptible	susceptible	NA	NA	NA	NA	NA	NA	NA	NA	NA	NA	NA	NA	NA	NA	NA	NA	NA	NA	NA	NA	NA	NA	NA	NA	NA	NA	NA	NA	NA	NA	NA	NA	NA	NA	NA
562.64989	NA	NA	resistant	resistant	NA	NA	NA	NA	NA	NA	NA	NA	NA	NA	NA	NA	NA	NA	NA	NA	NA	NA	NA	NA	NA	NA	NA	NA	NA	NA	NA	NA	NA	NA	NA	NA	NA	NA	NA
562.6499	NA	susceptible	resistant	resistant	NA	NA	NA	NA	NA	NA	NA	NA	NA	NA	NA	NA	NA	NA	NA	NA	NA	NA	NA	NA	NA	NA	NA	NA	NA	NA	NA	NA	NA	NA	NA	NA	NA	NA	NA
562.65009	NA	NA	susceptible	susceptible	NA	NA	NA	NA	NA	NA	NA	NA	NA	NA	NA	NA	NA	NA	NA	NA	NA	NA	NA	NA	NA	NA	NA	NA	NA	NA	NA	NA	NA	NA	NA	NA	NA	NA	NA
1328449.3	NA	NA	NA	NA	NA	NA	NA	NA	NA	NA	NA	NA	NA	NA	NA	susceptible*	NA	NA	NA	NA	NA	NA	NA	NA	susceptible*	NA	NA	NA	NA	NA	NA	NA	NA	NA	NA	NA	NA	NA	NA
562.6501	NA	NA	susceptible	susceptible	NA	NA	NA	NA	NA	NA	NA	NA	NA	NA	NA	NA	NA	NA	NA	NA	NA	NA	NA	NA	NA	NA	NA	NA	NA	NA	NA	NA	NA	NA	NA	NA	NA	NA	NA
562.65012	NA	resistant	resistant	resistant	NA	NA	NA	NA	NA	NA	NA	NA	NA	NA	NA	NA	NA	NA	NA	NA	NA	NA	NA	NA	NA	NA	NA	NA	NA	NA	NA	NA	NA	NA	NA	NA	NA	NA	NA
562.6503	NA	NA	susceptible	susceptible	NA	NA	NA	NA	NA	NA	NA	NA	NA	NA	NA	NA	NA	NA	NA	NA	NA	NA	NA	NA	NA	NA	NA	NA	NA	NA	NA	NA	NA	NA	NA	NA	NA	NA	NA
562.65029	NA	NA	resistant	susceptible	NA	NA	NA	NA	NA	NA	NA	NA	NA	NA	NA	NA	NA	NA	NA	NA	NA	NA	NA	NA	NA	NA	NA	NA	NA	NA	NA	NA	NA	NA	NA	NA	NA	NA	NA
562.65028	NA	resistant	resistant	resistant	NA	NA	NA	NA	NA	NA	NA	NA	NA	NA	NA	NA	NA	NA	NA	NA	NA	NA	NA	NA	NA	NA	NA	NA	NA	NA	NA	NA	NA	NA	NA	NA	NA	NA	NA
562.65027	NA	resistant	resistant	resistant	NA	NA	NA	NA	NA	NA	NA	NA	NA	NA	NA	NA	NA	NA	NA	NA	NA	NA	NA	NA	NA	NA	NA	NA	NA	NA	NA	NA	NA	NA	NA	NA	NA	NA	NA
562.65026	NA	NA	susceptible	susceptible	NA	NA	NA	NA	NA	NA	NA	NA	NA	NA	NA	NA	NA	NA	NA	NA	NA	NA	NA	NA	NA	NA	NA	NA	NA	NA	NA	NA	NA	NA	NA	NA	NA	NA	NA
562.65025	NA	NA	susceptible	susceptible	NA	NA	NA	NA	NA	NA	NA	NA	NA	NA	NA	NA	NA	NA	NA	NA	NA	NA	NA	NA	NA	NA	NA	NA	NA	NA	NA	NA	NA	NA	NA	NA	NA	NA	NA
562.65031	NA	NA	susceptible	resistant	NA	NA	NA	NA	NA	NA	NA	NA	NA	NA	NA	NA	NA	NA	NA	NA	NA	NA	NA	NA	NA	NA	NA	NA	NA	NA	NA	NA	NA	NA	NA	NA	NA	NA	NA
562.65024	NA	NA	susceptible	susceptible	NA	NA	NA	NA	NA	NA	NA	NA	NA	NA	NA	NA	NA	NA	NA	NA	NA	NA	NA	NA	NA	NA	NA	NA	NA	NA	NA	NA	NA	NA	NA	NA	NA	NA	NA
562.65022	NA	susceptible	susceptible	resistant	NA	NA	NA	NA	NA	NA	NA	NA	NA	NA	NA	NA	NA	NA	NA	NA	NA	NA	NA	NA	NA	NA	NA	NA	NA	NA	NA	NA	NA	NA	NA	NA	NA	NA	NA
562.65021	NA	resistant	resistant	resistant	NA	NA	NA	NA	NA	NA	NA	NA	NA	NA	NA	NA	NA	NA	NA	NA	NA	NA	NA	NA	NA	NA	NA	NA	NA	NA	NA	NA	NA	NA	NA	NA	NA	NA	NA
562.6502	NA	NA	susceptible	susceptible	NA	NA	NA	NA	NA	NA	NA	NA	NA	NA	NA	NA	NA	NA	NA	NA	NA	NA	NA	NA	NA	NA	NA	NA	NA	NA	NA	NA	NA	NA	NA	NA	NA	NA	NA
562.65019	NA	NA	susceptible	susceptible	NA	NA	NA	NA	NA	NA	NA	NA	NA	NA	NA	NA	NA	NA	NA	NA	NA	NA	NA	NA	NA	NA	NA	NA	NA	NA	NA	NA	NA	NA	NA	NA	NA	NA	NA
562.65018	NA	resistant	resistant	resistant	NA	NA	NA	NA	NA	NA	NA	NA	NA	NA	NA	NA	NA	NA	NA	NA	NA	NA	NA	NA	NA	NA	NA	NA	NA	NA	NA	NA	NA	NA	NA	NA	NA	NA	NA
562.65017	NA	resistant	resistant	resistant	NA	NA	NA	NA	NA	NA	NA	NA	NA	NA	NA	NA	NA	NA	NA	NA	NA	NA	NA	NA	NA	NA	NA	NA	NA	NA	NA	NA	NA	NA	NA	NA	NA	NA	NA
562.65023	NA	NA	susceptible	susceptible	NA	NA	NA	NA	NA	NA	NA	NA	NA	NA	NA	NA	NA	NA	NA	NA	NA	NA	NA	NA	NA	NA	NA	NA	NA	NA	NA	NA	NA	NA	NA	NA	NA	NA	NA
562.65032	NA	NA	susceptible	susceptible	NA	NA	NA	NA	NA	NA	NA	NA	NA	NA	NA	NA	NA	NA	NA	NA	NA	NA	NA	NA	NA	NA	NA	NA	NA	NA	NA	NA	NA	NA	NA	NA	NA	NA	NA
562.65033	NA	susceptible	resistant	susceptible	NA	NA	NA	NA	NA	NA	NA	NA	NA	NA	NA	NA	NA	NA	NA	NA	NA	NA	NA	NA	NA	NA	NA	NA	NA	NA	NA	NA	NA	NA	NA	NA	NA	NA	NA
562.65034	NA	NA	resistant	resistant	NA	NA	NA	NA	NA	NA	NA	NA	NA	NA	NA	NA	NA	NA	NA	NA	NA	NA	NA	NA	NA	NA	NA	NA	NA	NA	NA	NA	NA	NA	NA	NA	NA	NA	NA
562.65013	NA	NA	susceptible	resistant	NA	NA	NA	NA	NA	NA	NA	NA	NA	NA	NA	NA	NA	NA	NA	NA	NA	NA	NA	NA	NA	NA	NA	NA	NA	NA	NA	NA	NA	NA	NA	NA	NA	NA	NA
562.65014	NA	NA	resistant	resistant	NA	NA	NA	NA	NA	NA	NA	NA	NA	NA	NA	NA	NA	NA	NA	NA	NA	NA	NA	NA	NA	NA	NA	NA	NA	NA	NA	NA	NA	NA	NA	NA	NA	NA	NA
562.65047	NA	NA	susceptible	susceptible	NA	NA	NA	NA	NA	NA	NA	NA	NA	NA	NA	NA	NA	NA	NA	NA	NA	NA	NA	NA	NA	NA	NA	NA	NA	NA	NA	NA	NA	NA	NA	NA	NA	NA	NA
562.65046	NA	NA	susceptible	resistant	NA	NA	NA	NA	NA	NA	NA	NA	NA	NA	NA	NA	NA	NA	NA	NA	NA	NA	NA	NA	NA	NA	NA	NA	NA	NA	NA	NA	NA	NA	NA	NA	NA	NA	NA
562.65045	NA	NA	susceptible	susceptible	NA	NA	NA	NA	NA	NA	NA	NA	NA	NA	NA	NA	NA	NA	NA	NA	NA	NA	NA	NA	NA	NA	NA	NA	NA	NA	NA	NA	NA	NA	NA	NA	NA	NA	NA
562.65044	NA	NA	susceptible	susceptible	NA	NA	NA	NA	NA	NA	NA	NA	NA	NA	NA	NA	NA	NA	NA	NA	NA	NA	NA	NA	NA	NA	NA	NA	NA	NA	NA	NA	NA	NA	NA	NA	NA	NA	NA
562.65043	NA	NA	susceptible	susceptible	NA	NA	NA	NA	NA	NA	NA	NA	NA	NA	NA	NA	NA	NA	NA	NA	NA	NA	NA	NA	NA	NA	NA	NA	NA	NA	NA	NA	NA	NA	NA	NA	NA	NA	NA
562.65042	NA	NA	susceptible	susceptible	NA	NA	NA	NA	NA	NA	NA	NA	NA	NA	NA	NA	NA	NA	NA	NA	NA	NA	NA	NA	NA	NA	NA	NA	NA	NA	NA	NA	NA	NA	NA	NA	NA	NA	NA
562.65041	NA	NA	resistant	resistant	NA	NA	NA	NA	NA	NA	NA	NA	NA	NA	NA	NA	NA	NA	NA	NA	NA	NA	NA	NA	NA	NA	NA	NA	NA	NA	NA	NA	NA	NA	NA	NA	NA	NA	NA
562.6504	NA	NA	susceptible	susceptible	NA	NA	NA	NA	NA	NA	NA	NA	NA	NA	NA	NA	NA	NA	NA	NA	NA	NA	NA	NA	NA	NA	NA	NA	NA	NA	NA	NA	NA	NA	NA	NA	NA	NA	NA
562.65039	NA	NA	susceptible	resistant	NA	NA	NA	NA	NA	NA	NA	NA	NA	NA	NA	NA	NA	NA	NA	NA	NA	NA	NA	NA	NA	NA	NA	NA	NA	NA	NA	NA	NA	NA	NA	NA	NA	NA	NA
562.65038	NA	NA	susceptible	susceptible	NA	NA	NA	NA	NA	NA	NA	NA	NA	NA	NA	NA	NA	NA	NA	NA	NA	NA	NA	NA	NA	NA	NA	NA	NA	NA	NA	NA	NA	NA	NA	NA	NA	NA	NA
562.65037	NA	NA	susceptible	susceptible	NA	NA	NA	NA	NA	NA	NA	NA	NA	NA	NA	NA	NA	NA	NA	NA	NA	NA	NA	NA	NA	NA	NA	NA	NA	NA	NA	NA	NA	NA	NA	NA	NA	NA	NA
562.65036	NA	susceptible	resistant	resistant	NA	NA	NA	NA	NA	NA	NA	NA	NA	NA	NA	NA	NA	NA	NA	NA	NA	NA	NA	NA	NA	NA	NA	NA	NA	NA	NA	NA	NA	NA	NA	NA	NA	NA	NA
562.65035	NA	NA	susceptible	susceptible	NA	NA	NA	NA	NA	NA	NA	NA	NA	NA	NA	NA	NA	NA	NA	NA	NA	NA	NA	NA	NA	NA	NA	NA	NA	NA	NA	NA	NA	NA	NA	NA	NA	NA	NA
562.65011	NA	NA	resistant	resistant	NA	NA	NA	NA	NA	NA	NA	NA	NA	NA	NA	NA	NA	NA	NA	NA	NA	NA	NA	NA	NA	NA	NA	NA	NA	NA	NA	NA	NA	NA	NA	NA	NA	NA	NA
1328450.3	NA	NA	NA	NA	NA	NA	NA	NA	NA	NA	NA	NA	NA	NA	NA	susceptible*	NA	NA	NA	NA	NA	NA	NA	NA	NA	NA	NA	NA	NA	NA	NA	NA	NA	NA	NA	NA	NA	NA	NA
562.64977	NA	NA	resistant	resistant	NA	NA	NA	NA	NA	NA	NA	NA	NA	NA	NA	NA	NA	NA	NA	NA	NA	NA	NA	NA	NA	NA	NA	NA	NA	NA	NA	NA	NA	NA	NA	NA	NA	NA	NA
562.64976	NA	NA	susceptible	susceptible	NA	NA	NA	NA	NA	NA	NA	NA	NA	NA	NA	NA	NA	NA	NA	NA	NA	NA	NA	NA	NA	NA	NA	NA	NA	NA	NA	NA	NA	NA	NA	NA	NA	NA	NA
562.64926	NA	NA	susceptible	susceptible	NA	NA	NA	NA	NA	NA	NA	NA	NA	NA	NA	NA	NA	NA	NA	NA	NA	NA	NA	NA	NA	NA	NA	NA	NA	NA	NA	NA	NA	NA	NA	NA	NA	NA	NA
562.64927	NA	NA	susceptible	susceptible	NA	NA	NA	NA	NA	NA	NA	NA	NA	NA	NA	NA	NA	NA	NA	NA	NA	NA	NA	NA	NA	NA	NA	NA	NA	NA	NA	NA	NA	NA	NA	NA	NA	NA	NA
562.64928	NA	NA	resistant	resistant	NA	NA	NA	NA	NA	NA	NA	NA	NA	NA	NA	NA	NA	NA	NA	NA	NA	NA	NA	NA	NA	NA	NA	NA	NA	NA	NA	NA	NA	NA	NA	NA	NA	NA	NA
562.64929	NA	NA	susceptible	susceptible	NA	NA	NA	NA	NA	NA	NA	NA	NA	NA	NA	NA	NA	NA	NA	NA	NA	NA	NA	NA	NA	NA	NA	NA	NA	NA	NA	NA	NA	NA	NA	NA	NA	NA	NA
562.6493	NA	NA	susceptible	susceptible	NA	NA	NA	NA	NA	NA	NA	NA	NA	NA	NA	NA	NA	NA	NA	NA	NA	NA	NA	NA	NA	NA	NA	NA	NA	NA	NA	NA	NA	NA	NA	NA	NA	NA	NA
562.64931	NA	susceptible	susceptible	susceptible	NA	NA	NA	NA	NA	NA	NA	NA	NA	NA	NA	NA	NA	NA	NA	NA	NA	NA	NA	NA	NA	NA	NA	NA	NA	NA	NA	NA	NA	NA	NA	NA	NA	NA	NA
562.64925	NA	NA	susceptible	susceptible	NA	NA	NA	NA	NA	NA	NA	NA	NA	NA	NA	NA	NA	NA	NA	NA	NA	NA	NA	NA	NA	NA	NA	NA	NA	NA	NA	NA	NA	NA	NA	NA	NA	NA	NA
562.64932	NA	NA	susceptible	resistant	NA	NA	NA	NA	NA	NA	NA	NA	NA	NA	NA	NA	NA	NA	NA	NA	NA	NA	NA	NA	NA	NA	NA	NA	NA	NA	NA	NA	NA	NA	NA	NA	NA	NA	NA
562.64934	NA	NA	susceptible	susceptible	NA	NA	NA	NA	NA	NA	NA	NA	NA	NA	NA	NA	NA	NA	NA	NA	NA	NA	NA	NA	NA	NA	NA	NA	NA	NA	NA	NA	NA	NA	NA	NA	NA	NA	NA
562.64935	NA	NA	susceptible	susceptible	NA	NA	NA	NA	NA	NA	NA	NA	NA	NA	NA	NA	NA	NA	NA	NA	NA	NA	NA	NA	NA	NA	NA	NA	NA	NA	NA	NA	NA	NA	NA	NA	NA	NA	NA
562.64936	NA	NA	susceptible	resistant	NA	NA	NA	NA	NA	NA	NA	NA	NA	NA	NA	NA	NA	NA	NA	NA	NA	NA	NA	NA	NA	NA	NA	NA	NA	NA	NA	NA	NA	NA	NA	NA	NA	NA	NA
562.64937	NA	NA	susceptible	susceptible	NA	NA	NA	NA	NA	NA	NA	NA	NA	NA	NA	NA	NA	NA	NA	NA	NA	NA	NA	NA	NA	NA	NA	NA	NA	NA	NA	NA	NA	NA	NA	NA	NA	NA	NA
562.64938	NA	NA	susceptible	susceptible	NA	NA	NA	NA	NA	NA	NA	NA	NA	NA	NA	NA	NA	NA	NA	NA	NA	NA	NA	NA	NA	NA	NA	NA	NA	NA	NA	NA	NA	NA	NA	NA	NA	NA	NA
562.64939	NA	NA	susceptible	resistant	NA	NA	NA	NA	NA	NA	NA	NA	NA	NA	NA	NA	NA	NA	NA	NA	NA	NA	NA	NA	NA	NA	NA	NA	NA	NA	NA	NA	NA	NA	NA	NA	NA	NA	NA
562.64933	NA	NA	susceptible	susceptible	NA	NA	NA	NA	NA	NA	NA	NA	NA	NA	NA	NA	NA	NA	NA	NA	NA	NA	NA	NA	NA	NA	NA	NA	NA	NA	NA	NA	NA	NA	NA	NA	NA	NA	NA
562.64924	NA	NA	resistant	resistant	NA	NA	NA	NA	NA	NA	NA	NA	NA	NA	NA	NA	NA	NA	NA	NA	NA	NA	NA	NA	NA	NA	NA	NA	NA	NA	NA	NA	NA	NA	NA	NA	NA	NA	NA
562.64923	NA	NA	susceptible	resistant	NA	NA	NA	NA	NA	NA	NA	NA	NA	NA	NA	NA	NA	NA	NA	NA	NA	NA	NA	NA	NA	NA	NA	NA	NA	NA	NA	NA	NA	NA	NA	NA	NA	NA	NA
562.64922	NA	NA	resistant	resistant	NA	NA	NA	NA	NA	NA	NA	NA	NA	NA	NA	NA	NA	NA	NA	NA	NA	NA	NA	NA	NA	NA	NA	NA	NA	NA	NA	NA	NA	NA	NA	NA	NA	NA	NA
562.64906	NA	resistant	resistant	resistant	NA	NA	NA	NA	NA	NA	NA	NA	NA	NA	NA	NA	NA	NA	NA	NA	NA	NA	NA	NA	NA	NA	NA	NA	NA	NA	NA	NA	NA	NA	NA	NA	NA	NA	NA
562.64907	NA	NA	susceptible	susceptible	NA	NA	NA	NA	NA	NA	NA	NA	NA	NA	NA	NA	NA	NA	NA	NA	NA	NA	NA	NA	NA	NA	NA	NA	NA	NA	NA	NA	NA	NA	NA	NA	NA	NA	NA
562.64908	NA	susceptible	susceptible	resistant	NA	NA	NA	NA	NA	NA	NA	NA	NA	NA	NA	NA	NA	NA	NA	NA	NA	NA	NA	NA	NA	NA	NA	NA	NA	NA	NA	NA	NA	NA	NA	NA	NA	NA	NA
562.64909	NA	susceptible	susceptible	susceptible	NA	NA	NA	NA	NA	NA	NA	NA	NA	NA	NA	NA	NA	NA	NA	NA	NA	NA	NA	NA	NA	NA	NA	NA	NA	NA	NA	NA	NA	NA	NA	NA	NA	NA	NA
562.6491	NA	NA	susceptible	susceptible	NA	NA	NA	NA	NA	NA	NA	NA	NA	NA	NA	NA	NA	NA	NA	NA	NA	NA	NA	NA	NA	NA	NA	NA	NA	NA	NA	NA	NA	NA	NA	NA	NA	NA	NA
562.64912	NA	resistant	resistant	resistant	NA	NA	NA	NA	NA	NA	NA	NA	NA	NA	NA	NA	NA	NA	NA	NA	NA	NA	NA	NA	NA	NA	NA	NA	NA	NA	NA	NA	NA	NA	NA	NA	NA	NA	NA
562.64913	NA	NA	resistant	resistant	NA	NA	NA	NA	NA	NA	NA	NA	NA	NA	NA	NA	NA	NA	NA	NA	NA	NA	NA	NA	NA	NA	NA	NA	NA	NA	NA	NA	NA	NA	NA	NA	NA	NA	NA
562.64914	NA	NA	susceptible	susceptible	NA	NA	NA	NA	NA	NA	NA	NA	NA	NA	NA	NA	NA	NA	NA	NA	NA	NA	NA	NA	NA	NA	NA	NA	NA	NA	NA	NA	NA	NA	NA	NA	NA	NA	NA
562.64915	NA	susceptible	susceptible	resistant	NA	NA	NA	NA	NA	NA	NA	NA	NA	NA	NA	NA	NA	NA	NA	NA	NA	NA	NA	NA	NA	NA	NA	NA	NA	NA	NA	NA	NA	NA	NA	NA	NA	NA	NA
562.64916	NA	NA	resistant	resistant	NA	NA	NA	NA	NA	NA	NA	NA	NA	NA	NA	NA	NA	NA	NA	NA	NA	NA	NA	NA	NA	NA	NA	NA	NA	NA	NA	NA	NA	NA	NA	NA	NA	NA	NA
562.64917	NA	susceptible	susceptible	susceptible	NA	NA	NA	NA	NA	NA	NA	NA	NA	NA	NA	NA	NA	NA	NA	NA	NA	NA	NA	NA	NA	NA	NA	NA	NA	NA	NA	NA	NA	NA	NA	NA	NA	NA	NA
562.64918	NA	NA	susceptible	resistant	NA	NA	NA	NA	NA	NA	NA	NA	NA	NA	NA	NA	NA	NA	NA	NA	NA	NA	NA	NA	NA	NA	NA	NA	NA	NA	NA	NA	NA	NA	NA	NA	NA	NA	NA
562.64919	NA	NA	susceptible	susceptible	NA	NA	NA	NA	NA	NA	NA	NA	NA	NA	NA	NA	NA	NA	NA	NA	NA	NA	NA	NA	NA	NA	NA	NA	NA	NA	NA	NA	NA	NA	NA	NA	NA	NA	NA
562.6492	NA	NA	resistant	resistant	NA	NA	NA	NA	NA	NA	NA	NA	NA	NA	NA	NA	NA	NA	NA	NA	NA	NA	NA	NA	NA	NA	NA	NA	NA	NA	NA	NA	NA	NA	NA	NA	NA	NA	NA
562.64921	NA	NA	resistant	resistant	NA	NA	NA	NA	NA	NA	NA	NA	NA	NA	NA	NA	NA	NA	NA	NA	NA	NA	NA	NA	NA	NA	NA	NA	NA	NA	NA	NA	NA	NA	NA	NA	NA	NA	NA
562.6494	NA	NA	susceptible	resistant	NA	NA	NA	NA	NA	NA	NA	NA	NA	NA	NA	NA	NA	NA	NA	NA	NA	NA	NA	NA	NA	NA	NA	NA	NA	NA	NA	NA	NA	NA	NA	NA	NA	NA	NA
562.64941	NA	NA	susceptible	susceptible	NA	NA	NA	NA	NA	NA	NA	NA	NA	NA	NA	NA	NA	NA	NA	NA	NA	NA	NA	NA	NA	NA	NA	NA	NA	NA	NA	NA	NA	NA	NA	NA	NA	NA	NA
562.64942	NA	NA	susceptible	susceptible	NA	NA	NA	NA	NA	NA	NA	NA	NA	NA	NA	NA	NA	NA	NA	NA	NA	NA	NA	NA	NA	NA	NA	NA	NA	NA	NA	NA	NA	NA	NA	NA	NA	NA	NA
562.64943	NA	NA	susceptible	susceptible	NA	NA	NA	NA	NA	NA	NA	NA	NA	NA	NA	NA	NA	NA	NA	NA	NA	NA	NA	NA	NA	NA	NA	NA	NA	NA	NA	NA	NA	NA	NA	NA	NA	NA	NA
562.64963	NA	NA	resistant	resistant	NA	NA	NA	NA	NA	NA	NA	NA	NA	NA	NA	NA	NA	NA	NA	NA	NA	NA	NA	NA	NA	NA	NA	NA	NA	NA	NA	NA	NA	NA	NA	NA	NA	NA	NA
562.64964	NA	NA	susceptible	susceptible	NA	NA	NA	NA	NA	NA	NA	NA	NA	NA	NA	NA	NA	NA	NA	NA	NA	NA	NA	NA	NA	NA	NA	NA	NA	NA	NA	NA	NA	NA	NA	NA	NA	NA	NA
562.64965	NA	NA	susceptible	susceptible	NA	NA	NA	NA	NA	NA	NA	NA	NA	NA	NA	NA	NA	NA	NA	NA	NA	NA	NA	NA	NA	NA	NA	NA	NA	NA	NA	NA	NA	NA	NA	NA	NA	NA	NA
562.64966	NA	NA	susceptible	resistant	NA	NA	NA	NA	NA	NA	NA	NA	NA	NA	NA	NA	NA	NA	NA	NA	NA	NA	NA	NA	NA	NA	NA	NA	NA	NA	NA	NA	NA	NA	NA	NA	NA	NA	NA
562.64967	NA	resistant	resistant	resistant	NA	NA	NA	NA	NA	NA	NA	NA	NA	NA	NA	NA	NA	NA	NA	NA	NA	NA	NA	NA	NA	NA	NA	NA	NA	NA	NA	NA	NA	NA	NA	NA	NA	NA	NA
562.64968	NA	NA	susceptible	resistant	NA	NA	NA	NA	NA	NA	NA	NA	NA	NA	NA	NA	NA	NA	NA	NA	NA	NA	NA	NA	NA	NA	NA	NA	NA	NA	NA	NA	NA	NA	NA	NA	NA	NA	NA
562.64969	NA	NA	susceptible	susceptible	NA	NA	NA	NA	NA	NA	NA	NA	NA	NA	NA	NA	NA	NA	NA	NA	NA	NA	NA	NA	NA	NA	NA	NA	NA	NA	NA	NA	NA	NA	NA	NA	NA	NA	NA
562.6497	NA	NA	susceptible	resistant	NA	NA	NA	NA	NA	NA	NA	NA	NA	NA	NA	NA	NA	NA	NA	NA	NA	NA	NA	NA	NA	NA	NA	NA	NA	NA	NA	NA	NA	NA	NA	NA	NA	NA	NA
562.64971	NA	NA	susceptible	susceptible	NA	NA	NA	NA	NA	NA	NA	NA	NA	NA	NA	NA	NA	NA	NA	NA	NA	NA	NA	NA	NA	NA	NA	NA	NA	NA	NA	NA	NA	NA	NA	NA	NA	NA	NA
562.64972	NA	resistant	resistant	resistant	NA	NA	NA	NA	NA	NA	NA	NA	NA	NA	NA	NA	NA	NA	NA	NA	NA	NA	NA	NA	NA	NA	NA	NA	NA	NA	NA	NA	NA	NA	NA	NA	NA	NA	NA
562.57285	NA	NA	NA	resistant	NA	NA	NA	resistant	NA	NA	resistant	NA	NA	resistant	NA	NA	resistant	NA	resistant	NA	NA	NA	NA	NA	susceptible	NA	NA	NA	NA	NA	NA	NA	NA	NA	NA	NA	susceptible	resistant	NA
562.57286	NA	NA	NA	resistant	NA	NA	NA	resistant	NA	NA	resistant	NA	NA	resistant	NA	NA	resistant	NA	resistant	NA	NA	NA	NA	NA	resistant	NA	NA	NA	NA	NA	NA	NA	NA	NA	NA	NA	resistant	resistant	NA
562.64973	NA	NA	susceptible	susceptible	NA	NA	NA	NA	NA	NA	NA	NA	NA	NA	NA	NA	NA	NA	NA	NA	NA	NA	NA	NA	NA	NA	NA	NA	NA	NA	NA	NA	NA	NA	NA	NA	NA	NA	NA
562.64974	NA	NA	resistant	resistant	NA	NA	NA	NA	NA	NA	NA	NA	NA	NA	NA	NA	NA	NA	NA	NA	NA	NA	NA	NA	NA	NA	NA	NA	NA	NA	NA	NA	NA	NA	NA	NA	NA	NA	NA
562.64975	NA	NA	resistant	resistant	NA	NA	NA	NA	NA	NA	NA	NA	NA	NA	NA	NA	NA	NA	NA	NA	NA	NA	NA	NA	NA	NA	NA	NA	NA	NA	NA	NA	NA	NA	NA	NA	NA	NA	NA
562.64962	NA	NA	susceptible	susceptible	NA	NA	NA	NA	NA	NA	NA	NA	NA	NA	NA	NA	NA	NA	NA	NA	NA	NA	NA	NA	NA	NA	NA	NA	NA	NA	NA	NA	NA	NA	NA	NA	NA	NA	NA
562.58714	NA	NA	NA	resistant	NA	NA	NA	NA	NA	NA	resistant	NA	NA	resistant	NA	NA	NA	NA	resistant	resistant	NA	NA	NA	NA	susceptible	NA	NA	susceptible	NA	NA	NA	NA	NA	susceptible	NA	susceptible	NA	susceptible	NA
562.64961	NA	NA	susceptible	resistant	NA	NA	NA	NA	NA	NA	NA	NA	NA	NA	NA	NA	NA	NA	NA	NA	NA	NA	NA	NA	NA	NA	NA	NA	NA	NA	NA	NA	NA	NA	NA	NA	NA	NA	NA
562.64959	NA	resistant	resistant	resistant	NA	NA	NA	NA	NA	NA	NA	NA	NA	NA	NA	NA	NA	NA	NA	NA	NA	NA	NA	NA	NA	NA	NA	NA	NA	NA	NA	NA	NA	NA	NA	NA	NA	NA	NA
562.64944	NA	susceptible	resistant	resistant	NA	NA	NA	NA	NA	NA	NA	NA	NA	NA	NA	NA	NA	NA	NA	NA	NA	NA	NA	NA	NA	NA	NA	NA	NA	NA	NA	NA	NA	NA	NA	NA	NA	NA	NA
562.64945	NA	NA	susceptible	resistant	NA	NA	NA	NA	NA	NA	NA	NA	NA	NA	NA	NA	NA	NA	NA	NA	NA	NA	NA	NA	NA	NA	NA	NA	NA	NA	NA	NA	NA	NA	NA	NA	NA	NA	NA
562.64946	NA	resistant	resistant	resistant	NA	NA	NA	NA	NA	NA	NA	NA	NA	NA	NA	NA	NA	NA	NA	NA	NA	NA	NA	NA	NA	NA	NA	NA	NA	NA	NA	NA	NA	NA	NA	NA	NA	NA	NA
562.64947	NA	NA	susceptible	susceptible	NA	NA	NA	NA	NA	NA	NA	NA	NA	NA	NA	NA	NA	NA	NA	NA	NA	NA	NA	NA	NA	NA	NA	NA	NA	NA	NA	NA	NA	NA	NA	NA	NA	NA	NA
562.64948	NA	NA	resistant	resistant	NA	NA	NA	NA	NA	NA	NA	NA	NA	NA	NA	NA	NA	NA	NA	NA	NA	NA	NA	NA	NA	NA	NA	NA	NA	NA	NA	NA	NA	NA	NA	NA	NA	NA	NA
562.64949	NA	susceptible	susceptible	resistant	NA	NA	NA	NA	NA	NA	NA	NA	NA	NA	NA	NA	NA	NA	NA	NA	NA	NA	NA	NA	NA	NA	NA	NA	NA	NA	NA	NA	NA	NA	NA	NA	NA	NA	NA
562.6495	NA	NA	resistant	resistant	NA	NA	NA	NA	NA	NA	NA	NA	NA	NA	NA	NA	NA	NA	NA	NA	NA	NA	NA	NA	NA	NA	NA	NA	NA	NA	NA	NA	NA	NA	NA	NA	NA	NA	NA
562.64951	NA	NA	resistant	resistant	NA	NA	NA	NA	NA	NA	NA	NA	NA	NA	NA	NA	NA	NA	NA	NA	NA	NA	NA	NA	NA	NA	NA	NA	NA	NA	NA	NA	NA	NA	NA	NA	NA	NA	NA
562.64952	NA	NA	susceptible	susceptible	NA	NA	NA	NA	NA	NA	NA	NA	NA	NA	NA	NA	NA	NA	NA	NA	NA	NA	NA	NA	NA	NA	NA	NA	NA	NA	NA	NA	NA	NA	NA	NA	NA	NA	NA
562.64953	NA	NA	resistant	resistant	NA	NA	NA	NA	NA	NA	NA	NA	NA	NA	NA	NA	NA	NA	NA	NA	NA	NA	NA	NA	NA	NA	NA	NA	NA	NA	NA	NA	NA	NA	NA	NA	NA	NA	NA
562.64954	NA	NA	resistant	resistant	NA	NA	NA	NA	NA	NA	NA	NA	NA	NA	NA	NA	NA	NA	NA	NA	NA	NA	NA	NA	NA	NA	NA	NA	NA	NA	NA	NA	NA	NA	NA	NA	NA	NA	NA
562.64955	NA	NA	susceptible	susceptible	NA	NA	NA	NA	NA	NA	NA	NA	NA	NA	NA	NA	NA	NA	NA	NA	NA	NA	NA	NA	NA	NA	NA	NA	NA	NA	NA	NA	NA	NA	NA	NA	NA	NA	NA
562.64956	NA	NA	susceptible	susceptible	NA	NA	NA	NA	NA	NA	NA	NA	NA	NA	NA	NA	NA	NA	NA	NA	NA	NA	NA	NA	NA	NA	NA	NA	NA	NA	NA	NA	NA	NA	NA	NA	NA	NA	NA
562.64957	NA	resistant	resistant	resistant	NA	NA	NA	NA	NA	NA	NA	NA	NA	NA	NA	NA	NA	NA	NA	NA	NA	NA	NA	NA	NA	NA	NA	NA	NA	NA	NA	NA	NA	NA	NA	NA	NA	NA	NA
562.64958	NA	NA	susceptible	susceptible	NA	NA	NA	NA	NA	NA	NA	NA	NA	NA	NA	NA	NA	NA	NA	NA	NA	NA	NA	NA	NA	NA	NA	NA	NA	NA	NA	NA	NA	NA	NA	NA	NA	NA	NA
562.6496	NA	NA	susceptible	susceptible	NA	NA	NA	NA	NA	NA	NA	NA	NA	NA	NA	NA	NA	NA	NA	NA	NA	NA	NA	NA	NA	NA	NA	NA	NA	NA	NA	NA	NA	NA	NA	NA	NA	NA	NA
562.58713	NA	NA	NA	resistant	NA	NA	NA	NA	NA	NA	susceptible	NA	NA	susceptible	NA	NA	NA	NA	susceptible	resistant	NA	NA	NA	NA	susceptible	NA	NA	susceptible	NA	NA	NA	NA	NA	resistant	NA	susceptible	NA	resistant	NA
562.58712	NA	NA	NA	resistant	NA	NA	NA	NA	NA	NA	resistant	NA	NA	resistant	NA	NA	NA	NA	resistant	resistant	NA	NA	NA	NA	susceptible	NA	NA	susceptible	NA	NA	NA	NA	NA	resistant	NA	susceptible	NA	resistant	NA
562.58711	NA	NA	NA	resistant	NA	NA	NA	NA	NA	NA	susceptible	NA	NA	susceptible	NA	NA	NA	NA	resistant	resistant	NA	NA	NA	NA	susceptible	NA	NA	susceptible	NA	NA	NA	NA	NA	susceptible	NA	susceptible	NA	resistant	NA
562.65061	NA	NA	resistant	resistant	NA	NA	NA	NA	NA	NA	NA	NA	NA	NA	NA	NA	NA	NA	NA	NA	NA	NA	NA	NA	NA	NA	NA	NA	NA	NA	NA	NA	NA	NA	NA	NA	NA	NA	NA
562.6506	NA	NA	susceptible	susceptible	NA	NA	NA	NA	NA	NA	NA	NA	NA	NA	NA	NA	NA	NA	NA	NA	NA	NA	NA	NA	NA	NA	NA	NA	NA	NA	NA	NA	NA	NA	NA	NA	NA	NA	NA
562.65059	NA	NA	resistant	resistant	NA	NA	NA	NA	NA	NA	NA	NA	NA	NA	NA	NA	NA	NA	NA	NA	NA	NA	NA	NA	NA	NA	NA	NA	NA	NA	NA	NA	NA	NA	NA	NA	NA	NA	NA
562.65058	NA	NA	susceptible	susceptible	NA	NA	NA	NA	NA	NA	NA	NA	NA	NA	NA	NA	NA	NA	NA	NA	NA	NA	NA	NA	NA	NA	NA	NA	NA	NA	NA	NA	NA	NA	NA	NA	NA	NA	NA
562.65057	NA	NA	susceptible	resistant	NA	NA	NA	NA	NA	NA	NA	NA	NA	NA	NA	NA	NA	NA	NA	NA	NA	NA	NA	NA	NA	NA	NA	NA	NA	NA	NA	NA	NA	NA	NA	NA	NA	NA	NA
562.65056	NA	NA	resistant	resistant	NA	NA	NA	NA	NA	NA	NA	NA	NA	NA	NA	NA	NA	NA	NA	NA	NA	NA	NA	NA	NA	NA	NA	NA	NA	NA	NA	NA	NA	NA	NA	NA	NA	NA	NA
562.65062	NA	NA	susceptible	resistant	NA	NA	NA	NA	NA	NA	NA	NA	NA	NA	NA	NA	NA	NA	NA	NA	NA	NA	NA	NA	NA	NA	NA	NA	NA	NA	NA	NA	NA	NA	NA	NA	NA	NA	NA
562.65055	NA	susceptible	susceptible	susceptible	NA	NA	NA	NA	NA	NA	NA	NA	NA	NA	NA	NA	NA	NA	NA	NA	NA	NA	NA	NA	NA	NA	NA	NA	NA	NA	NA	NA	NA	NA	NA	NA	NA	NA	NA
562.65053	NA	NA	resistant	resistant	NA	NA	NA	NA	NA	NA	NA	NA	NA	NA	NA	NA	NA	NA	NA	NA	NA	NA	NA	NA	NA	NA	NA	NA	NA	NA	NA	NA	NA	NA	NA	NA	NA	NA	NA
562.65052	NA	NA	susceptible	susceptible	NA	NA	NA	NA	NA	NA	NA	NA	NA	NA	NA	NA	NA	NA	NA	NA	NA	NA	NA	NA	NA	NA	NA	NA	NA	NA	NA	NA	NA	NA	NA	NA	NA	NA	NA
562.65051	NA	NA	susceptible	susceptible	NA	NA	NA	NA	NA	NA	NA	NA	NA	NA	NA	NA	NA	NA	NA	NA	NA	NA	NA	NA	NA	NA	NA	NA	NA	NA	NA	NA	NA	NA	NA	NA	NA	NA	NA
562.6505	NA	NA	resistant	resistant	NA	NA	NA	NA	NA	NA	NA	NA	NA	NA	NA	NA	NA	NA	NA	NA	NA	NA	NA	NA	NA	NA	NA	NA	NA	NA	NA	NA	NA	NA	NA	NA	NA	NA	NA
562.65049	NA	NA	susceptible	susceptible	NA	NA	NA	NA	NA	NA	NA	NA	NA	NA	NA	NA	NA	NA	NA	NA	NA	NA	NA	NA	NA	NA	NA	NA	NA	NA	NA	NA	NA	NA	NA	NA	NA	NA	NA
562.65048	NA	NA	susceptible	susceptible	NA	NA	NA	NA	NA	NA	NA	NA	NA	NA	NA	NA	NA	NA	NA	NA	NA	NA	NA	NA	NA	NA	NA	NA	NA	NA	NA	NA	NA	NA	NA	NA	NA	NA	NA
562.65054	NA	NA	susceptible	susceptible	NA	NA	NA	NA	NA	NA	NA	NA	NA	NA	NA	NA	NA	NA	NA	NA	NA	NA	NA	NA	NA	NA	NA	NA	NA	NA	NA	NA	NA	NA	NA	NA	NA	NA	NA
562.65063	NA	NA	susceptible	susceptible	NA	NA	NA	NA	NA	NA	NA	NA	NA	NA	NA	NA	NA	NA	NA	NA	NA	NA	NA	NA	NA	NA	NA	NA	NA	NA	NA	NA	NA	NA	NA	NA	NA	NA	NA
562.65064	NA	resistant	resistant	resistant	NA	NA	NA	NA	NA	NA	NA	NA	NA	NA	NA	NA	NA	NA	NA	NA	NA	NA	NA	NA	NA	NA	NA	NA	NA	NA	NA	NA	NA	NA	NA	NA	NA	NA	NA
562.65065	NA	susceptible	susceptible	susceptible	NA	NA	NA	NA	NA	NA	NA	NA	NA	NA	NA	NA	NA	NA	NA	NA	NA	NA	NA	NA	NA	NA	NA	NA	NA	NA	NA	NA	NA	NA	NA	NA	NA	NA	NA
562.6508	NA	resistant	resistant	resistant	NA	NA	NA	NA	NA	NA	NA	NA	NA	NA	NA	NA	NA	NA	NA	NA	NA	NA	NA	NA	NA	NA	NA	NA	NA	NA	NA	NA	NA	NA	NA	NA	NA	NA	NA
562.65079	NA	resistant	resistant	resistant	NA	NA	NA	NA	NA	NA	NA	NA	NA	NA	NA	NA	NA	NA	NA	NA	NA	NA	NA	NA	NA	NA	NA	NA	NA	NA	NA	NA	NA	NA	NA	NA	NA	NA	NA
562.65078	NA	NA	susceptible	susceptible	NA	NA	NA	NA	NA	NA	NA	NA	NA	NA	NA	NA	NA	NA	NA	NA	NA	NA	NA	NA	NA	NA	NA	NA	NA	NA	NA	NA	NA	NA	NA	NA	NA	NA	NA
562.65077	NA	NA	susceptible	susceptible	NA	NA	NA	NA	NA	NA	NA	NA	NA	NA	NA	NA	NA	NA	NA	NA	NA	NA	NA	NA	NA	NA	NA	NA	NA	NA	NA	NA	NA	NA	NA	NA	NA	NA	NA
562.65076	NA	NA	susceptible	resistant	NA	NA	NA	NA	NA	NA	NA	NA	NA	NA	NA	NA	NA	NA	NA	NA	NA	NA	NA	NA	NA	NA	NA	NA	NA	NA	NA	NA	NA	NA	NA	NA	NA	NA	NA
562.65075	NA	susceptible	susceptible	susceptible	NA	NA	NA	NA	NA	NA	NA	NA	NA	NA	NA	NA	NA	NA	NA	NA	NA	NA	NA	NA	NA	NA	NA	NA	NA	NA	NA	NA	NA	NA	NA	NA	NA	NA	NA
562.65074	NA	NA	susceptible	susceptible	NA	NA	NA	NA	NA	NA	NA	NA	NA	NA	NA	NA	NA	NA	NA	NA	NA	NA	NA	NA	NA	NA	NA	NA	NA	NA	NA	NA	NA	NA	NA	NA	NA	NA	NA
562.65073	NA	resistant	resistant	resistant	NA	NA	NA	NA	NA	NA	NA	NA	NA	NA	NA	NA	NA	NA	NA	NA	NA	NA	NA	NA	NA	NA	NA	NA	NA	NA	NA	NA	NA	NA	NA	NA	NA	NA	NA
562.65072	NA	NA	susceptible	susceptible	NA	NA	NA	NA	NA	NA	NA	NA	NA	NA	NA	NA	NA	NA	NA	NA	NA	NA	NA	NA	NA	NA	NA	NA	NA	NA	NA	NA	NA	NA	NA	NA	NA	NA	NA
562.65071	NA	NA	susceptible	resistant	NA	NA	NA	NA	NA	NA	NA	NA	NA	NA	NA	NA	NA	NA	NA	NA	NA	NA	NA	NA	NA	NA	NA	NA	NA	NA	NA	NA	NA	NA	NA	NA	NA	NA	NA
562.6507	NA	NA	resistant	resistant	NA	NA	NA	NA	NA	NA	NA	NA	NA	NA	NA	NA	NA	NA	NA	NA	NA	NA	NA	NA	NA	NA	NA	NA	NA	NA	NA	NA	NA	NA	NA	NA	NA	NA	NA
562.65069	NA	NA	susceptible	susceptible	NA	NA	NA	NA	NA	NA	NA	NA	NA	NA	NA	NA	NA	NA	NA	NA	NA	NA	NA	NA	NA	NA	NA	NA	NA	NA	NA	NA	NA	NA	NA	NA	NA	NA	NA
562.65068	NA	NA	susceptible	susceptible	NA	NA	NA	NA	NA	NA	NA	NA	NA	NA	NA	NA	NA	NA	NA	NA	NA	NA	NA	NA	NA	NA	NA	NA	NA	NA	NA	NA	NA	NA	NA	NA	NA	NA	NA
562.65067	NA	NA	susceptible	resistant	NA	NA	NA	NA	NA	NA	NA	NA	NA	NA	NA	NA	NA	NA	NA	NA	NA	NA	NA	NA	NA	NA	NA	NA	NA	NA	NA	NA	NA	NA	NA	NA	NA	NA	NA
562.65066	NA	NA	susceptible	resistant	NA	NA	NA	NA	NA	NA	NA	NA	NA	NA	NA	NA	NA	NA	NA	NA	NA	NA	NA	NA	NA	NA	NA	NA	NA	NA	NA	NA	NA	NA	NA	NA	NA	NA	NA
562.57321	NA	NA	NA	resistant	NA	NA	NA	resistant	NA	NA	susceptible	NA	NA	resistant	NA	NA	resistant	NA	susceptible	NA	NA	NA	NA	NA	susceptible	NA	NA	NA	NA	NA	NA	NA	NA	NA	NA	NA	susceptible	susceptible	NA
562.65081	NA	NA	susceptible	susceptible	NA	NA	NA	NA	NA	NA	NA	NA	NA	NA	NA	NA	NA	NA	NA	NA	NA	NA	NA	NA	NA	NA	NA	NA	NA	NA	NA	NA	NA	NA	NA	NA	NA	NA	NA
562.57322	NA	NA	NA	resistant	NA	NA	NA	resistant	NA	NA	resistant	NA	NA	resistant	NA	NA	resistant	NA	susceptible	NA	NA	NA	NA	NA	susceptible	NA	NA	NA	NA	NA	NA	NA	NA	NA	NA	NA	susceptible	susceptible	NA
562.57324	NA	NA	NA	resistant	NA	NA	NA	susceptible	NA	NA	susceptible	NA	NA	susceptible	NA	NA	susceptible	NA	susceptible	NA	NA	NA	NA	NA	susceptible	NA	NA	NA	NA	NA	NA	NA	NA	NA	NA	NA	susceptible	susceptible	NA
562.57375	NA	NA	susceptible	resistant	NA	NA	NA	resistant	NA	NA	resistant	NA	NA	susceptible	NA	NA	resistant	NA	resistant	NA	NA	NA	NA	NA	resistant	NA	NA	NA	NA	NA	NA	susceptible	NA	NA	NA	NA	resistant	resistant	NA
562.57376	NA	NA	resistant	resistant	NA	NA	NA	resistant	NA	NA	resistant	NA	NA	resistant	NA	NA	resistant	NA	susceptible	NA	NA	NA	NA	NA	resistant	NA	NA	NA	NA	NA	NA	susceptible	NA	NA	NA	NA	resistant	resistant	NA
562.57377	NA	NA	resistant	resistant	NA	NA	NA	resistant	NA	NA	resistant	NA	NA	resistant	NA	NA	resistant	NA	susceptible	NA	NA	NA	NA	NA	resistant	NA	NA	NA	NA	NA	NA	susceptible	NA	NA	NA	NA	resistant	susceptible	NA
562.57379	NA	NA	susceptible	resistant	NA	NA	NA	resistant	NA	NA	resistant	NA	NA	resistant	NA	NA	resistant	NA	susceptible	NA	NA	NA	NA	NA	resistant	NA	NA	NA	NA	NA	NA	susceptible	NA	NA	NA	NA	resistant	resistant	NA
562.5738	NA	NA	resistant	resistant	NA	NA	NA	resistant	NA	NA	resistant	NA	NA	susceptible	NA	NA	resistant	NA	resistant	NA	NA	NA	NA	NA	resistant	NA	NA	NA	NA	NA	NA	susceptible	NA	NA	NA	NA	resistant	resistant	NA
562.57381	NA	NA	susceptible	resistant	NA	NA	NA	resistant	NA	NA	resistant	NA	NA	intermediate	NA	NA	resistant	NA	susceptible	NA	NA	NA	NA	NA	susceptible	NA	NA	NA	NA	NA	NA	susceptible	NA	NA	NA	NA	susceptible	susceptible	NA
562.57374	NA	NA	resistant	resistant	NA	NA	NA	resistant	NA	NA	resistant	NA	NA	resistant	NA	NA	resistant	NA	resistant	NA	NA	NA	NA	NA	resistant	NA	NA	NA	NA	NA	NA	susceptible	NA	NA	NA	NA	resistant	resistant	NA
562.57382	NA	NA	susceptible	resistant	NA	NA	NA	resistant	NA	NA	resistant	NA	NA	resistant	NA	NA	resistant	NA	resistant	NA	NA	NA	NA	NA	resistant	NA	NA	NA	NA	NA	NA	susceptible	NA	NA	NA	NA	resistant	resistant	NA
562.57384	NA	NA	susceptible	resistant	NA	NA	NA	resistant	NA	NA	resistant	NA	NA	resistant	NA	NA	resistant	NA	resistant	NA	NA	NA	NA	NA	resistant	NA	NA	NA	NA	NA	NA	susceptible	NA	NA	NA	NA	resistant	resistant	NA
562.57385	NA	NA	susceptible	resistant	NA	NA	NA	resistant	NA	NA	resistant	NA	NA	intermediate	NA	NA	resistant	NA	susceptible	NA	NA	NA	NA	NA	resistant	NA	NA	NA	NA	NA	NA	susceptible	NA	NA	NA	NA	resistant	resistant	NA
562.57386	NA	NA	susceptible	resistant	NA	NA	NA	resistant	NA	NA	resistant	NA	NA	susceptible	NA	NA	resistant	NA	susceptible	NA	NA	NA	NA	NA	resistant	NA	NA	NA	NA	NA	NA	susceptible	NA	NA	NA	NA	resistant	resistant	NA
562.57387	NA	NA	resistant	resistant	NA	NA	NA	resistant	NA	NA	resistant	NA	NA	susceptible	NA	NA	resistant	NA	intermediate	NA	NA	NA	NA	NA	resistant	NA	NA	NA	NA	NA	NA	susceptible	NA	NA	NA	NA	resistant	susceptible	NA
562.57388	NA	NA	resistant	resistant	NA	NA	NA	resistant	NA	NA	resistant	NA	NA	resistant	NA	NA	resistant	NA	resistant	NA	NA	NA	NA	NA	resistant	NA	NA	NA	NA	NA	NA	susceptible	NA	NA	NA	NA	resistant	resistant	NA
562.57389	NA	NA	susceptible	resistant	NA	NA	NA	resistant	NA	NA	resistant	NA	NA	susceptible	NA	NA	resistant	NA	susceptible	NA	NA	NA	NA	NA	resistant	NA	NA	NA	NA	NA	NA	susceptible	NA	NA	NA	NA	resistant	susceptible	NA
562.57383	NA	NA	susceptible	resistant	NA	NA	NA	resistant	NA	NA	resistant	NA	NA	resistant	NA	NA	resistant	NA	susceptible	NA	NA	NA	NA	NA	resistant	NA	NA	NA	NA	NA	NA	susceptible	NA	NA	NA	NA	resistant	resistant	NA
562.57373	NA	NA	susceptible	resistant	NA	NA	NA	resistant	NA	NA	resistant	NA	NA	intermediate	NA	NA	resistant	NA	resistant	NA	NA	NA	NA	NA	resistant	NA	NA	NA	NA	NA	NA	susceptible	NA	NA	NA	NA	resistant	resistant	NA
562.57372	NA	NA	resistant	resistant	NA	NA	NA	resistant	NA	NA	resistant	NA	NA	resistant	NA	NA	resistant	NA	resistant	NA	NA	NA	NA	NA	resistant	NA	NA	NA	NA	NA	NA	susceptible	NA	NA	NA	NA	resistant	resistant	NA
562.57371	NA	NA	susceptible	resistant	NA	NA	NA	resistant	NA	NA	resistant	NA	NA	susceptible	NA	NA	resistant	NA	resistant	NA	NA	NA	NA	NA	resistant	NA	NA	NA	NA	NA	NA	susceptible	NA	NA	NA	NA	resistant	susceptible	NA
562.57325	NA	NA	NA	resistant	NA	NA	NA	susceptible	NA	NA	susceptible	NA	NA	susceptible	NA	NA	susceptible	NA	susceptible	NA	NA	NA	NA	NA	susceptible	NA	NA	NA	NA	NA	NA	NA	NA	NA	NA	NA	susceptible	susceptible	NA
562.57326	NA	NA	NA	resistant	NA	NA	NA	susceptible	NA	NA	susceptible	NA	NA	susceptible	NA	NA	susceptible	NA	susceptible	NA	NA	NA	NA	NA	resistant	NA	NA	NA	NA	NA	NA	NA	NA	NA	NA	NA	resistant	susceptible	NA
562.57327	NA	NA	NA	resistant	NA	NA	NA	susceptible	NA	NA	susceptible	NA	NA	susceptible	NA	NA	susceptible	NA	susceptible	NA	NA	NA	NA	NA	susceptible	NA	NA	NA	NA	NA	NA	NA	NA	NA	NA	NA	susceptible	susceptible	NA
562.57328	NA	NA	NA	resistant	NA	NA	NA	susceptible	NA	NA	susceptible	NA	NA	susceptible	NA	NA	susceptible	NA	susceptible	NA	NA	NA	NA	NA	susceptible	NA	NA	NA	NA	NA	NA	NA	NA	NA	NA	NA	susceptible	susceptible	NA
562.57329	NA	NA	NA	susceptible	NA	NA	NA	susceptible	NA	NA	susceptible	NA	NA	susceptible	NA	NA	susceptible	NA	susceptible	NA	NA	NA	NA	NA	susceptible	NA	NA	NA	NA	NA	NA	NA	NA	NA	NA	NA	susceptible	susceptible	NA
562.5733	NA	NA	NA	resistant	NA	NA	NA	susceptible	NA	NA	susceptible	NA	NA	susceptible	NA	NA	susceptible	NA	susceptible	NA	NA	NA	NA	NA	susceptible	NA	NA	NA	NA	NA	NA	NA	NA	NA	NA	NA	susceptible	susceptible	NA
562.57331	NA	NA	NA	resistant	NA	NA	NA	susceptible	NA	NA	susceptible	NA	NA	susceptible	NA	NA	susceptible	NA	susceptible	NA	NA	NA	NA	NA	susceptible	NA	NA	NA	NA	NA	NA	NA	NA	NA	NA	NA	resistant	susceptible	NA
562.57363	NA	NA	resistant	resistant	NA	NA	NA	resistant	NA	NA	resistant	NA	NA	intermediate	NA	NA	resistant	NA	susceptible	NA	NA	NA	NA	NA	resistant	NA	NA	NA	NA	NA	NA	susceptible	NA	NA	NA	NA	intermediate	resistant	NA
562.57364	NA	NA	susceptible	resistant	NA	NA	NA	resistant	NA	NA	resistant	NA	NA	resistant	NA	NA	resistant	NA	susceptible	NA	NA	NA	NA	NA	resistant	NA	NA	NA	NA	NA	NA	susceptible	NA	NA	NA	NA	intermediate	susceptible	NA
562.57365	NA	NA	resistant	resistant	NA	NA	NA	resistant	NA	NA	resistant	NA	NA	resistant	NA	NA	resistant	NA	resistant	NA	NA	NA	NA	NA	resistant	NA	NA	NA	NA	NA	NA	susceptible	NA	NA	NA	NA	resistant	resistant	NA
562.57366	NA	NA	susceptible	resistant	NA	NA	NA	resistant	NA	NA	resistant	NA	NA	resistant	NA	NA	resistant	NA	susceptible	NA	NA	NA	NA	NA	susceptible	NA	NA	NA	NA	NA	NA	susceptible	NA	NA	NA	NA	susceptible	resistant	NA
562.57367	NA	NA	susceptible	resistant	NA	NA	NA	resistant	NA	NA	resistant	NA	NA	resistant	NA	NA	resistant	NA	resistant	NA	NA	NA	NA	NA	resistant	NA	NA	NA	NA	NA	NA	susceptible	NA	NA	NA	NA	resistant	resistant	NA
562.57368	NA	NA	susceptible	resistant	NA	NA	NA	resistant	NA	NA	resistant	NA	NA	resistant	NA	NA	resistant	NA	resistant	NA	NA	NA	NA	NA	resistant	NA	NA	NA	NA	NA	NA	susceptible	NA	NA	NA	NA	resistant	resistant	NA
562.57369	NA	NA	resistant	resistant	NA	NA	NA	resistant	NA	NA	resistant	NA	NA	susceptible	NA	NA	resistant	NA	resistant	NA	NA	NA	NA	NA	resistant	NA	NA	NA	NA	NA	NA	susceptible	NA	NA	NA	NA	resistant	resistant	NA
562.5737	NA	NA	susceptible	resistant	NA	NA	NA	resistant	NA	NA	resistant	NA	NA	resistant	NA	NA	resistant	NA	resistant	NA	NA	NA	NA	NA	resistant	NA	NA	NA	NA	NA	NA	susceptible	NA	NA	NA	NA	resistant	susceptible	NA
562.57323	NA	NA	NA	resistant	NA	NA	NA	resistant	NA	NA	resistant	NA	NA	resistant	NA	NA	resistant	NA	susceptible	NA	NA	NA	NA	NA	susceptible	NA	NA	NA	NA	NA	NA	NA	NA	NA	NA	NA	susceptible	resistant	NA
562.65082	NA	NA	susceptible	resistant	NA	NA	NA	NA	NA	NA	NA	NA	NA	NA	NA	NA	NA	NA	NA	NA	NA	NA	NA	NA	NA	NA	NA	NA	NA	NA	NA	NA	NA	NA	NA	NA	NA	NA	NA
562.65083	NA	susceptible	susceptible	susceptible	NA	NA	NA	NA	NA	NA	NA	NA	NA	NA	NA	NA	NA	NA	NA	NA	NA	NA	NA	NA	NA	NA	NA	NA	NA	NA	NA	NA	NA	NA	NA	NA	NA	NA	NA
562.65084	NA	resistant	resistant	resistant	NA	NA	NA	NA	NA	NA	NA	NA	NA	NA	NA	NA	NA	NA	NA	NA	NA	NA	NA	NA	NA	NA	NA	NA	NA	NA	NA	NA	NA	NA	NA	NA	NA	NA	NA
562.65138	NA	susceptible	susceptible	resistant	NA	NA	NA	NA	NA	NA	NA	NA	NA	NA	NA	NA	NA	NA	NA	NA	NA	NA	NA	NA	NA	NA	NA	NA	NA	NA	NA	NA	NA	NA	NA	NA	NA	NA	NA
562.65137	NA	NA	susceptible	susceptible	NA	NA	NA	NA	NA	NA	NA	NA	NA	NA	NA	NA	NA	NA	NA	NA	NA	NA	NA	NA	NA	NA	NA	NA	NA	NA	NA	NA	NA	NA	NA	NA	NA	NA	NA
562.65136	NA	susceptible	susceptible	resistant	NA	NA	NA	NA	NA	NA	NA	NA	NA	NA	NA	NA	NA	NA	NA	NA	NA	NA	NA	NA	NA	NA	NA	NA	NA	NA	NA	NA	NA	NA	NA	NA	NA	NA	NA
562.65135	NA	NA	susceptible	resistant	NA	NA	NA	NA	NA	NA	NA	NA	NA	NA	NA	NA	NA	NA	NA	NA	NA	NA	NA	NA	NA	NA	NA	NA	NA	NA	NA	NA	NA	NA	NA	NA	NA	NA	NA
562.65134	NA	resistant	resistant	resistant	NA	NA	NA	NA	NA	NA	NA	NA	NA	NA	NA	NA	NA	NA	NA	NA	NA	NA	NA	NA	NA	NA	NA	NA	NA	NA	NA	NA	NA	NA	NA	NA	NA	NA	NA
562.65133	NA	NA	susceptible	resistant	NA	NA	NA	NA	NA	NA	NA	NA	NA	NA	NA	NA	NA	NA	NA	NA	NA	NA	NA	NA	NA	NA	NA	NA	NA	NA	NA	NA	NA	NA	NA	NA	NA	NA	NA
562.65139	NA	NA	resistant	susceptible	NA	NA	NA	NA	NA	NA	NA	NA	NA	NA	NA	NA	NA	NA	NA	NA	NA	NA	NA	NA	NA	NA	NA	NA	NA	NA	NA	NA	NA	NA	NA	NA	NA	NA	NA
562.65132	NA	NA	susceptible	susceptible	NA	NA	NA	NA	NA	NA	NA	NA	NA	NA	NA	NA	NA	NA	NA	NA	NA	NA	NA	NA	NA	NA	NA	NA	NA	NA	NA	NA	NA	NA	NA	NA	NA	NA	NA
562.6513	NA	NA	susceptible	susceptible	NA	NA	NA	NA	NA	NA	NA	NA	NA	NA	NA	NA	NA	NA	NA	NA	NA	NA	NA	NA	NA	NA	NA	NA	NA	NA	NA	NA	NA	NA	NA	NA	NA	NA	NA
562.65129	NA	NA	susceptible	susceptible	NA	NA	NA	NA	NA	NA	NA	NA	NA	NA	NA	NA	NA	NA	NA	NA	NA	NA	NA	NA	NA	NA	NA	NA	NA	NA	NA	NA	NA	NA	NA	NA	NA	NA	NA
562.65128	NA	resistant	resistant	resistant	NA	NA	NA	NA	NA	NA	NA	NA	NA	NA	NA	NA	NA	NA	NA	NA	NA	NA	NA	NA	NA	NA	NA	NA	NA	NA	NA	NA	NA	NA	NA	NA	NA	NA	NA
562.65127	NA	susceptible	susceptible	resistant	NA	NA	NA	NA	NA	NA	NA	NA	NA	NA	NA	NA	NA	NA	NA	NA	NA	NA	NA	NA	NA	NA	NA	NA	NA	NA	NA	NA	NA	NA	NA	NA	NA	NA	NA
562.65126	NA	susceptible	susceptible	resistant	NA	NA	NA	NA	NA	NA	NA	NA	NA	NA	NA	NA	NA	NA	NA	NA	NA	NA	NA	NA	NA	NA	NA	NA	NA	NA	NA	NA	NA	NA	NA	NA	NA	NA	NA
562.65125	NA	NA	susceptible	resistant	NA	NA	NA	NA	NA	NA	NA	NA	NA	NA	NA	NA	NA	NA	NA	NA	NA	NA	NA	NA	NA	NA	NA	NA	NA	NA	NA	NA	NA	NA	NA	NA	NA	NA	NA
562.65131	NA	NA	resistant	resistant	NA	NA	NA	NA	NA	NA	NA	NA	NA	NA	NA	NA	NA	NA	NA	NA	NA	NA	NA	NA	NA	NA	NA	NA	NA	NA	NA	NA	NA	NA	NA	NA	NA	NA	NA
562.6514	NA	NA	susceptible	susceptible	NA	NA	NA	NA	NA	NA	NA	NA	NA	NA	NA	NA	NA	NA	NA	NA	NA	NA	NA	NA	NA	NA	NA	NA	NA	NA	NA	NA	NA	NA	NA	NA	NA	NA	NA
562.65141	NA	NA	resistant	resistant	NA	NA	NA	NA	NA	NA	NA	NA	NA	NA	NA	NA	NA	NA	NA	NA	NA	NA	NA	NA	NA	NA	NA	NA	NA	NA	NA	NA	NA	NA	NA	NA	NA	NA	NA
562.65142	NA	NA	susceptible	susceptible	NA	NA	NA	NA	NA	NA	NA	NA	NA	NA	NA	NA	NA	NA	NA	NA	NA	NA	NA	NA	NA	NA	NA	NA	NA	NA	NA	NA	NA	NA	NA	NA	NA	NA	NA
562.65157	NA	susceptible	susceptible	susceptible	NA	NA	NA	NA	NA	NA	NA	NA	NA	NA	NA	NA	NA	NA	NA	NA	NA	NA	NA	NA	NA	NA	NA	NA	NA	NA	NA	NA	NA	NA	NA	NA	NA	NA	NA
562.65156	NA	NA	resistant	resistant	NA	NA	NA	NA	NA	NA	NA	NA	NA	NA	NA	NA	NA	NA	NA	NA	NA	NA	NA	NA	NA	NA	NA	NA	NA	NA	NA	NA	NA	NA	NA	NA	NA	NA	NA
562.65155	NA	resistant	resistant	resistant	NA	NA	NA	NA	NA	NA	NA	NA	NA	NA	NA	NA	NA	NA	NA	NA	NA	NA	NA	NA	NA	NA	NA	NA	NA	NA	NA	NA	NA	NA	NA	NA	NA	NA	NA
562.65154	NA	NA	resistant	resistant	NA	NA	NA	NA	NA	NA	NA	NA	NA	NA	NA	NA	NA	NA	NA	NA	NA	NA	NA	NA	NA	NA	NA	NA	NA	NA	NA	NA	NA	NA	NA	NA	NA	NA	NA
562.65153	NA	resistant	resistant	resistant	NA	NA	NA	NA	NA	NA	NA	NA	NA	NA	NA	NA	NA	NA	NA	NA	NA	NA	NA	NA	NA	NA	NA	NA	NA	NA	NA	NA	NA	NA	NA	NA	NA	NA	NA
562.65152	NA	NA	resistant	resistant	NA	NA	NA	NA	NA	NA	NA	NA	NA	NA	NA	NA	NA	NA	NA	NA	NA	NA	NA	NA	NA	NA	NA	NA	NA	NA	NA	NA	NA	NA	NA	NA	NA	NA	NA
562.65151	NA	NA	susceptible	susceptible	NA	NA	NA	NA	NA	NA	NA	NA	NA	NA	NA	NA	NA	NA	NA	NA	NA	NA	NA	NA	NA	NA	NA	NA	NA	NA	NA	NA	NA	NA	NA	NA	NA	NA	NA
562.6515	NA	resistant	resistant	resistant	NA	NA	NA	NA	NA	NA	NA	NA	NA	NA	NA	NA	NA	NA	NA	NA	NA	NA	NA	NA	NA	NA	NA	NA	NA	NA	NA	NA	NA	NA	NA	NA	NA	NA	NA
562.65149	NA	NA	susceptible	susceptible	NA	NA	NA	NA	NA	NA	NA	NA	NA	NA	NA	NA	NA	NA	NA	NA	NA	NA	NA	NA	NA	NA	NA	NA	NA	NA	NA	NA	NA	NA	NA	NA	NA	NA	NA
562.65148	NA	NA	susceptible	susceptible	NA	NA	NA	NA	NA	NA	NA	NA	NA	NA	NA	NA	NA	NA	NA	NA	NA	NA	NA	NA	NA	NA	NA	NA	NA	NA	NA	NA	NA	NA	NA	NA	NA	NA	NA
562.65147	NA	NA	susceptible	susceptible	NA	NA	NA	NA	NA	NA	NA	NA	NA	NA	NA	NA	NA	NA	NA	NA	NA	NA	NA	NA	NA	NA	NA	NA	NA	NA	NA	NA	NA	NA	NA	NA	NA	NA	NA
562.65146	NA	susceptible	susceptible	resistant	NA	NA	NA	NA	NA	NA	NA	NA	NA	NA	NA	NA	NA	NA	NA	NA	NA	NA	NA	NA	NA	NA	NA	NA	NA	NA	NA	NA	NA	NA	NA	NA	NA	NA	NA
562.65145	NA	susceptible	susceptible	resistant	NA	NA	NA	NA	NA	NA	NA	NA	NA	NA	NA	NA	NA	NA	NA	NA	NA	NA	NA	NA	NA	NA	NA	NA	NA	NA	NA	NA	NA	NA	NA	NA	NA	NA	NA
562.65144	NA	NA	resistant	resistant	NA	NA	NA	NA	NA	NA	NA	NA	NA	NA	NA	NA	NA	NA	NA	NA	NA	NA	NA	NA	NA	NA	NA	NA	NA	NA	NA	NA	NA	NA	NA	NA	NA	NA	NA
562.65143	NA	resistant	resistant	resistant	NA	NA	NA	NA	NA	NA	NA	NA	NA	NA	NA	NA	NA	NA	NA	NA	NA	NA	NA	NA	NA	NA	NA	NA	NA	NA	NA	NA	NA	NA	NA	NA	NA	NA	NA
562.65124	NA	NA	resistant	resistant	NA	NA	NA	NA	NA	NA	NA	NA	NA	NA	NA	NA	NA	NA	NA	NA	NA	NA	NA	NA	NA	NA	NA	NA	NA	NA	NA	NA	NA	NA	NA	NA	NA	NA	NA
562.65123	NA	resistant	resistant	resistant	NA	NA	NA	NA	NA	NA	NA	NA	NA	NA	NA	NA	NA	NA	NA	NA	NA	NA	NA	NA	NA	NA	NA	NA	NA	NA	NA	NA	NA	NA	NA	NA	NA	NA	NA
562.65122	NA	NA	resistant	resistant	NA	NA	NA	NA	NA	NA	NA	NA	NA	NA	NA	NA	NA	NA	NA	NA	NA	NA	NA	NA	NA	NA	NA	NA	NA	NA	NA	NA	NA	NA	NA	NA	NA	NA	NA
562.65121	NA	NA	susceptible	resistant	NA	NA	NA	NA	NA	NA	NA	NA	NA	NA	NA	NA	NA	NA	NA	NA	NA	NA	NA	NA	NA	NA	NA	NA	NA	NA	NA	NA	NA	NA	NA	NA	NA	NA	NA
562.651	NA	NA	resistant	resistant	NA	NA	NA	NA	NA	NA	NA	NA	NA	NA	NA	NA	NA	NA	NA	NA	NA	NA	NA	NA	NA	NA	NA	NA	NA	NA	NA	NA	NA	NA	NA	NA	NA	NA	NA
562.65099	NA	NA	susceptible	susceptible	NA	NA	NA	NA	NA	NA	NA	NA	NA	NA	NA	NA	NA	NA	NA	NA	NA	NA	NA	NA	NA	NA	NA	NA	NA	NA	NA	NA	NA	NA	NA	NA	NA	NA	NA
562.65098	NA	NA	susceptible	resistant	NA	NA	NA	NA	NA	NA	NA	NA	NA	NA	NA	NA	NA	NA	NA	NA	NA	NA	NA	NA	NA	NA	NA	NA	NA	NA	NA	NA	NA	NA	NA	NA	NA	NA	NA
562.65097	NA	NA	resistant	resistant	NA	NA	NA	NA	NA	NA	NA	NA	NA	NA	NA	NA	NA	NA	NA	NA	NA	NA	NA	NA	NA	NA	NA	NA	NA	NA	NA	NA	NA	NA	NA	NA	NA	NA	NA
562.65095	NA	NA	resistant	resistant	NA	NA	NA	NA	NA	NA	NA	NA	NA	NA	NA	NA	NA	NA	NA	NA	NA	NA	NA	NA	NA	NA	NA	NA	NA	NA	NA	NA	NA	NA	NA	NA	NA	NA	NA
562.65094	NA	susceptible	susceptible	susceptible	NA	NA	NA	NA	NA	NA	NA	NA	NA	NA	NA	NA	NA	NA	NA	NA	NA	NA	NA	NA	NA	NA	NA	NA	NA	NA	NA	NA	NA	NA	NA	NA	NA	NA	NA
562.65093	NA	NA	susceptible	susceptible	NA	NA	NA	NA	NA	NA	NA	NA	NA	NA	NA	NA	NA	NA	NA	NA	NA	NA	NA	NA	NA	NA	NA	NA	NA	NA	NA	NA	NA	NA	NA	NA	NA	NA	NA
562.65092	NA	NA	resistant	resistant	NA	NA	NA	NA	NA	NA	NA	NA	NA	NA	NA	NA	NA	NA	NA	NA	NA	NA	NA	NA	NA	NA	NA	NA	NA	NA	NA	NA	NA	NA	NA	NA	NA	NA	NA
562.65091	NA	resistant	resistant	resistant	NA	NA	NA	NA	NA	NA	NA	NA	NA	NA	NA	NA	NA	NA	NA	NA	NA	NA	NA	NA	NA	NA	NA	NA	NA	NA	NA	NA	NA	NA	NA	NA	NA	NA	NA
562.6509	NA	NA	resistant	resistant	NA	NA	NA	NA	NA	NA	NA	NA	NA	NA	NA	NA	NA	NA	NA	NA	NA	NA	NA	NA	NA	NA	NA	NA	NA	NA	NA	NA	NA	NA	NA	NA	NA	NA	NA
562.65089	NA	NA	resistant	resistant	NA	NA	NA	NA	NA	NA	NA	NA	NA	NA	NA	NA	NA	NA	NA	NA	NA	NA	NA	NA	NA	NA	NA	NA	NA	NA	NA	NA	NA	NA	NA	NA	NA	NA	NA
562.65088	NA	NA	resistant	resistant	NA	NA	NA	NA	NA	NA	NA	NA	NA	NA	NA	NA	NA	NA	NA	NA	NA	NA	NA	NA	NA	NA	NA	NA	NA	NA	NA	NA	NA	NA	NA	NA	NA	NA	NA
562.65087	NA	resistant	resistant	resistant	NA	NA	NA	NA	NA	NA	NA	NA	NA	NA	NA	NA	NA	NA	NA	NA	NA	NA	NA	NA	NA	NA	NA	NA	NA	NA	NA	NA	NA	NA	NA	NA	NA	NA	NA
562.65086	NA	NA	susceptible	resistant	NA	NA	NA	NA	NA	NA	NA	NA	NA	NA	NA	NA	NA	NA	NA	NA	NA	NA	NA	NA	NA	NA	NA	NA	NA	NA	NA	NA	NA	NA	NA	NA	NA	NA	NA
562.65085	NA	NA	susceptible	resistant	NA	NA	NA	NA	NA	NA	NA	NA	NA	NA	NA	NA	NA	NA	NA	NA	NA	NA	NA	NA	NA	NA	NA	NA	NA	NA	NA	NA	NA	NA	NA	NA	NA	NA	NA
562.65102	NA	NA	susceptible	susceptible	NA	NA	NA	NA	NA	NA	NA	NA	NA	NA	NA	NA	NA	NA	NA	NA	NA	NA	NA	NA	NA	NA	NA	NA	NA	NA	NA	NA	NA	NA	NA	NA	NA	NA	NA
562.5739	NA	NA	susceptible	resistant	NA	NA	NA	resistant	NA	NA	resistant	NA	NA	resistant	NA	NA	resistant	NA	resistant	NA	NA	NA	NA	NA	resistant	NA	NA	NA	NA	NA	NA	susceptible	NA	NA	NA	NA	resistant	resistant	NA
562.65103	NA	NA	resistant	resistant	NA	NA	NA	NA	NA	NA	NA	NA	NA	NA	NA	NA	NA	NA	NA	NA	NA	NA	NA	NA	NA	NA	NA	NA	NA	NA	NA	NA	NA	NA	NA	NA	NA	NA	NA
562.65105	NA	NA	susceptible	susceptible	NA	NA	NA	NA	NA	NA	NA	NA	NA	NA	NA	NA	NA	NA	NA	NA	NA	NA	NA	NA	NA	NA	NA	NA	NA	NA	NA	NA	NA	NA	NA	NA	NA	NA	NA
562.6512	NA	resistant	resistant	resistant	NA	NA	NA	NA	NA	NA	NA	NA	NA	NA	NA	NA	NA	NA	NA	NA	NA	NA	NA	NA	NA	NA	NA	NA	NA	NA	NA	NA	NA	NA	NA	NA	NA	NA	NA
562.65119	NA	NA	resistant	resistant	NA	NA	NA	NA	NA	NA	NA	NA	NA	NA	NA	NA	NA	NA	NA	NA	NA	NA	NA	NA	NA	NA	NA	NA	NA	NA	NA	NA	NA	NA	NA	NA	NA	NA	NA
562.65118	NA	resistant	resistant	resistant	NA	NA	NA	NA	NA	NA	NA	NA	NA	NA	NA	NA	NA	NA	NA	NA	NA	NA	NA	NA	NA	NA	NA	NA	NA	NA	NA	NA	NA	NA	NA	NA	NA	NA	NA
562.65117	NA	NA	resistant	resistant	NA	NA	NA	NA	NA	NA	NA	NA	NA	NA	NA	NA	NA	NA	NA	NA	NA	NA	NA	NA	NA	NA	NA	NA	NA	NA	NA	NA	NA	NA	NA	NA	NA	NA	NA
562.65116	NA	susceptible	susceptible	resistant	NA	NA	NA	NA	NA	NA	NA	NA	NA	NA	NA	NA	NA	NA	NA	NA	NA	NA	NA	NA	NA	NA	NA	NA	NA	NA	NA	NA	NA	NA	NA	NA	NA	NA	NA
562.65115	NA	NA	susceptible	susceptible	NA	NA	NA	NA	NA	NA	NA	NA	NA	NA	NA	NA	NA	NA	NA	NA	NA	NA	NA	NA	NA	NA	NA	NA	NA	NA	NA	NA	NA	NA	NA	NA	NA	NA	NA
562.65114	NA	NA	susceptible	susceptible	NA	NA	NA	NA	NA	NA	NA	NA	NA	NA	NA	NA	NA	NA	NA	NA	NA	NA	NA	NA	NA	NA	NA	NA	NA	NA	NA	NA	NA	NA	NA	NA	NA	NA	NA
562.65113	NA	NA	resistant	resistant	NA	NA	NA	NA	NA	NA	NA	NA	NA	NA	NA	NA	NA	NA	NA	NA	NA	NA	NA	NA	NA	NA	NA	NA	NA	NA	NA	NA	NA	NA	NA	NA	NA	NA	NA
562.65112	NA	resistant	resistant	resistant	NA	NA	NA	NA	NA	NA	NA	NA	NA	NA	NA	NA	NA	NA	NA	NA	NA	NA	NA	NA	NA	NA	NA	NA	NA	NA	NA	NA	NA	NA	NA	NA	NA	NA	NA
562.65111	NA	NA	susceptible	resistant	NA	NA	NA	NA	NA	NA	NA	NA	NA	NA	NA	NA	NA	NA	NA	NA	NA	NA	NA	NA	NA	NA	NA	NA	NA	NA	NA	NA	NA	NA	NA	NA	NA	NA	NA
562.6511	NA	resistant	resistant	resistant	NA	NA	NA	NA	NA	NA	NA	NA	NA	NA	NA	NA	NA	NA	NA	NA	NA	NA	NA	NA	NA	NA	NA	NA	NA	NA	NA	NA	NA	NA	NA	NA	NA	NA	NA
562.65109	NA	NA	susceptible	resistant	NA	NA	NA	NA	NA	NA	NA	NA	NA	NA	NA	NA	NA	NA	NA	NA	NA	NA	NA	NA	NA	NA	NA	NA	NA	NA	NA	NA	NA	NA	NA	NA	NA	NA	NA
562.65108	NA	NA	susceptible	susceptible	NA	NA	NA	NA	NA	NA	NA	NA	NA	NA	NA	NA	NA	NA	NA	NA	NA	NA	NA	NA	NA	NA	NA	NA	NA	NA	NA	NA	NA	NA	NA	NA	NA	NA	NA
562.65107	NA	NA	susceptible	susceptible	NA	NA	NA	NA	NA	NA	NA	NA	NA	NA	NA	NA	NA	NA	NA	NA	NA	NA	NA	NA	NA	NA	NA	NA	NA	NA	NA	NA	NA	NA	NA	NA	NA	NA	NA
562.65106	NA	NA	susceptible	susceptible	NA	NA	NA	NA	NA	NA	NA	NA	NA	NA	NA	NA	NA	NA	NA	NA	NA	NA	NA	NA	NA	NA	NA	NA	NA	NA	NA	NA	NA	NA	NA	NA	NA	NA	NA
562.65104	NA	NA	resistant	resistant	NA	NA	NA	NA	NA	NA	NA	NA	NA	NA	NA	NA	NA	NA	NA	NA	NA	NA	NA	NA	NA	NA	NA	NA	NA	NA	NA	NA	NA	NA	NA	NA	NA	NA	NA
562.65015	NA	resistant	resistant	resistant	NA	NA	NA	NA	NA	NA	NA	NA	NA	NA	NA	NA	NA	NA	NA	NA	NA	NA	NA	NA	NA	NA	NA	NA	NA	NA	NA	NA	NA	NA	NA	NA	NA	NA	NA
562.57391	NA	NA	resistant	resistant	NA	NA	NA	resistant	NA	NA	resistant	NA	NA	susceptible	NA	NA	resistant	NA	susceptible	NA	NA	NA	NA	NA	resistant	NA	NA	NA	NA	NA	NA	susceptible	NA	NA	NA	NA	susceptible	susceptible	NA
562.57393	NA	NA	susceptible	resistant	NA	NA	NA	resistant	NA	NA	resistant	NA	NA	susceptible	NA	NA	resistant	NA	resistant	NA	NA	NA	NA	NA	susceptible	NA	NA	NA	NA	NA	NA	susceptible	NA	NA	NA	NA	susceptible	resistant	NA
562.57492	NA	NA	resistant	resistant	NA	NA	NA	resistant	NA	NA	resistant	NA	NA	intermediate	NA	NA	resistant	NA	resistant	NA	NA	NA	NA	NA	resistant	NA	NA	NA	NA	NA	NA	susceptible	NA	NA	NA	NA	resistant	resistant	NA
562.57493	NA	NA	resistant	resistant	NA	NA	NA	resistant	NA	NA	resistant	NA	NA	susceptible	NA	NA	resistant	NA	resistant	NA	NA	NA	NA	NA	resistant	NA	NA	NA	NA	NA	NA	susceptible	NA	NA	NA	NA	resistant	resistant	NA
562.57494	NA	NA	susceptible	resistant	NA	NA	NA	resistant	NA	NA	resistant	NA	NA	susceptible	NA	NA	resistant	NA	resistant	NA	NA	NA	NA	NA	resistant	NA	NA	NA	NA	NA	NA	susceptible	NA	NA	NA	NA	resistant	resistant	NA
562.57495	NA	NA	resistant	resistant	NA	NA	NA	resistant	NA	NA	resistant	NA	NA	resistant	NA	NA	resistant	NA	resistant	NA	NA	NA	NA	NA	resistant	NA	NA	NA	NA	NA	NA	resistant	NA	NA	NA	NA	resistant	susceptible	NA
562.57496	NA	NA	susceptible	resistant	NA	NA	NA	resistant	NA	NA	resistant	NA	NA	resistant	NA	NA	resistant	NA	resistant	NA	NA	NA	NA	NA	susceptible	NA	NA	NA	NA	NA	NA	susceptible	NA	NA	NA	NA	susceptible	resistant	NA
562.57497	NA	NA	susceptible	resistant	NA	NA	NA	resistant	NA	NA	resistant	NA	NA	resistant	NA	NA	resistant	NA	resistant	NA	NA	NA	NA	NA	susceptible	NA	NA	NA	NA	NA	NA	susceptible	NA	NA	NA	NA	susceptible	susceptible	NA
562.57491	NA	NA	resistant	resistant	NA	NA	NA	resistant	NA	NA	resistant	NA	NA	resistant	NA	NA	resistant	NA	resistant	NA	NA	NA	NA	NA	resistant	NA	NA	NA	NA	NA	NA	resistant	NA	NA	NA	NA	resistant	resistant	NA
562.57498	NA	NA	susceptible	resistant	NA	NA	NA	resistant	NA	NA	resistant	NA	NA	susceptible	NA	NA	resistant	NA	resistant	NA	NA	NA	NA	NA	resistant	NA	NA	NA	NA	NA	NA	susceptible	NA	NA	NA	NA	resistant	resistant	NA
562.575	NA	NA	susceptible	resistant	NA	NA	NA	resistant	NA	NA	resistant	NA	NA	susceptible	NA	NA	resistant	NA	resistant	NA	NA	NA	NA	NA	resistant	NA	NA	NA	NA	NA	NA	susceptible	NA	NA	NA	NA	resistant	resistant	NA
562.57501	NA	NA	resistant	resistant	NA	NA	NA	resistant	NA	NA	resistant	NA	NA	susceptible	NA	NA	resistant	NA	intermediate	NA	NA	NA	NA	NA	resistant	NA	NA	NA	NA	NA	NA	susceptible	NA	NA	NA	NA	resistant	susceptible	NA
562.57502	NA	NA	susceptible	resistant	NA	NA	NA	resistant	NA	NA	resistant	NA	NA	intermediate	NA	NA	resistant	NA	resistant	NA	NA	NA	NA	NA	susceptible	NA	NA	NA	NA	NA	NA	susceptible	NA	NA	NA	NA	susceptible	susceptible	NA
562.57503	NA	NA	susceptible	resistant	NA	NA	NA	resistant	NA	NA	resistant	NA	NA	intermediate	NA	NA	resistant	NA	susceptible	NA	NA	NA	NA	NA	resistant	NA	NA	NA	NA	NA	NA	susceptible	NA	NA	NA	NA	resistant	resistant	NA
562.57504	NA	NA	susceptible	resistant	NA	NA	NA	resistant	NA	NA	resistant	NA	NA	resistant	NA	NA	resistant	NA	resistant	NA	NA	NA	NA	NA	resistant	NA	NA	NA	NA	NA	NA	susceptible	NA	NA	NA	NA	resistant	resistant	NA
562.57505	NA	NA	susceptible	resistant	NA	NA	NA	resistant	NA	NA	resistant	NA	NA	intermediate	NA	NA	resistant	NA	resistant	NA	NA	NA	NA	NA	susceptible	NA	NA	NA	NA	NA	NA	susceptible	NA	NA	NA	NA	susceptible	resistant	NA
562.57499	NA	NA	susceptible	resistant	NA	NA	NA	resistant	NA	NA	resistant	NA	NA	intermediate	NA	NA	resistant	NA	resistant	NA	NA	NA	NA	NA	resistant	NA	NA	NA	NA	NA	NA	susceptible	NA	NA	NA	NA	resistant	resistant	NA
562.5749	NA	NA	susceptible	resistant	NA	NA	NA	resistant	NA	NA	resistant	NA	NA	intermediate	NA	NA	resistant	NA	susceptible	NA	NA	NA	NA	NA	susceptible	NA	NA	NA	NA	NA	NA	susceptible	NA	NA	NA	NA	susceptible	susceptible	NA
562.57489	NA	NA	susceptible	resistant	NA	NA	NA	resistant	NA	NA	resistant	NA	NA	intermediate	NA	NA	resistant	NA	resistant	NA	NA	NA	NA	NA	susceptible	NA	NA	NA	NA	NA	NA	susceptible	NA	NA	NA	NA	susceptible	susceptible	NA
562.57488	NA	NA	susceptible	resistant	NA	NA	NA	resistant	NA	NA	resistant	NA	NA	susceptible	NA	NA	resistant	NA	resistant	NA	NA	NA	NA	NA	intermediate	NA	NA	NA	NA	NA	NA	susceptible	NA	NA	NA	NA	susceptible	susceptible	NA
562.57473	NA	NA	susceptible	resistant	NA	NA	NA	resistant	NA	NA	resistant	NA	NA	intermediate	NA	NA	resistant	NA	resistant	NA	NA	NA	NA	NA	susceptible	NA	NA	NA	NA	NA	NA	susceptible	NA	NA	NA	NA	susceptible	resistant	NA
562.57474	NA	NA	resistant	resistant	NA	NA	NA	resistant	NA	NA	resistant	NA	NA	resistant	NA	NA	resistant	NA	resistant	NA	NA	NA	NA	NA	susceptible	NA	NA	NA	NA	NA	NA	resistant	NA	NA	NA	NA	susceptible	susceptible	NA
562.57475	NA	NA	resistant	resistant	NA	NA	NA	resistant	NA	NA	resistant	NA	NA	susceptible	NA	NA	resistant	NA	resistant	NA	NA	NA	NA	NA	resistant	NA	NA	NA	NA	NA	NA	susceptible	NA	NA	NA	NA	intermediate	susceptible	NA
562.57476	NA	NA	susceptible	resistant	NA	NA	NA	resistant	NA	NA	resistant	NA	NA	resistant	NA	NA	resistant	NA	intermediate	NA	NA	NA	NA	NA	resistant	NA	NA	NA	NA	NA	NA	susceptible	NA	NA	NA	NA	resistant	resistant	NA
562.57477	NA	NA	resistant	resistant	NA	NA	NA	resistant	NA	NA	resistant	NA	NA	resistant	NA	NA	resistant	NA	intermediate	NA	NA	NA	NA	NA	resistant	NA	NA	NA	NA	NA	NA	susceptible	NA	NA	NA	NA	resistant	resistant	NA
562.57478	NA	NA	resistant	resistant	NA	NA	NA	resistant	NA	NA	resistant	NA	NA	susceptible	NA	NA	resistant	NA	resistant	NA	NA	NA	NA	NA	resistant	NA	NA	NA	NA	NA	NA	susceptible	NA	NA	NA	NA	resistant	resistant	NA
562.57479	NA	NA	resistant	resistant	NA	NA	NA	resistant	NA	NA	resistant	NA	NA	resistant	NA	NA	resistant	NA	resistant	NA	NA	NA	NA	NA	resistant	NA	NA	NA	NA	NA	NA	susceptible	NA	NA	NA	NA	resistant	resistant	NA
562.5748	NA	NA	resistant	resistant	NA	NA	NA	resistant	NA	NA	resistant	NA	NA	resistant	NA	NA	resistant	NA	resistant	NA	NA	NA	NA	NA	susceptible	NA	NA	NA	NA	NA	NA	susceptible	NA	NA	NA	NA	resistant	resistant	NA
562.57481	NA	NA	resistant	resistant	NA	NA	NA	resistant	NA	NA	resistant	NA	NA	susceptible	NA	NA	resistant	NA	resistant	NA	NA	NA	NA	NA	resistant	NA	NA	NA	NA	NA	NA	susceptible	NA	NA	NA	NA	resistant	susceptible	NA
562.57482	NA	NA	resistant	resistant	NA	NA	NA	resistant	NA	NA	resistant	NA	NA	intermediate	NA	NA	resistant	NA	susceptible	NA	NA	NA	NA	NA	susceptible	NA	NA	NA	NA	NA	NA	susceptible	NA	NA	NA	NA	susceptible	resistant	NA
562.57483	NA	NA	resistant	resistant	NA	NA	NA	resistant	NA	NA	resistant	NA	NA	resistant	NA	NA	resistant	NA	resistant	NA	NA	NA	NA	NA	resistant	NA	NA	NA	NA	NA	NA	resistant	NA	NA	NA	NA	resistant	resistant	NA
562.57484	NA	NA	resistant	resistant	NA	NA	NA	resistant	NA	NA	resistant	NA	NA	resistant	NA	NA	resistant	NA	resistant	NA	NA	NA	NA	NA	resistant	NA	NA	NA	NA	NA	NA	susceptible	NA	NA	NA	NA	resistant	resistant	NA
562.57485	NA	NA	resistant	resistant	NA	NA	NA	resistant	NA	NA	resistant	NA	NA	susceptible	NA	NA	resistant	NA	resistant	NA	NA	NA	NA	NA	resistant	NA	NA	NA	NA	NA	NA	susceptible	NA	NA	NA	NA	resistant	susceptible	NA
562.57486	NA	NA	susceptible	resistant	NA	NA	NA	resistant	NA	NA	resistant	NA	NA	intermediate	NA	NA	resistant	NA	resistant	NA	NA	NA	NA	NA	resistant	NA	NA	NA	NA	NA	NA	susceptible	NA	NA	NA	NA	resistant	resistant	NA
562.57487	NA	NA	susceptible	resistant	NA	NA	NA	resistant	NA	NA	resistant	NA	NA	resistant	NA	NA	resistant	NA	resistant	NA	NA	NA	NA	NA	resistant	NA	NA	NA	NA	NA	NA	susceptible	NA	NA	NA	NA	resistant	resistant	NA
562.57506	NA	NA	resistant	resistant	NA	NA	NA	resistant	NA	NA	resistant	NA	NA	resistant	NA	NA	resistant	NA	resistant	NA	NA	NA	NA	NA	resistant	NA	NA	NA	NA	NA	NA	resistant	NA	NA	NA	NA	resistant	resistant	NA
562.57472	NA	NA	susceptible	resistant	NA	NA	NA	resistant	NA	NA	resistant	NA	NA	resistant	NA	NA	resistant	NA	resistant	NA	NA	NA	NA	NA	resistant	NA	NA	NA	NA	NA	NA	susceptible	NA	NA	NA	NA	resistant	resistant	NA
562.57507	NA	NA	susceptible	resistant	NA	NA	NA	resistant	NA	NA	resistant	NA	NA	resistant	NA	NA	resistant	NA	resistant	NA	NA	NA	NA	NA	resistant	NA	NA	NA	NA	NA	NA	susceptible	NA	NA	NA	NA	resistant	resistant	NA
562.57509	NA	NA	resistant	resistant	NA	NA	NA	resistant	NA	NA	resistant	NA	NA	resistant	NA	NA	resistant	NA	resistant	NA	NA	NA	NA	NA	susceptible	NA	NA	NA	NA	NA	NA	resistant	NA	NA	NA	NA	susceptible	resistant	NA
562.5867	NA	NA	NA	NA	NA	NA	NA	NA	NA	NA	NA	NA	NA	NA	NA	NA	NA	NA	NA	resistant*	NA	NA	NA	NA	NA	NA	NA	NA	NA	NA	NA	NA	NA	NA	NA	NA	NA	NA	NA
562.58671	NA	NA	NA	NA	NA	NA	NA	NA	NA	NA	NA	NA	NA	NA	NA	NA	NA	NA	NA	resistant*	NA	NA	NA	NA	NA	NA	NA	NA	NA	NA	NA	NA	NA	NA	NA	NA	NA	NA	NA
562.58673	NA	NA	NA	NA	NA	NA	NA	NA	NA	NA	NA	NA	NA	NA	NA	NA	NA	NA	NA	resistant*	NA	NA	NA	NA	NA	NA	NA	NA	NA	NA	NA	NA	NA	NA	NA	NA	NA	NA	NA
562.58675	NA	NA	NA	NA	NA	NA	NA	NA	NA	NA	NA	NA	NA	NA	NA	NA	NA	NA	NA	resistant*	NA	NA	NA	NA	NA	NA	NA	NA	NA	NA	NA	NA	NA	NA	NA	NA	NA	NA	NA
562.58676	NA	NA	NA	NA	NA	NA	NA	NA	NA	NA	NA	NA	NA	NA	NA	NA	NA	NA	NA	resistant*	NA	NA	NA	NA	NA	NA	NA	NA	NA	NA	NA	NA	NA	NA	NA	NA	NA	NA	NA
562.58678	NA	NA	NA	NA	NA	NA	NA	NA	NA	NA	NA	NA	NA	NA	NA	NA	NA	NA	NA	resistant*	NA	NA	NA	NA	NA	NA	NA	NA	NA	NA	NA	NA	NA	NA	NA	NA	NA	NA	NA
562.58663	NA	NA	NA	NA	NA	NA	NA	NA	NA	NA	NA	NA	NA	NA	NA	NA	NA	NA	NA	resistant*	NA	NA	NA	NA	NA	NA	NA	NA	NA	NA	NA	NA	NA	NA	NA	NA	NA	NA	NA
562.5868	NA	NA	NA	NA	NA	NA	NA	NA	NA	NA	NA	NA	NA	NA	NA	NA	NA	NA	NA	resistant*	NA	NA	NA	NA	NA	NA	NA	NA	NA	NA	NA	NA	NA	NA	NA	NA	NA	NA	NA
562.58704	NA	NA	NA	resistant	NA	NA	NA	NA	NA	NA	susceptible	NA	NA	susceptible	NA	NA	NA	NA	susceptible	resistant	NA	NA	NA	NA	resistant	NA	NA	susceptible	NA	NA	NA	NA	NA	resistant	NA	susceptible	NA	resistant	NA
562.58705	NA	NA	NA	resistant	NA	NA	NA	NA	NA	NA	susceptible	NA	NA	susceptible	NA	NA	NA	NA	resistant	resistant	NA	NA	NA	NA	susceptible	NA	NA	susceptible	NA	NA	NA	NA	NA	resistant	NA	susceptible	NA	resistant	NA
562.58706	NA	NA	NA	resistant	NA	NA	NA	NA	NA	NA	resistant	NA	NA	resistant	NA	NA	NA	NA	resistant	resistant	NA	NA	NA	NA	susceptible	NA	NA	susceptible	NA	NA	NA	NA	NA	susceptible	NA	susceptible	NA	resistant	NA
562.58707	NA	NA	NA	resistant	NA	NA	NA	NA	NA	NA	susceptible	NA	NA	susceptible	NA	NA	NA	NA	resistant	resistant	NA	NA	NA	NA	susceptible	NA	NA	susceptible	NA	NA	NA	NA	NA	resistant	NA	susceptible	NA	resistant	NA
562.58709	NA	NA	NA	resistant	NA	NA	NA	NA	NA	NA	resistant	NA	NA	resistant	NA	NA	NA	NA	resistant	resistant	NA	NA	NA	NA	susceptible	NA	NA	susceptible	NA	NA	NA	NA	NA	resistant	NA	susceptible	NA	resistant	NA
562.5871	NA	NA	NA	resistant	NA	NA	NA	NA	NA	NA	resistant	NA	NA	resistant	NA	NA	NA	NA	resistant	resistant	NA	NA	NA	NA	susceptible	NA	NA	susceptible	NA	NA	NA	NA	NA	resistant	NA	susceptible	NA	resistant	NA
562.58681	NA	NA	NA	NA	NA	NA	NA	NA	NA	NA	NA	NA	NA	NA	NA	NA	NA	NA	NA	resistant*	NA	NA	NA	NA	NA	NA	NA	NA	NA	NA	NA	NA	NA	NA	NA	NA	NA	NA	NA
562.58651	NA	NA	NA	NA	NA	NA	NA	NA	susceptible	NA	NA	susceptible	NA	NA	NA	susceptible	NA	susceptible	NA	NA	NA	susceptible	NA	NA	NA	NA	NA	NA	NA	NA	NA	NA	NA	NA	NA	NA	NA	NA	susceptible
562.5865	NA	NA	NA	NA	NA	NA	NA	NA	susceptible	NA	NA	susceptible	NA	NA	NA	susceptible	NA	resistant	NA	NA	NA	resistant	NA	NA	NA	NA	NA	NA	NA	NA	NA	NA	NA	NA	NA	NA	NA	NA	resistant
562.58649	NA	NA	NA	NA	NA	NA	NA	NA	resistant	NA	NA	resistant	NA	NA	NA	resistant	NA	intermediate	NA	NA	NA	resistant	NA	NA	NA	NA	NA	NA	NA	NA	NA	NA	NA	NA	NA	NA	NA	NA	resistant
562.5751	NA	NA	susceptible	resistant	NA	NA	NA	resistant	NA	NA	resistant	NA	NA	resistant	NA	NA	resistant	NA	resistant	NA	NA	NA	NA	NA	resistant	NA	NA	NA	NA	NA	NA	susceptible	NA	NA	NA	NA	resistant	resistant	NA
562.58623	NA	NA	NA	NA	NA	NA	NA	NA	susceptible	NA	NA	susceptible	NA	NA	NA	susceptible	NA	resistant	NA	NA	NA	resistant	NA	NA	NA	NA	NA	NA	NA	NA	NA	NA	NA	NA	NA	NA	NA	NA	resistant
562.58625	NA	NA	NA	NA	NA	NA	NA	NA	resistant	NA	NA	susceptible	NA	NA	NA	resistant	NA	resistant	NA	NA	NA	resistant	NA	NA	NA	NA	NA	NA	NA	NA	NA	NA	NA	NA	NA	NA	NA	NA	resistant
562.58626	NA	NA	NA	NA	NA	NA	NA	NA	resistant	NA	NA	susceptible	NA	NA	NA	resistant	NA	susceptible	NA	NA	NA	resistant	NA	NA	NA	NA	NA	NA	NA	NA	NA	NA	NA	NA	NA	NA	NA	NA	susceptible
562.58627	NA	NA	NA	NA	NA	NA	NA	NA	resistant	NA	NA	susceptible	NA	NA	NA	resistant	NA	susceptible	NA	NA	NA	resistant	NA	NA	NA	NA	NA	NA	NA	NA	NA	NA	NA	NA	NA	NA	NA	NA	resistant
562.58628	NA	NA	NA	NA	NA	NA	NA	NA	susceptible	NA	NA	susceptible	NA	NA	NA	resistant	NA	susceptible	NA	NA	NA	susceptible	NA	NA	NA	NA	NA	NA	NA	NA	NA	NA	NA	NA	NA	NA	NA	NA	susceptible
562.5863	NA	NA	NA	NA	NA	NA	NA	NA	resistant	NA	NA	resistant	NA	NA	NA	resistant	NA	susceptible	NA	NA	NA	resistant	NA	NA	NA	NA	NA	NA	NA	NA	NA	NA	NA	NA	NA	NA	NA	NA	resistant
562.58631	NA	NA	NA	NA	NA	NA	NA	NA	intermediate	NA	NA	susceptible	NA	NA	NA	resistant	NA	susceptible	NA	NA	NA	intermediate	NA	NA	NA	NA	NA	NA	NA	NA	NA	NA	NA	NA	NA	NA	NA	NA	resistant
562.58633	NA	NA	NA	NA	NA	NA	NA	NA	resistant	NA	NA	susceptible	NA	NA	NA	resistant	NA	susceptible	NA	NA	NA	intermediate	NA	NA	NA	NA	NA	NA	NA	NA	NA	NA	NA	NA	NA	NA	NA	NA	susceptible
562.58634	NA	NA	NA	NA	NA	NA	NA	NA	resistant	NA	NA	resistant	NA	NA	NA	resistant	NA	resistant	NA	NA	NA	intermediate	NA	NA	NA	NA	NA	NA	NA	NA	NA	NA	NA	NA	NA	NA	NA	NA	resistant
562.58635	NA	NA	NA	NA	NA	NA	NA	NA	intermediate	NA	NA	susceptible	NA	NA	NA	resistant	NA	susceptible	NA	NA	NA	susceptible	NA	NA	NA	NA	NA	NA	NA	NA	NA	NA	NA	NA	NA	NA	NA	NA	resistant
562.5864	NA	NA	NA	NA	NA	NA	NA	NA	susceptible	NA	NA	susceptible	NA	NA	NA	susceptible	NA	susceptible	NA	NA	NA	resistant	NA	NA	NA	NA	NA	NA	NA	NA	NA	NA	NA	NA	NA	NA	NA	NA	resistant
562.58646	NA	NA	NA	NA	NA	NA	NA	NA	susceptible	NA	NA	susceptible	NA	NA	NA	susceptible	NA	susceptible	NA	NA	NA	susceptible	NA	NA	NA	NA	NA	NA	NA	NA	NA	NA	NA	NA	NA	NA	NA	NA	susceptible
562.58647	NA	NA	NA	NA	NA	NA	NA	NA	susceptible	NA	NA	susceptible	NA	NA	NA	susceptible	NA	susceptible	NA	NA	NA	susceptible	NA	NA	NA	NA	NA	NA	NA	NA	NA	NA	NA	NA	NA	NA	NA	NA	susceptible
562.58648	NA	NA	NA	NA	NA	NA	NA	NA	resistant	NA	NA	intermediate	NA	NA	NA	resistant	NA	susceptible	NA	NA	NA	susceptible	NA	NA	NA	NA	NA	NA	NA	NA	NA	NA	NA	NA	NA	NA	NA	NA	resistant
562.57508	NA	NA	resistant	resistant	NA	NA	NA	resistant	NA	NA	resistant	NA	NA	susceptible	NA	NA	resistant	NA	resistant	NA	NA	NA	NA	NA	resistant	NA	NA	NA	NA	NA	NA	susceptible	NA	NA	NA	NA	resistant	resistant	NA
562.57471	NA	NA	susceptible	resistant	NA	NA	NA	resistant	NA	NA	resistant	NA	NA	susceptible	NA	NA	resistant	NA	resistant	NA	NA	NA	NA	NA	susceptible	NA	NA	NA	NA	NA	NA	susceptible	NA	NA	NA	NA	susceptible	resistant	NA
562.5747	NA	NA	resistant	resistant	NA	NA	NA	resistant	NA	NA	resistant	NA	NA	resistant	NA	NA	resistant	NA	resistant	NA	NA	NA	NA	NA	susceptible	NA	NA	NA	NA	NA	NA	resistant	NA	NA	NA	NA	resistant	resistant	NA
562.57469	NA	NA	resistant	resistant	NA	NA	NA	resistant	NA	NA	resistant	NA	NA	resistant	NA	NA	resistant	NA	resistant	NA	NA	NA	NA	NA	resistant	NA	NA	NA	NA	NA	NA	susceptible	NA	NA	NA	NA	resistant	resistant	NA
562.57413	NA	NA	susceptible	resistant	NA	NA	NA	resistant	NA	NA	resistant	NA	NA	intermediate	NA	NA	resistant	NA	susceptible	NA	NA	NA	NA	NA	resistant	NA	NA	NA	NA	NA	NA	susceptible	NA	NA	NA	NA	resistant	susceptible	NA
562.57414000000006	NA	NA	resistant	resistant	NA	NA	NA	resistant	NA	NA	resistant	NA	NA	susceptible	NA	NA	resistant	NA	susceptible	NA	NA	NA	NA	NA	resistant	NA	NA	NA	NA	NA	NA	susceptible	NA	NA	NA	NA	resistant	susceptible	NA
562.57415	NA	NA	susceptible	resistant	NA	NA	NA	resistant	NA	NA	resistant	NA	NA	intermediate	NA	NA	resistant	NA	susceptible	NA	NA	NA	NA	NA	susceptible	NA	NA	NA	NA	NA	NA	susceptible	NA	NA	NA	NA	susceptible	susceptible	NA
562.57416	NA	NA	susceptible	resistant	NA	NA	NA	resistant	NA	NA	resistant	NA	NA	resistant	NA	NA	resistant	NA	susceptible	NA	NA	NA	NA	NA	resistant	NA	NA	NA	NA	NA	NA	susceptible	NA	NA	NA	NA	resistant	susceptible	NA
562.57417	NA	NA	susceptible	resistant	NA	NA	NA	resistant	NA	NA	resistant	NA	NA	resistant	NA	NA	resistant	NA	resistant	NA	NA	NA	NA	NA	resistant	NA	NA	NA	NA	NA	NA	susceptible	NA	NA	NA	NA	resistant	resistant	NA
562.57418	NA	NA	susceptible	resistant	NA	NA	NA	resistant	NA	NA	resistant	NA	NA	susceptible	NA	NA	resistant	NA	susceptible	NA	NA	NA	NA	NA	resistant	NA	NA	NA	NA	NA	NA	susceptible	NA	NA	NA	NA	resistant	resistant	NA
562.57412	NA	NA	resistant	resistant	NA	NA	NA	resistant	NA	NA	resistant	NA	NA	resistant	NA	NA	resistant	NA	resistant	NA	NA	NA	NA	NA	susceptible	NA	NA	NA	NA	NA	NA	susceptible	NA	NA	NA	NA	resistant	resistant	NA
562.5742	NA	NA	resistant	resistant	NA	NA	NA	resistant	NA	NA	resistant	NA	NA	susceptible	NA	NA	resistant	NA	susceptible	NA	NA	NA	NA	NA	resistant	NA	NA	NA	NA	NA	NA	susceptible	NA	NA	NA	NA	resistant	resistant	NA
562.57422	NA	NA	susceptible	resistant	NA	NA	NA	resistant	NA	NA	resistant	NA	NA	intermediate	NA	NA	resistant	NA	susceptible	NA	NA	NA	NA	NA	susceptible	NA	NA	NA	NA	NA	NA	susceptible	NA	NA	NA	NA	susceptible	susceptible	NA
562.57422999999994	NA	NA	susceptible	resistant	NA	NA	NA	resistant	NA	NA	resistant	NA	NA	intermediate	NA	NA	resistant	NA	intermediate	NA	NA	NA	NA	NA	susceptible	NA	NA	NA	NA	NA	NA	susceptible	NA	NA	NA	NA	susceptible	resistant	NA
562.57424	NA	NA	susceptible	resistant	NA	NA	NA	resistant	NA	NA	resistant	NA	NA	intermediate	NA	NA	resistant	NA	susceptible	NA	NA	NA	NA	NA	resistant	NA	NA	NA	NA	NA	NA	susceptible	NA	NA	NA	NA	resistant	resistant	NA
562.57426	NA	NA	resistant	resistant	NA	NA	NA	resistant	NA	NA	resistant	NA	NA	resistant	NA	NA	resistant	NA	susceptible	NA	NA	NA	NA	NA	resistant	NA	NA	NA	NA	NA	NA	susceptible	NA	NA	NA	NA	resistant	resistant	NA
562.57428	NA	NA	susceptible	resistant	NA	NA	NA	resistant	NA	NA	resistant	NA	NA	susceptible	NA	NA	resistant	NA	resistant	NA	NA	NA	NA	NA	resistant	NA	NA	NA	NA	NA	NA	susceptible	NA	NA	NA	NA	resistant	susceptible	NA
562.57429	NA	NA	susceptible	resistant	NA	NA	NA	resistant	NA	NA	resistant	NA	NA	intermediate	NA	NA	resistant	NA	resistant	NA	NA	NA	NA	NA	susceptible	NA	NA	NA	NA	NA	NA	susceptible	NA	NA	NA	NA	susceptible	resistant	NA
562.57421	NA	NA	susceptible	resistant	NA	NA	NA	resistant	NA	NA	resistant	NA	NA	resistant	NA	NA	resistant	NA	susceptible	NA	NA	NA	NA	NA	resistant	NA	NA	NA	NA	NA	NA	susceptible	NA	NA	NA	NA	resistant	resistant	NA
562.57411	NA	NA	resistant	resistant	NA	NA	NA	resistant	NA	NA	resistant	NA	NA	resistant	NA	NA	resistant	NA	susceptible	NA	NA	NA	NA	NA	resistant	NA	NA	NA	NA	NA	NA	susceptible	NA	NA	NA	NA	resistant	resistant	NA
562.5741	NA	NA	susceptible	resistant	NA	NA	NA	resistant	NA	NA	resistant	NA	NA	intermediate	NA	NA	resistant	NA	resistant	NA	NA	NA	NA	NA	resistant	NA	NA	NA	NA	NA	NA	susceptible	NA	NA	NA	NA	resistant	susceptible	NA
562.57409	NA	NA	susceptible	resistant	NA	NA	NA	resistant	NA	NA	resistant	NA	NA	susceptible	NA	NA	resistant	NA	resistant	NA	NA	NA	NA	NA	resistant	NA	NA	NA	NA	NA	NA	susceptible	NA	NA	NA	NA	resistant	resistant	NA
562.57394	NA	NA	susceptible	resistant	NA	NA	NA	resistant	NA	NA	resistant	NA	NA	susceptible	NA	NA	resistant	NA	resistant	NA	NA	NA	NA	NA	resistant	NA	NA	NA	NA	NA	NA	susceptible	NA	NA	NA	NA	resistant	resistant	NA
562.57395	NA	NA	susceptible	resistant	NA	NA	NA	resistant	NA	NA	resistant	NA	NA	susceptible	NA	NA	resistant	NA	intermediate	NA	NA	NA	NA	NA	resistant	NA	NA	NA	NA	NA	NA	susceptible	NA	NA	NA	NA	resistant	resistant	NA
562.57396	NA	NA	susceptible	resistant	NA	NA	NA	resistant	NA	NA	resistant	NA	NA	susceptible	NA	NA	resistant	NA	resistant	NA	NA	NA	NA	NA	resistant	NA	NA	NA	NA	NA	NA	susceptible	NA	NA	NA	NA	intermediate	resistant	NA
562.57397	NA	NA	susceptible	resistant	NA	NA	NA	resistant	NA	NA	resistant	NA	NA	susceptible	NA	NA	resistant	NA	intermediate	NA	NA	NA	NA	NA	resistant	NA	NA	NA	NA	NA	NA	susceptible	NA	NA	NA	NA	intermediate	resistant	NA
562.57398	NA	NA	susceptible	resistant	NA	NA	NA	resistant	NA	NA	resistant	NA	NA	resistant	NA	NA	resistant	NA	resistant	NA	NA	NA	NA	NA	susceptible	NA	NA	NA	NA	NA	NA	susceptible	NA	NA	NA	NA	susceptible	resistant	NA
562.57399	NA	NA	resistant	resistant	NA	NA	NA	resistant	NA	NA	resistant	NA	NA	susceptible	NA	NA	resistant	NA	resistant	NA	NA	NA	NA	NA	resistant	NA	NA	NA	NA	NA	NA	susceptible	NA	NA	NA	NA	resistant	resistant	NA
562.574	NA	NA	susceptible	resistant	NA	NA	NA	resistant	NA	NA	resistant	NA	NA	intermediate	NA	NA	resistant	NA	susceptible	NA	NA	NA	NA	NA	susceptible	NA	NA	NA	NA	NA	NA	susceptible	NA	NA	NA	NA	susceptible	susceptible	NA
562.57401	NA	NA	susceptible	resistant	NA	NA	NA	resistant	NA	NA	resistant	NA	NA	susceptible	NA	NA	resistant	NA	susceptible	NA	NA	NA	NA	NA	resistant	NA	NA	NA	NA	NA	NA	susceptible	NA	NA	NA	NA	resistant	susceptible	NA
562.57402	NA	NA	resistant	resistant	NA	NA	NA	resistant	NA	NA	resistant	NA	NA	susceptible	NA	NA	resistant	NA	susceptible	NA	NA	NA	NA	NA	resistant	NA	NA	NA	NA	NA	NA	susceptible	NA	NA	NA	NA	resistant	resistant	NA
562.57403	NA	NA	susceptible	resistant	NA	NA	NA	resistant	NA	NA	resistant	NA	NA	resistant	NA	NA	resistant	NA	resistant	NA	NA	NA	NA	NA	susceptible	NA	NA	NA	NA	NA	NA	susceptible	NA	NA	NA	NA	susceptible	resistant	NA
562.57404	NA	NA	susceptible	resistant	NA	NA	NA	resistant	NA	NA	resistant	NA	NA	resistant	NA	NA	resistant	NA	resistant	NA	NA	NA	NA	NA	resistant	NA	NA	NA	NA	NA	NA	susceptible	NA	NA	NA	NA	resistant	susceptible	NA
562.57405	NA	NA	resistant	resistant	NA	NA	NA	resistant	NA	NA	resistant	NA	NA	susceptible	NA	NA	resistant	NA	resistant	NA	NA	NA	NA	NA	resistant	NA	NA	NA	NA	NA	NA	susceptible	NA	NA	NA	NA	resistant	resistant	NA
562.57406	NA	NA	susceptible	resistant	NA	NA	NA	resistant	NA	NA	resistant	NA	NA	resistant	NA	NA	resistant	NA	resistant	NA	NA	NA	NA	NA	susceptible	NA	NA	NA	NA	NA	NA	susceptible	NA	NA	NA	NA	susceptible	resistant	NA
562.57407	NA	NA	susceptible	resistant	NA	NA	NA	resistant	NA	NA	resistant	NA	NA	intermediate	NA	NA	resistant	NA	susceptible	NA	NA	NA	NA	NA	resistant	NA	NA	NA	NA	NA	NA	susceptible	NA	NA	NA	NA	resistant	resistant	NA
562.57408	NA	NA	susceptible	resistant	NA	NA	NA	resistant	NA	NA	resistant	NA	NA	resistant	NA	NA	resistant	NA	intermediate	NA	NA	NA	NA	NA	resistant	NA	NA	NA	NA	NA	NA	susceptible	NA	NA	NA	NA	intermediate	susceptible	NA
562.5743	NA	NA	susceptible	resistant	NA	NA	NA	resistant	NA	NA	resistant	NA	NA	resistant	NA	NA	resistant	NA	susceptible	NA	NA	NA	NA	NA	susceptible	NA	NA	NA	NA	NA	NA	susceptible	NA	NA	NA	NA	susceptible	susceptible	NA
562.57431	NA	NA	resistant	resistant	NA	NA	NA	resistant	NA	NA	resistant	NA	NA	susceptible	NA	NA	resistant	NA	susceptible	NA	NA	NA	NA	NA	resistant	NA	NA	NA	NA	NA	NA	susceptible	NA	NA	NA	NA	resistant	susceptible	NA
562.57432	NA	NA	resistant	resistant	NA	NA	NA	resistant	NA	NA	resistant	NA	NA	intermediate	NA	NA	resistant	NA	resistant	NA	NA	NA	NA	NA	resistant	NA	NA	NA	NA	NA	NA	susceptible	NA	NA	NA	NA	intermediate	intermediate	NA
562.57433	NA	NA	susceptible	resistant	NA	NA	NA	resistant	NA	NA	resistant	NA	NA	resistant	NA	NA	resistant	NA	susceptible	NA	NA	NA	NA	NA	resistant	NA	NA	NA	NA	NA	NA	susceptible	NA	NA	NA	NA	resistant	resistant	NA
562.57454	NA	NA	susceptible	resistant	NA	NA	NA	resistant	NA	NA	resistant	NA	NA	intermediate	NA	NA	resistant	NA	susceptible	NA	NA	NA	NA	NA	resistant	NA	NA	NA	NA	NA	NA	susceptible	NA	NA	NA	NA	resistant	resistant	NA
562.57455	NA	NA	susceptible	resistant	NA	NA	NA	resistant	NA	NA	resistant	NA	NA	resistant	NA	NA	resistant	NA	resistant	NA	NA	NA	NA	NA	resistant	NA	NA	NA	NA	NA	NA	susceptible	NA	NA	NA	NA	resistant	resistant	NA
562.57456	NA	NA	susceptible	resistant	NA	NA	NA	resistant	NA	NA	resistant	NA	NA	intermediate	NA	NA	resistant	NA	resistant	NA	NA	NA	NA	NA	resistant	NA	NA	NA	NA	NA	NA	susceptible	NA	NA	NA	NA	resistant	resistant	NA
562.57457	NA	NA	resistant	resistant	NA	NA	NA	resistant	NA	NA	resistant	NA	NA	resistant	NA	NA	resistant	NA	resistant	NA	NA	NA	NA	NA	resistant	NA	NA	NA	NA	NA	NA	resistant	NA	NA	NA	NA	resistant	resistant	NA
562.57458	NA	NA	susceptible	resistant	NA	NA	NA	resistant	NA	NA	resistant	NA	NA	intermediate	NA	NA	resistant	NA	resistant	NA	NA	NA	NA	NA	susceptible	NA	NA	NA	NA	NA	NA	susceptible	NA	NA	NA	NA	susceptible	resistant	NA
562.57459	NA	NA	susceptible	resistant	NA	NA	NA	resistant	NA	NA	resistant	NA	NA	resistant	NA	NA	resistant	NA	resistant	NA	NA	NA	NA	NA	resistant	NA	NA	NA	NA	NA	NA	susceptible	NA	NA	NA	NA	resistant	susceptible	NA
562.5746	NA	NA	susceptible	resistant	NA	NA	NA	resistant	NA	NA	resistant	NA	NA	resistant	NA	NA	resistant	NA	susceptible	NA	NA	NA	NA	NA	resistant	NA	NA	NA	NA	NA	NA	susceptible	NA	NA	NA	NA	resistant	susceptible	NA
562.57461	NA	NA	resistant	resistant	NA	NA	NA	resistant	NA	NA	resistant	NA	NA	resistant	NA	NA	resistant	NA	resistant	NA	NA	NA	NA	NA	intermediate	NA	NA	NA	NA	NA	NA	resistant	NA	NA	NA	NA	resistant	resistant	NA
562.57462	NA	NA	resistant	resistant	NA	NA	NA	resistant	NA	NA	resistant	NA	NA	intermediate	NA	NA	resistant	NA	resistant	NA	NA	NA	NA	NA	resistant	NA	NA	NA	NA	NA	NA	susceptible	NA	NA	NA	NA	resistant	susceptible	NA
562.57463	NA	NA	resistant	resistant	NA	NA	NA	resistant	NA	NA	resistant	NA	NA	resistant	NA	NA	resistant	NA	resistant	NA	NA	NA	NA	NA	resistant	NA	NA	NA	NA	NA	NA	resistant	NA	NA	NA	NA	resistant	resistant	NA
562.57464	NA	NA	resistant	resistant	NA	NA	NA	resistant	NA	NA	resistant	NA	NA	intermediate	NA	NA	resistant	NA	resistant	NA	NA	NA	NA	NA	resistant	NA	NA	NA	NA	NA	NA	susceptible	NA	NA	NA	NA	resistant	resistant	NA
562.57465	NA	NA	resistant	resistant	NA	NA	NA	resistant	NA	NA	resistant	NA	NA	resistant	NA	NA	resistant	NA	resistant	NA	NA	NA	NA	NA	resistant	NA	NA	NA	NA	NA	NA	susceptible	NA	NA	NA	NA	resistant	susceptible	NA
562.57466	NA	NA	susceptible	resistant	NA	NA	NA	resistant	NA	NA	resistant	NA	NA	intermediate	NA	NA	resistant	NA	susceptible	NA	NA	NA	NA	NA	resistant	NA	NA	NA	NA	NA	NA	susceptible	NA	NA	NA	NA	susceptible	resistant	NA
562.57467	NA	NA	susceptible	resistant	NA	NA	NA	resistant	NA	NA	resistant	NA	NA	susceptible	NA	NA	resistant	NA	susceptible	NA	NA	NA	NA	NA	resistant	NA	NA	NA	NA	NA	NA	susceptible	NA	NA	NA	NA	resistant	susceptible	NA
562.57468	NA	NA	susceptible	resistant	NA	NA	NA	resistant	NA	NA	resistant	NA	NA	resistant	NA	NA	resistant	NA	susceptible	NA	NA	NA	NA	NA	susceptible	NA	NA	NA	NA	NA	NA	susceptible	NA	NA	NA	NA	resistant	susceptible	NA
562.57453	NA	NA	susceptible	resistant	NA	NA	NA	resistant	NA	NA	resistant	NA	NA	resistant	NA	NA	resistant	NA	resistant	NA	NA	NA	NA	NA	resistant	NA	NA	NA	NA	NA	NA	susceptible	NA	NA	NA	NA	resistant	susceptible	NA
562.57392	NA	NA	resistant	resistant	NA	NA	NA	resistant	NA	NA	resistant	NA	NA	intermediate	NA	NA	resistant	NA	susceptible	NA	NA	NA	NA	NA	resistant	NA	NA	NA	NA	NA	NA	susceptible	NA	NA	NA	NA	resistant	resistant	NA
562.57452	NA	NA	susceptible	resistant	NA	NA	NA	resistant	NA	NA	resistant	NA	NA	intermediate	NA	NA	resistant	NA	resistant	NA	NA	NA	NA	NA	susceptible	NA	NA	NA	NA	NA	NA	susceptible	NA	NA	NA	NA	susceptible	resistant	NA
562.5745	NA	NA	resistant	resistant	NA	NA	NA	resistant	NA	NA	resistant	NA	NA	resistant	NA	NA	resistant	NA	resistant	NA	NA	NA	NA	NA	resistant	NA	NA	NA	NA	NA	NA	resistant	NA	NA	NA	NA	resistant	resistant	NA
562.57434	NA	NA	susceptible	resistant	NA	NA	NA	resistant	NA	NA	resistant	NA	NA	resistant	NA	NA	resistant	NA	susceptible	NA	NA	NA	NA	NA	susceptible	NA	NA	NA	NA	NA	NA	susceptible	NA	NA	NA	NA	susceptible	susceptible	NA
562.57435	NA	NA	susceptible	resistant	NA	NA	NA	resistant	NA	NA	resistant	NA	NA	resistant	NA	NA	resistant	NA	susceptible	NA	NA	NA	NA	NA	resistant	NA	NA	NA	NA	NA	NA	susceptible	NA	NA	NA	NA	resistant	resistant	NA
562.57436	NA	NA	resistant	resistant	NA	NA	NA	resistant	NA	NA	resistant	NA	NA	intermediate	NA	NA	resistant	NA	resistant	NA	NA	NA	NA	NA	susceptible	NA	NA	NA	NA	NA	NA	susceptible	NA	NA	NA	NA	susceptible	susceptible	NA
562.57437	NA	NA	resistant	resistant	NA	NA	NA	resistant	NA	NA	resistant	NA	NA	resistant	NA	NA	resistant	NA	susceptible	NA	NA	NA	NA	NA	resistant	NA	NA	NA	NA	NA	NA	susceptible	NA	NA	NA	NA	resistant	resistant	NA
562.57438	NA	NA	susceptible	resistant	NA	NA	NA	resistant	NA	NA	resistant	NA	NA	susceptible	NA	NA	resistant	NA	susceptible	NA	NA	NA	NA	NA	resistant	NA	NA	NA	NA	NA	NA	susceptible	NA	NA	NA	NA	susceptible	susceptible	NA
562.57439	NA	NA	susceptible	resistant	NA	NA	NA	resistant	NA	NA	resistant	NA	NA	susceptible	NA	NA	resistant	NA	susceptible	NA	NA	NA	NA	NA	susceptible	NA	NA	NA	NA	NA	NA	susceptible	NA	NA	NA	NA	susceptible	susceptible	NA
562.5744	NA	NA	susceptible	resistant	NA	NA	NA	resistant	NA	NA	resistant	NA	NA	susceptible	NA	NA	resistant	NA	resistant	NA	NA	NA	NA	NA	resistant	NA	NA	NA	NA	NA	NA	susceptible	NA	NA	NA	NA	resistant	resistant	NA
562.57441	NA	NA	susceptible	resistant	NA	NA	NA	resistant	NA	NA	resistant	NA	NA	resistant	NA	NA	resistant	NA	resistant	NA	NA	NA	NA	NA	resistant	NA	NA	NA	NA	NA	NA	susceptible	NA	NA	NA	NA	intermediate	resistant	NA
562.57442	NA	NA	susceptible	resistant	NA	NA	NA	resistant	NA	NA	resistant	NA	NA	susceptible	NA	NA	resistant	NA	susceptible	NA	NA	NA	NA	NA	resistant	NA	NA	NA	NA	NA	NA	susceptible	NA	NA	NA	NA	intermediate	resistant	NA
562.57444	NA	NA	resistant	resistant	NA	NA	NA	resistant	NA	NA	resistant	NA	NA	resistant	NA	NA	resistant	NA	resistant	NA	NA	NA	NA	NA	resistant	NA	NA	NA	NA	NA	NA	susceptible	NA	NA	NA	NA	resistant	resistant	NA
562.57445	NA	NA	susceptible	resistant	NA	NA	NA	resistant	NA	NA	resistant	NA	NA	resistant	NA	NA	resistant	NA	intermediate	NA	NA	NA	NA	NA	resistant	NA	NA	NA	NA	NA	NA	susceptible	NA	NA	NA	NA	resistant	susceptible	NA
562.57446	NA	NA	susceptible	resistant	NA	NA	NA	resistant	NA	NA	resistant	NA	NA	intermediate	NA	NA	resistant	NA	resistant	NA	NA	NA	NA	NA	resistant	NA	NA	NA	NA	NA	NA	susceptible	NA	NA	NA	NA	resistant	resistant	NA
562.57447	NA	NA	susceptible	resistant	NA	NA	NA	resistant	NA	NA	resistant	NA	NA	intermediate	NA	NA	resistant	NA	resistant	NA	NA	NA	NA	NA	resistant	NA	NA	NA	NA	NA	NA	susceptible	NA	NA	NA	NA	resistant	resistant	NA
562.57448	NA	NA	susceptible	resistant	NA	NA	NA	resistant	NA	NA	resistant	NA	NA	resistant	NA	NA	resistant	NA	resistant	NA	NA	NA	NA	NA	resistant	NA	NA	NA	NA	NA	NA	susceptible	NA	NA	NA	NA	resistant	resistant	NA
562.57449	NA	NA	resistant	resistant	NA	NA	NA	resistant	NA	NA	resistant	NA	NA	resistant	NA	NA	resistant	NA	resistant	NA	NA	NA	NA	NA	resistant	NA	NA	NA	NA	NA	NA	susceptible	NA	NA	NA	NA	intermediate	susceptible	NA
562.57451	NA	NA	susceptible	resistant	NA	NA	NA	resistant	NA	NA	resistant	NA	NA	resistant	NA	NA	resistant	NA	resistant	NA	NA	NA	NA	NA	resistant	NA	NA	NA	NA	NA	NA	susceptible	NA	NA	NA	NA	resistant	resistant	NA
562.65729	NA	NA	susceptible	susceptible	NA	NA	NA	NA	NA	NA	NA	NA	NA	NA	NA	NA	NA	NA	NA	NA	NA	NA	NA	NA	NA	NA	NA	NA	NA	NA	NA	NA	NA	NA	NA	NA	NA	NA	NA
562.22793	susceptible	NA	resistant	resistant	NA	NA	intermediate	resistant	NA	susceptible	susceptible	NA	intermediate	intermediate	NA	NA	resistant	NA	susceptible	NA	NA	NA	susceptible	NA	susceptible	NA	NA	susceptible	NA	NA	NA	susceptible	NA	NA	NA	susceptible	susceptible	susceptible	NA
562.65731	NA	NA	susceptible	susceptible	NA	NA	NA	NA	NA	NA	NA	NA	NA	NA	NA	NA	NA	NA	NA	NA	NA	NA	NA	NA	NA	NA	NA	NA	NA	NA	NA	NA	NA	NA	NA	NA	NA	NA	NA
562.23276	NA	susceptible	susceptible	NA	NA	NA	NA	NA	NA	NA	susceptible	NA	NA	susceptible	NA	NA	susceptible	NA	susceptible	NA	NA	NA	NA	NA	susceptible	susceptible	NA	NA	NA	NA	NA	susceptible	NA	NA	NA	susceptible	NA	NA	NA
562.23275	NA	resistant	resistant	NA	NA	NA	NA	NA	NA	NA	susceptible	NA	NA	susceptible	NA	NA	susceptible	NA	susceptible	NA	NA	NA	NA	NA	susceptible	susceptible	NA	NA	NA	NA	NA	susceptible	NA	NA	NA	susceptible	NA	NA	NA
562.23274	NA	resistant	susceptible	NA	NA	NA	NA	NA	NA	NA	susceptible	NA	NA	susceptible	NA	NA	susceptible	NA	susceptible	NA	NA	NA	NA	NA	susceptible	susceptible	NA	NA	NA	NA	NA	susceptible	NA	NA	NA	susceptible	NA	NA	NA
562.23273	NA	resistant	resistant	NA	NA	NA	NA	NA	NA	NA	resistant	NA	NA	intermediate	NA	NA	resistant	NA	resistant	NA	NA	NA	NA	NA	susceptible	susceptible	NA	NA	NA	NA	NA	susceptible	NA	NA	NA	susceptible	NA	NA	NA
562.23272	NA	resistant	resistant	NA	NA	NA	NA	NA	NA	NA	susceptible	NA	NA	intermediate	NA	NA	resistant	NA	resistant	NA	NA	NA	NA	NA	susceptible	susceptible	NA	NA	NA	NA	NA	intermediate	NA	NA	NA	susceptible	NA	NA	NA
562.23271	NA	susceptible	susceptible	NA	NA	NA	NA	NA	NA	NA	susceptible	NA	NA	susceptible	NA	NA	susceptible	NA	susceptible	NA	NA	NA	NA	NA	susceptible	susceptible	NA	NA	NA	NA	NA	susceptible	NA	NA	NA	susceptible	NA	NA	NA
562.2327	NA	resistant	resistant	NA	NA	NA	NA	NA	NA	NA	susceptible	NA	NA	susceptible	NA	NA	susceptible	NA	susceptible	NA	NA	NA	NA	NA	susceptible	susceptible	NA	NA	NA	NA	NA	susceptible	NA	NA	NA	susceptible	NA	NA	NA
562.23277	NA	susceptible	susceptible	NA	NA	NA	NA	NA	NA	NA	susceptible	NA	NA	susceptible	NA	NA	susceptible	NA	susceptible	NA	NA	NA	NA	NA	susceptible	susceptible	NA	NA	NA	NA	NA	susceptible	NA	NA	NA	susceptible	NA	NA	NA
562.23269	NA	susceptible	susceptible	NA	NA	NA	NA	NA	NA	NA	susceptible	NA	NA	susceptible	NA	NA	susceptible	NA	susceptible	NA	NA	NA	NA	NA	susceptible	susceptible	NA	NA	NA	NA	NA	susceptible	NA	NA	NA	susceptible	NA	NA	NA
562.23267	NA	susceptible	susceptible	NA	NA	NA	NA	NA	NA	NA	susceptible	NA	NA	susceptible	NA	NA	susceptible	NA	susceptible	NA	NA	NA	NA	NA	susceptible	susceptible	NA	NA	NA	NA	NA	susceptible	NA	NA	NA	susceptible	NA	NA	NA
562.23266	NA	susceptible	susceptible	NA	NA	NA	NA	NA	NA	NA	susceptible	NA	NA	susceptible	NA	NA	susceptible	NA	susceptible	NA	NA	NA	NA	NA	susceptible	susceptible	NA	NA	NA	NA	NA	susceptible	NA	NA	NA	susceptible	NA	NA	NA
562.23265	NA	susceptible	susceptible	NA	NA	NA	NA	NA	NA	NA	susceptible	NA	NA	susceptible	NA	NA	susceptible	NA	susceptible	NA	NA	NA	NA	NA	susceptible	susceptible	NA	NA	NA	NA	NA	susceptible	NA	NA	NA	susceptible	NA	NA	NA
562.23264	NA	resistant	susceptible	NA	NA	NA	NA	NA	NA	NA	susceptible	NA	NA	susceptible	NA	NA	susceptible	NA	susceptible	NA	NA	NA	NA	NA	susceptible	susceptible	NA	NA	NA	NA	NA	susceptible	NA	NA	NA	susceptible	NA	NA	NA
562.23263	NA	susceptible	susceptible	NA	NA	NA	NA	NA	NA	NA	susceptible	NA	NA	susceptible	NA	NA	resistant	NA	susceptible	NA	NA	NA	NA	NA	susceptible	susceptible	NA	NA	NA	NA	NA	susceptible	NA	NA	NA	susceptible	NA	NA	NA
562.23262	NA	susceptible	susceptible	NA	NA	NA	NA	NA	NA	NA	susceptible	NA	NA	susceptible	NA	NA	susceptible	NA	susceptible	NA	NA	NA	NA	NA	susceptible	susceptible	NA	NA	NA	NA	NA	susceptible	NA	NA	NA	susceptible	NA	NA	NA
562.23261	NA	resistant	susceptible	NA	NA	NA	NA	NA	NA	NA	susceptible	NA	NA	susceptible	NA	NA	susceptible	NA	resistant	NA	NA	NA	NA	NA	susceptible	susceptible	NA	NA	NA	NA	NA	susceptible	NA	NA	NA	susceptible	NA	NA	NA
562.23268	NA	susceptible	susceptible	NA	NA	NA	NA	NA	NA	NA	susceptible	NA	NA	susceptible	NA	NA	susceptible	NA	susceptible	NA	NA	NA	NA	NA	susceptible	susceptible	NA	NA	NA	NA	NA	susceptible	NA	NA	NA	susceptible	NA	NA	NA
562.23278	NA	resistant	susceptible	NA	NA	NA	NA	NA	NA	NA	susceptible	NA	NA	susceptible	NA	NA	susceptible	NA	susceptible	NA	NA	NA	NA	NA	susceptible	susceptible	NA	NA	NA	NA	NA	susceptible	NA	NA	NA	susceptible	NA	NA	NA
562.23279	NA	resistant	susceptible	NA	NA	NA	NA	NA	NA	NA	susceptible	NA	NA	susceptible	NA	NA	susceptible	NA	susceptible	NA	NA	NA	NA	NA	susceptible	susceptible	NA	NA	NA	NA	NA	susceptible	NA	NA	NA	susceptible	NA	NA	NA
562.2328	NA	susceptible	susceptible	NA	NA	NA	NA	NA	NA	NA	susceptible	NA	NA	susceptible	NA	NA	susceptible	NA	susceptible	NA	NA	NA	NA	NA	susceptible	susceptible	NA	NA	NA	NA	NA	susceptible	NA	NA	NA	susceptible	NA	NA	NA
562.23297	NA	resistant	resistant	NA	NA	NA	NA	NA	NA	NA	susceptible	NA	NA	susceptible	NA	NA	susceptible	NA	susceptible	NA	NA	NA	NA	NA	susceptible	susceptible	NA	NA	NA	NA	NA	susceptible	NA	NA	NA	susceptible	NA	NA	NA
562.23296	NA	resistant	resistant	NA	NA	NA	NA	NA	NA	NA	susceptible	NA	NA	susceptible	NA	NA	susceptible	NA	susceptible	NA	NA	NA	NA	NA	susceptible	susceptible	NA	NA	NA	NA	NA	susceptible	NA	NA	NA	susceptible	NA	NA	NA
562.23295	NA	resistant	susceptible	NA	NA	NA	NA	NA	NA	NA	resistant	NA	NA	intermediate	NA	NA	resistant	NA	susceptible	NA	NA	NA	NA	NA	susceptible	susceptible	NA	NA	NA	NA	NA	susceptible	NA	NA	NA	susceptible	NA	NA	NA
562.23294	NA	resistant	susceptible	NA	NA	NA	NA	NA	NA	NA	resistant	NA	NA	intermediate	NA	NA	resistant	NA	susceptible	NA	NA	NA	NA	NA	susceptible	susceptible	NA	NA	NA	NA	NA	susceptible	NA	NA	NA	susceptible	NA	NA	NA
562.23293	NA	resistant	susceptible	NA	NA	NA	NA	NA	NA	NA	resistant	NA	NA	intermediate	NA	NA	resistant	NA	susceptible	NA	NA	NA	NA	NA	susceptible	susceptible	NA	NA	NA	NA	NA	susceptible	NA	NA	NA	susceptible	NA	NA	NA
562.23292	NA	resistant	susceptible	NA	NA	NA	NA	NA	NA	NA	susceptible	NA	NA	susceptible	NA	NA	susceptible	NA	susceptible	NA	NA	NA	NA	NA	susceptible	susceptible	NA	NA	NA	NA	NA	susceptible	NA	NA	NA	susceptible	NA	NA	NA
562.23291	NA	resistant	susceptible	NA	NA	NA	NA	NA	NA	NA	susceptible	NA	NA	susceptible	NA	NA	susceptible	NA	susceptible	NA	NA	NA	NA	NA	susceptible	susceptible	NA	NA	NA	NA	NA	susceptible	NA	NA	NA	susceptible	NA	NA	NA
562.2329	NA	susceptible	susceptible	NA	NA	NA	NA	NA	NA	NA	susceptible	NA	NA	susceptible	NA	NA	susceptible	NA	susceptible	NA	NA	NA	NA	NA	susceptible	susceptible	NA	NA	NA	NA	NA	susceptible	NA	NA	NA	susceptible	NA	NA	NA
562.23289	NA	resistant	susceptible	NA	NA	NA	NA	NA	NA	NA	susceptible	NA	NA	susceptible	NA	NA	susceptible	NA	susceptible	NA	NA	NA	NA	NA	susceptible	susceptible	NA	NA	NA	NA	NA	susceptible	NA	NA	NA	susceptible	NA	NA	NA
562.23288	NA	resistant	susceptible	NA	NA	NA	NA	NA	NA	NA	susceptible	NA	NA	susceptible	NA	NA	resistant	NA	resistant	NA	NA	NA	NA	NA	susceptible	susceptible	NA	NA	NA	NA	NA	susceptible	NA	NA	NA	susceptible	NA	NA	NA
562.23287	NA	resistant	susceptible	NA	NA	NA	NA	NA	NA	NA	susceptible	NA	NA	susceptible	NA	NA	resistant	NA	resistant	NA	NA	NA	NA	NA	susceptible	susceptible	NA	NA	NA	NA	NA	susceptible	NA	NA	NA	susceptible	NA	NA	NA
562.23286	NA	resistant	resistant	NA	NA	NA	NA	NA	NA	NA	resistant	NA	NA	resistant	NA	NA	resistant	NA	resistant	NA	NA	NA	NA	NA	resistant	susceptible	NA	NA	NA	NA	NA	susceptible	NA	NA	NA	susceptible	NA	NA	NA
562.23285	NA	resistant	susceptible	NA	NA	NA	NA	NA	NA	NA	susceptible	NA	NA	susceptible	NA	NA	susceptible	NA	susceptible	NA	NA	NA	NA	NA	susceptible	susceptible	NA	NA	NA	NA	NA	susceptible	NA	NA	NA	susceptible	NA	NA	NA
562.23284	NA	resistant	resistant	NA	NA	NA	NA	NA	NA	NA	resistant	NA	NA	resistant	NA	NA	resistant	NA	resistant	NA	NA	NA	NA	NA	resistant	susceptible	NA	NA	NA	NA	NA	susceptible	NA	NA	NA	susceptible	NA	NA	NA
562.23283	NA	susceptible	susceptible	NA	NA	NA	NA	NA	NA	NA	susceptible	NA	NA	susceptible	NA	NA	susceptible	NA	susceptible	NA	NA	NA	NA	NA	susceptible	susceptible	NA	NA	NA	NA	NA	susceptible	NA	NA	NA	susceptible	NA	NA	NA
562.23282	NA	resistant	resistant	NA	NA	NA	NA	NA	NA	NA	susceptible	NA	NA	susceptible	NA	NA	susceptible	NA	resistant	NA	NA	NA	NA	NA	susceptible	susceptible	NA	NA	NA	NA	NA	susceptible	NA	NA	NA	susceptible	NA	NA	NA
562.23281	NA	susceptible	susceptible	NA	NA	NA	NA	NA	NA	NA	susceptible	NA	NA	susceptible	NA	NA	susceptible	NA	susceptible	NA	NA	NA	NA	NA	susceptible	susceptible	NA	NA	NA	NA	NA	susceptible	NA	NA	NA	susceptible	NA	NA	NA
562.2326	NA	resistant	susceptible	NA	NA	NA	NA	NA	NA	NA	susceptible	NA	NA	susceptible	NA	NA	susceptible	NA	susceptible	NA	NA	NA	NA	NA	susceptible	susceptible	NA	NA	NA	NA	NA	susceptible	NA	NA	NA	susceptible	NA	NA	NA
562.23259	NA	resistant	susceptible	NA	NA	NA	NA	NA	NA	NA	susceptible	NA	NA	susceptible	NA	NA	susceptible	NA	resistant	NA	NA	NA	NA	NA	susceptible	susceptible	NA	NA	NA	NA	NA	susceptible	NA	NA	NA	susceptible	NA	NA	NA
562.23258	NA	resistant	susceptible	NA	NA	NA	NA	NA	NA	NA	susceptible	NA	NA	susceptible	NA	NA	susceptible	NA	susceptible	NA	NA	NA	NA	NA	susceptible	susceptible	NA	NA	NA	NA	NA	susceptible	NA	NA	NA	susceptible	NA	NA	NA
562.23257	NA	susceptible	susceptible	NA	NA	NA	NA	NA	NA	NA	susceptible	NA	NA	susceptible	NA	NA	susceptible	NA	susceptible	NA	NA	NA	NA	NA	susceptible	susceptible	NA	NA	NA	NA	NA	susceptible	NA	NA	NA	susceptible	NA	NA	NA
562.23235	NA	resistant	susceptible	NA	NA	NA	NA	NA	NA	NA	susceptible	NA	NA	susceptible	NA	NA	susceptible	NA	susceptible	NA	NA	NA	NA	NA	susceptible	susceptible	NA	NA	NA	NA	NA	susceptible	NA	NA	NA	susceptible	NA	NA	NA
562.23234	NA	susceptible	susceptible	NA	NA	NA	NA	NA	NA	NA	susceptible	NA	NA	susceptible	NA	NA	susceptible	NA	susceptible	NA	NA	NA	NA	NA	susceptible	susceptible	NA	NA	NA	NA	NA	susceptible	NA	NA	NA	susceptible	NA	NA	NA
562.23233	NA	resistant	resistant	NA	NA	NA	NA	NA	NA	NA	susceptible	NA	NA	susceptible	NA	NA	susceptible	NA	resistant	NA	NA	NA	NA	NA	susceptible	susceptible	NA	NA	NA	NA	NA	susceptible	NA	NA	NA	susceptible	NA	NA	NA
562.23232	NA	susceptible	susceptible	NA	NA	NA	NA	NA	NA	NA	susceptible	NA	NA	susceptible	NA	NA	susceptible	NA	susceptible	NA	NA	NA	NA	NA	susceptible	susceptible	NA	NA	NA	NA	NA	susceptible	NA	NA	NA	susceptible	NA	NA	NA
562.23231	NA	resistant	resistant	NA	NA	NA	NA	NA	NA	NA	susceptible	NA	NA	susceptible	NA	NA	susceptible	NA	resistant	NA	NA	NA	NA	NA	resistant	susceptible	NA	NA	NA	NA	NA	susceptible	NA	NA	NA	susceptible	NA	NA	NA
562.2323	NA	susceptible	susceptible	NA	NA	NA	NA	NA	NA	NA	susceptible	NA	NA	susceptible	NA	NA	susceptible	NA	susceptible	NA	NA	NA	NA	NA	susceptible	susceptible	NA	NA	NA	NA	NA	susceptible	NA	NA	NA	susceptible	NA	NA	NA
562.23229	NA	resistant	resistant	NA	NA	NA	NA	NA	NA	NA	resistant	NA	NA	resistant	NA	NA	resistant	NA	resistant	NA	NA	NA	NA	NA	susceptible	susceptible	NA	NA	NA	NA	NA	resistant	NA	NA	NA	susceptible	NA	NA	NA
562.23228	NA	resistant	susceptible	NA	NA	NA	NA	NA	NA	NA	susceptible	NA	NA	susceptible	NA	NA	susceptible	NA	susceptible	NA	NA	NA	NA	NA	susceptible	susceptible	NA	NA	NA	NA	NA	susceptible	NA	NA	NA	susceptible	NA	NA	NA
562.23227	NA	susceptible	susceptible	NA	NA	NA	NA	NA	NA	NA	susceptible	NA	NA	susceptible	NA	NA	susceptible	NA	susceptible	NA	NA	NA	NA	NA	susceptible	susceptible	NA	NA	NA	NA	NA	susceptible	NA	NA	NA	susceptible	NA	NA	NA
562.23226	NA	resistant	resistant	NA	NA	NA	NA	NA	NA	NA	resistant	NA	NA	resistant	NA	NA	resistant	NA	resistant	NA	NA	NA	NA	NA	resistant	susceptible	NA	NA	NA	NA	NA	susceptible	NA	NA	NA	susceptible	NA	NA	NA
562.23225	NA	susceptible	susceptible	NA	NA	NA	NA	NA	NA	NA	susceptible	NA	NA	susceptible	NA	NA	susceptible	NA	susceptible	NA	NA	NA	NA	NA	susceptible	susceptible	NA	NA	NA	NA	NA	susceptible	NA	NA	NA	susceptible	NA	NA	NA
562.23224	NA	susceptible	susceptible	NA	NA	NA	NA	NA	NA	NA	susceptible	NA	NA	susceptible	NA	NA	susceptible	NA	susceptible	NA	NA	NA	NA	NA	susceptible	susceptible	NA	NA	NA	NA	NA	susceptible	NA	NA	NA	susceptible	NA	NA	NA
562.23223	NA	resistant	susceptible	NA	NA	NA	NA	NA	NA	NA	susceptible	NA	NA	susceptible	NA	NA	susceptible	NA	susceptible	NA	NA	NA	NA	NA	susceptible	susceptible	NA	NA	NA	NA	NA	susceptible	NA	NA	NA	susceptible	NA	NA	NA
562.23222	NA	resistant	resistant	NA	NA	NA	NA	NA	NA	NA	susceptible	NA	NA	susceptible	NA	NA	susceptible	NA	susceptible	NA	NA	NA	NA	NA	susceptible	susceptible	NA	NA	NA	NA	NA	susceptible	NA	NA	NA	susceptible	NA	NA	NA
562.23221	NA	susceptible	susceptible	NA	NA	NA	NA	NA	NA	NA	susceptible	NA	NA	susceptible	NA	NA	susceptible	NA	susceptible	NA	NA	NA	NA	NA	susceptible	susceptible	NA	NA	NA	NA	NA	susceptible	NA	NA	NA	susceptible	NA	NA	NA
562.2322	NA	susceptible	susceptible	NA	NA	NA	NA	NA	NA	NA	susceptible	NA	NA	susceptible	NA	NA	susceptible	NA	susceptible	NA	NA	NA	NA	NA	susceptible	susceptible	NA	NA	NA	NA	NA	susceptible	NA	NA	NA	susceptible	NA	NA	NA
562.23219	NA	resistant	susceptible	NA	NA	NA	NA	NA	NA	NA	susceptible	NA	NA	susceptible	NA	NA	susceptible	NA	susceptible	NA	NA	NA	NA	NA	susceptible	susceptible	NA	NA	NA	NA	NA	susceptible	NA	NA	NA	susceptible	NA	NA	NA
562.23236	NA	susceptible	susceptible	NA	NA	NA	NA	NA	NA	NA	susceptible	NA	NA	susceptible	NA	NA	susceptible	NA	susceptible	NA	NA	NA	NA	NA	susceptible	susceptible	NA	NA	NA	NA	NA	susceptible	NA	NA	NA	susceptible	NA	NA	NA
562.23298	NA	susceptible	susceptible	NA	NA	NA	NA	NA	NA	NA	susceptible	NA	NA	susceptible	NA	NA	susceptible	NA	susceptible	NA	NA	NA	NA	NA	susceptible	susceptible	NA	NA	NA	NA	NA	susceptible	NA	NA	NA	susceptible	NA	NA	NA
562.23237	NA	resistant	resistant	NA	NA	NA	NA	NA	NA	NA	susceptible	NA	NA	susceptible	NA	NA	resistant	NA	susceptible	NA	NA	NA	NA	NA	susceptible	susceptible	NA	NA	NA	NA	NA	susceptible	NA	NA	NA	susceptible	NA	NA	NA
562.23239	NA	resistant	susceptible	NA	NA	NA	NA	NA	NA	NA	susceptible	NA	NA	susceptible	NA	NA	susceptible	NA	resistant	NA	NA	NA	NA	NA	resistant	susceptible	NA	NA	NA	NA	NA	susceptible	NA	NA	NA	susceptible	NA	NA	NA
562.23256	NA	susceptible	susceptible	NA	NA	NA	NA	NA	NA	NA	susceptible	NA	NA	susceptible	NA	NA	susceptible	NA	susceptible	NA	NA	NA	NA	NA	susceptible	susceptible	NA	NA	NA	NA	NA	susceptible	NA	NA	NA	susceptible	NA	NA	NA
562.23255	NA	resistant	resistant	NA	NA	NA	NA	NA	NA	NA	susceptible	NA	NA	susceptible	NA	NA	susceptible	NA	resistant	NA	NA	NA	NA	NA	susceptible	susceptible	NA	NA	NA	NA	NA	susceptible	NA	NA	NA	susceptible	NA	NA	NA
562.23254	NA	susceptible	susceptible	NA	NA	NA	NA	NA	NA	NA	susceptible	NA	NA	susceptible	NA	NA	susceptible	NA	susceptible	NA	NA	NA	NA	NA	susceptible	susceptible	NA	NA	NA	NA	NA	susceptible	NA	NA	NA	susceptible	NA	NA	NA
562.23253	NA	susceptible	susceptible	NA	NA	NA	NA	NA	NA	NA	susceptible	NA	NA	susceptible	NA	NA	susceptible	NA	susceptible	NA	NA	NA	NA	NA	susceptible	susceptible	NA	NA	NA	NA	NA	susceptible	NA	NA	NA	susceptible	NA	NA	NA
562.23252	NA	resistant	susceptible	NA	NA	NA	NA	NA	NA	NA	susceptible	NA	NA	susceptible	NA	NA	susceptible	NA	susceptible	NA	NA	NA	NA	NA	susceptible	susceptible	NA	NA	NA	NA	NA	susceptible	NA	NA	NA	susceptible	NA	NA	NA
562.23251	NA	susceptible	susceptible	NA	NA	NA	NA	NA	NA	NA	susceptible	NA	NA	susceptible	NA	NA	susceptible	NA	susceptible	NA	NA	NA	NA	NA	susceptible	susceptible	NA	NA	NA	NA	NA	susceptible	NA	NA	NA	susceptible	NA	NA	NA
562.2325	NA	resistant	susceptible	NA	NA	NA	NA	NA	NA	NA	susceptible	NA	NA	susceptible	NA	NA	susceptible	NA	susceptible	NA	NA	NA	NA	NA	susceptible	susceptible	NA	NA	NA	NA	NA	susceptible	NA	NA	NA	susceptible	NA	NA	NA
562.23249	NA	resistant	susceptible	NA	NA	NA	NA	NA	NA	NA	susceptible	NA	NA	susceptible	NA	NA	susceptible	NA	susceptible	NA	NA	NA	NA	NA	susceptible	susceptible	NA	NA	NA	NA	NA	susceptible	NA	NA	NA	susceptible	NA	NA	NA
562.23248	NA	susceptible	susceptible	NA	NA	NA	NA	NA	NA	NA	susceptible	NA	NA	susceptible	NA	NA	susceptible	NA	resistant	NA	NA	NA	NA	NA	susceptible	susceptible	NA	NA	NA	NA	NA	susceptible	NA	NA	NA	susceptible	NA	NA	NA
562.23247	NA	susceptible	susceptible	NA	NA	NA	NA	NA	NA	NA	susceptible	NA	NA	susceptible	NA	NA	susceptible	NA	susceptible	NA	NA	NA	NA	NA	susceptible	susceptible	NA	NA	NA	NA	NA	susceptible	NA	NA	NA	susceptible	NA	NA	NA
562.23246	NA	resistant	resistant	NA	NA	NA	NA	NA	NA	NA	susceptible	NA	NA	susceptible	NA	NA	susceptible	NA	susceptible	NA	NA	NA	NA	NA	resistant	susceptible	NA	NA	NA	NA	NA	susceptible	NA	NA	NA	susceptible	NA	NA	NA
562.23245	NA	resistant	resistant	NA	NA	NA	NA	NA	NA	NA	susceptible	NA	NA	susceptible	NA	NA	susceptible	NA	susceptible	NA	NA	NA	NA	NA	susceptible	susceptible	NA	NA	NA	NA	NA	susceptible	NA	NA	NA	susceptible	NA	NA	NA
562.23244	NA	susceptible	susceptible	NA	NA	NA	NA	NA	NA	NA	susceptible	NA	NA	susceptible	NA	NA	susceptible	NA	susceptible	NA	NA	NA	NA	NA	susceptible	susceptible	NA	NA	NA	NA	NA	susceptible	NA	NA	NA	susceptible	NA	NA	NA
562.23243	NA	susceptible	susceptible	NA	NA	NA	NA	NA	NA	NA	susceptible	NA	NA	susceptible	NA	NA	susceptible	NA	susceptible	NA	NA	NA	NA	NA	susceptible	susceptible	NA	NA	NA	NA	NA	susceptible	NA	NA	NA	susceptible	NA	NA	NA
562.23242	NA	resistant	susceptible	NA	NA	NA	NA	NA	NA	NA	susceptible	NA	NA	susceptible	NA	NA	susceptible	NA	susceptible	NA	NA	NA	NA	NA	susceptible	susceptible	NA	NA	NA	NA	NA	susceptible	NA	NA	NA	susceptible	NA	NA	NA
562.23241	NA	susceptible	susceptible	NA	NA	NA	NA	NA	NA	NA	susceptible	NA	NA	susceptible	NA	NA	susceptible	NA	susceptible	NA	NA	NA	NA	NA	susceptible	susceptible	NA	NA	NA	NA	NA	susceptible	NA	NA	NA	susceptible	NA	NA	NA
562.2324	NA	resistant	resistant	NA	NA	NA	NA	NA	NA	NA	susceptible	NA	NA	susceptible	NA	NA	susceptible	NA	susceptible	NA	NA	NA	NA	NA	resistant	susceptible	NA	NA	NA	NA	NA	susceptible	NA	NA	NA	susceptible	NA	NA	NA
562.23238	NA	susceptible	susceptible	NA	NA	NA	NA	NA	NA	NA	susceptible	NA	NA	susceptible	NA	NA	susceptible	NA	susceptible	NA	NA	NA	NA	NA	susceptible	susceptible	NA	NA	NA	NA	NA	susceptible	NA	NA	NA	susceptible	NA	NA	NA
562.23218	NA	resistant	susceptible	NA	NA	NA	NA	NA	NA	NA	susceptible	NA	NA	susceptible	NA	NA	susceptible	NA	susceptible	NA	NA	NA	NA	NA	susceptible	susceptible	NA	NA	NA	NA	NA	susceptible	NA	NA	NA	susceptible	NA	NA	NA
562.23299	NA	susceptible	susceptible	NA	NA	NA	NA	NA	NA	NA	susceptible	NA	NA	susceptible	NA	NA	susceptible	NA	susceptible	NA	NA	NA	NA	NA	susceptible	susceptible	NA	NA	NA	NA	NA	susceptible	NA	NA	NA	susceptible	NA	NA	NA
562.23301	NA	susceptible	susceptible	NA	NA	NA	NA	NA	NA	NA	susceptible	NA	NA	susceptible	NA	NA	susceptible	NA	susceptible	NA	NA	NA	NA	NA	susceptible	susceptible	NA	NA	NA	NA	NA	susceptible	NA	NA	NA	susceptible	NA	NA	NA
562.23359	NA	resistant	resistant	NA	NA	NA	NA	NA	NA	NA	susceptible	NA	NA	susceptible	NA	NA	susceptible	NA	resistant	NA	NA	NA	NA	NA	susceptible	susceptible	NA	NA	NA	NA	NA	susceptible	NA	NA	NA	susceptible	NA	NA	NA
562.23358	NA	susceptible	susceptible	NA	NA	NA	NA	NA	NA	NA	susceptible	NA	NA	susceptible	NA	NA	susceptible	NA	susceptible	NA	NA	NA	NA	NA	susceptible	susceptible	NA	NA	NA	NA	NA	susceptible	NA	NA	NA	susceptible	NA	NA	NA
562.23357	NA	susceptible	susceptible	NA	NA	NA	NA	NA	NA	NA	susceptible	NA	NA	susceptible	NA	NA	susceptible	NA	susceptible	NA	NA	NA	NA	NA	susceptible	susceptible	NA	NA	NA	NA	NA	susceptible	NA	NA	NA	susceptible	NA	NA	NA
562.23356	NA	resistant	resistant	NA	NA	NA	NA	NA	NA	NA	resistant	NA	NA	resistant	NA	NA	resistant	NA	resistant	NA	NA	NA	NA	NA	resistant	susceptible	NA	NA	NA	NA	NA	susceptible	NA	NA	NA	susceptible	NA	NA	NA
562.23355	NA	susceptible	susceptible	NA	NA	NA	NA	NA	NA	NA	susceptible	NA	NA	susceptible	NA	NA	susceptible	NA	resistant	NA	NA	NA	NA	NA	intermediate	susceptible	NA	NA	NA	NA	NA	susceptible	NA	NA	NA	susceptible	NA	NA	NA
562.23354	NA	susceptible	susceptible	NA	NA	NA	NA	NA	NA	NA	susceptible	NA	NA	susceptible	NA	NA	susceptible	NA	susceptible	NA	NA	NA	NA	NA	susceptible	susceptible	NA	NA	NA	NA	NA	susceptible	NA	NA	NA	susceptible	NA	NA	NA
562.23353	NA	resistant	resistant	NA	NA	NA	NA	NA	NA	NA	susceptible	NA	NA	susceptible	NA	NA	susceptible	NA	susceptible	NA	NA	NA	NA	NA	susceptible	susceptible	NA	NA	NA	NA	NA	susceptible	NA	NA	NA	susceptible	NA	NA	NA
562.2336	NA	susceptible	susceptible	NA	NA	NA	NA	NA	NA	NA	susceptible	NA	NA	susceptible	NA	NA	susceptible	NA	susceptible	NA	NA	NA	NA	NA	susceptible	susceptible	NA	NA	NA	NA	NA	susceptible	NA	NA	NA	susceptible	NA	NA	NA
562.23352	NA	susceptible	susceptible	NA	NA	NA	NA	NA	NA	NA	susceptible	NA	NA	susceptible	NA	NA	susceptible	NA	susceptible	NA	NA	NA	NA	NA	susceptible	susceptible	NA	NA	NA	NA	NA	susceptible	NA	NA	NA	susceptible	NA	NA	NA
562.2335	NA	resistant	susceptible	NA	NA	NA	NA	NA	NA	NA	susceptible	NA	NA	susceptible	NA	NA	susceptible	NA	susceptible	NA	NA	NA	NA	NA	susceptible	susceptible	NA	NA	NA	NA	NA	susceptible	NA	NA	NA	susceptible	NA	NA	NA
562.23349	NA	resistant	susceptible	NA	NA	NA	NA	NA	NA	NA	susceptible	NA	NA	susceptible	NA	NA	susceptible	NA	susceptible	NA	NA	NA	NA	NA	susceptible	susceptible	NA	NA	NA	NA	NA	susceptible	NA	NA	NA	susceptible	NA	NA	NA
562.23348	NA	resistant	susceptible	NA	NA	NA	NA	NA	NA	NA	susceptible	NA	NA	susceptible	NA	NA	susceptible	NA	resistant	NA	NA	NA	NA	NA	susceptible	susceptible	NA	NA	NA	NA	NA	susceptible	NA	NA	NA	susceptible	NA	NA	NA
562.23347	NA	resistant	resistant	NA	NA	NA	NA	NA	NA	NA	susceptible	NA	NA	susceptible	NA	NA	susceptible	NA	susceptible	NA	NA	NA	NA	NA	susceptible	susceptible	NA	NA	NA	NA	NA	susceptible	NA	NA	NA	susceptible	NA	NA	NA
562.23346	NA	susceptible	susceptible	NA	NA	NA	NA	NA	NA	NA	susceptible	NA	NA	susceptible	NA	NA	susceptible	NA	susceptible	NA	NA	NA	NA	NA	susceptible	susceptible	NA	NA	NA	NA	NA	susceptible	NA	NA	NA	susceptible	NA	NA	NA
562.23345	NA	resistant	susceptible	NA	NA	NA	NA	NA	NA	NA	susceptible	NA	NA	susceptible	NA	NA	susceptible	NA	susceptible	NA	NA	NA	NA	NA	resistant	susceptible	NA	NA	NA	NA	NA	susceptible	NA	NA	NA	susceptible	NA	NA	NA
562.23344	NA	resistant	susceptible	NA	NA	NA	NA	NA	NA	NA	susceptible	NA	NA	susceptible	NA	NA	susceptible	NA	resistant	NA	NA	NA	NA	NA	susceptible	susceptible	NA	NA	NA	NA	NA	susceptible	NA	NA	NA	susceptible	NA	NA	NA
562.23351	NA	resistant	resistant	NA	NA	NA	NA	NA	NA	NA	susceptible	NA	NA	susceptible	NA	NA	resistant	NA	resistant	NA	NA	NA	NA	NA	intermediate	susceptible	NA	NA	NA	NA	NA	susceptible	NA	NA	NA	susceptible	NA	NA	NA
562.23361	NA	susceptible	susceptible	NA	NA	NA	NA	NA	NA	NA	susceptible	NA	NA	susceptible	NA	NA	susceptible	NA	susceptible	NA	NA	NA	NA	NA	susceptible	susceptible	NA	NA	NA	NA	NA	susceptible	NA	NA	NA	susceptible	NA	NA	NA
562.23362	NA	resistant	susceptible	NA	NA	NA	NA	NA	NA	NA	susceptible	NA	NA	susceptible	NA	NA	susceptible	NA	susceptible	NA	NA	NA	NA	NA	susceptible	susceptible	NA	NA	NA	NA	NA	susceptible	NA	NA	NA	susceptible	NA	NA	NA
562.23363	NA	resistant	susceptible	NA	NA	NA	NA	NA	NA	NA	susceptible	NA	NA	susceptible	NA	NA	susceptible	NA	susceptible	NA	NA	NA	NA	NA	susceptible	susceptible	NA	NA	NA	NA	NA	susceptible	NA	NA	NA	susceptible	NA	NA	NA
562.2338	NA	susceptible	susceptible	NA	NA	NA	NA	NA	NA	NA	susceptible	NA	NA	susceptible	NA	NA	susceptible	NA	susceptible	NA	NA	NA	NA	NA	susceptible	susceptible	NA	NA	NA	NA	NA	susceptible	NA	NA	NA	susceptible	NA	NA	NA
562.23379	NA	resistant	resistant	NA	NA	NA	NA	NA	NA	NA	susceptible	NA	NA	susceptible	NA	NA	susceptible	NA	susceptible	NA	NA	NA	NA	NA	susceptible	susceptible	NA	NA	NA	NA	NA	susceptible	NA	NA	NA	susceptible	NA	NA	NA
562.23378	NA	susceptible	susceptible	NA	NA	NA	NA	NA	NA	NA	susceptible	NA	NA	susceptible	NA	NA	susceptible	NA	susceptible	NA	NA	NA	NA	NA	susceptible	susceptible	NA	NA	NA	NA	NA	susceptible	NA	NA	NA	susceptible	NA	NA	NA
562.23377	NA	resistant	resistant	NA	NA	NA	NA	NA	NA	NA	resistant	NA	NA	susceptible	NA	NA	resistant	NA	resistant	NA	NA	NA	NA	NA	susceptible	susceptible	NA	NA	NA	NA	NA	susceptible	NA	NA	NA	susceptible	NA	NA	NA
562.23376	NA	resistant	susceptible	NA	NA	NA	NA	NA	NA	NA	susceptible	NA	NA	susceptible	NA	NA	resistant	NA	susceptible	NA	NA	NA	NA	NA	susceptible	susceptible	NA	NA	NA	NA	NA	susceptible	NA	NA	NA	susceptible	NA	NA	NA
562.23375	NA	resistant	susceptible	NA	NA	NA	NA	NA	NA	NA	resistant	NA	NA	susceptible	NA	NA	resistant	NA	resistant	NA	NA	NA	NA	NA	susceptible	susceptible	NA	NA	NA	NA	NA	susceptible	NA	NA	NA	susceptible	NA	NA	NA
562.23374	NA	susceptible	susceptible	NA	NA	NA	NA	NA	NA	NA	susceptible	NA	NA	susceptible	NA	NA	susceptible	NA	susceptible	NA	NA	NA	NA	NA	susceptible	susceptible	NA	NA	NA	NA	NA	susceptible	NA	NA	NA	susceptible	NA	NA	NA
562.23373	NA	resistant	susceptible	NA	NA	NA	NA	NA	NA	NA	susceptible	NA	NA	susceptible	NA	NA	resistant	NA	resistant	NA	NA	NA	NA	NA	susceptible	susceptible	NA	NA	NA	NA	NA	susceptible	NA	NA	NA	susceptible	NA	NA	NA
562.23372	NA	resistant	susceptible	NA	NA	NA	NA	NA	NA	NA	susceptible	NA	NA	susceptible	NA	NA	susceptible	NA	susceptible	NA	NA	NA	NA	NA	susceptible	susceptible	NA	NA	NA	NA	NA	susceptible	NA	NA	NA	susceptible	NA	NA	NA
562.23371	NA	resistant	susceptible	NA	NA	NA	NA	NA	NA	NA	susceptible	NA	NA	susceptible	NA	NA	susceptible	NA	resistant	NA	NA	NA	NA	NA	resistant	susceptible	NA	NA	NA	NA	NA	susceptible	NA	NA	NA	susceptible	NA	NA	NA
562.2337	NA	susceptible	susceptible	NA	NA	NA	NA	NA	NA	NA	susceptible	NA	NA	susceptible	NA	NA	susceptible	NA	susceptible	NA	NA	NA	NA	NA	susceptible	susceptible	NA	NA	NA	NA	NA	susceptible	NA	NA	NA	susceptible	NA	NA	NA
562.23369	NA	resistant	resistant	NA	NA	NA	NA	NA	NA	NA	resistant	NA	NA	resistant	NA	NA	resistant	NA	resistant	NA	NA	NA	NA	NA	resistant	susceptible	NA	NA	NA	NA	NA	intermediate	NA	NA	NA	susceptible	NA	NA	NA
562.23368	NA	susceptible	susceptible	NA	NA	NA	NA	NA	NA	NA	susceptible	NA	NA	susceptible	NA	NA	susceptible	NA	susceptible	NA	NA	NA	NA	NA	susceptible	susceptible	NA	NA	NA	NA	NA	susceptible	NA	NA	NA	susceptible	NA	NA	NA
562.23367	NA	resistant	susceptible	NA	NA	NA	NA	NA	NA	NA	susceptible	NA	NA	susceptible	NA	NA	susceptible	NA	resistant	NA	NA	NA	NA	NA	resistant	susceptible	NA	NA	NA	NA	NA	susceptible	NA	NA	NA	susceptible	NA	NA	NA
562.23366	NA	susceptible	susceptible	NA	NA	NA	NA	NA	NA	NA	susceptible	NA	NA	susceptible	NA	NA	susceptible	NA	susceptible	NA	NA	NA	NA	NA	susceptible	susceptible	NA	NA	NA	NA	NA	susceptible	NA	NA	NA	susceptible	NA	NA	NA
562.23365	NA	resistant	resistant	NA	NA	NA	NA	NA	NA	NA	resistant	NA	NA	intermediate	NA	NA	resistant	NA	resistant	NA	NA	NA	NA	NA	susceptible	susceptible	NA	NA	NA	NA	NA	susceptible	NA	NA	NA	susceptible	NA	NA	NA
562.23364	NA	susceptible	susceptible	NA	NA	NA	NA	NA	NA	NA	susceptible	NA	NA	susceptible	NA	NA	susceptible	NA	susceptible	NA	NA	NA	NA	NA	susceptible	susceptible	NA	NA	NA	NA	NA	susceptible	NA	NA	NA	susceptible	NA	NA	NA
562.23343	NA	resistant	resistant	NA	NA	NA	NA	NA	NA	NA	susceptible	NA	NA	susceptible	NA	NA	susceptible	NA	susceptible	NA	NA	NA	NA	NA	susceptible	susceptible	NA	NA	NA	NA	NA	resistant	NA	NA	NA	susceptible	NA	NA	NA
562.23342	NA	resistant	resistant	NA	NA	NA	NA	NA	NA	NA	susceptible	NA	NA	susceptible	NA	NA	susceptible	NA	susceptible	NA	NA	NA	NA	NA	resistant	susceptible	NA	NA	NA	NA	NA	resistant	NA	NA	NA	susceptible	NA	NA	NA
562.23341	NA	resistant	resistant	NA	NA	NA	NA	NA	NA	NA	susceptible	NA	NA	susceptible	NA	NA	susceptible	NA	susceptible	NA	NA	NA	NA	NA	susceptible	susceptible	NA	NA	NA	NA	NA	susceptible	NA	NA	NA	susceptible	NA	NA	NA
562.2334	NA	resistant	susceptible	NA	NA	NA	NA	NA	NA	NA	susceptible	NA	NA	susceptible	NA	NA	susceptible	NA	susceptible	NA	NA	NA	NA	NA	susceptible	susceptible	NA	NA	NA	NA	NA	susceptible	NA	NA	NA	susceptible	NA	NA	NA
562.23318	NA	susceptible	susceptible	NA	NA	NA	NA	NA	NA	NA	susceptible	NA	NA	susceptible	NA	NA	susceptible	NA	susceptible	NA	NA	NA	NA	NA	susceptible	susceptible	NA	NA	NA	NA	NA	susceptible	NA	NA	NA	susceptible	NA	NA	NA
562.23317	NA	resistant	resistant	NA	NA	NA	NA	NA	NA	NA	resistant	NA	NA	resistant	NA	NA	resistant	NA	resistant	NA	NA	NA	NA	NA	resistant	susceptible	NA	NA	NA	NA	NA	susceptible	NA	NA	NA	susceptible	NA	NA	NA
562.23316	NA	resistant	susceptible	NA	NA	NA	NA	NA	NA	NA	susceptible	NA	NA	susceptible	NA	NA	susceptible	NA	susceptible	NA	NA	NA	NA	NA	susceptible	susceptible	NA	NA	NA	NA	NA	susceptible	NA	NA	NA	susceptible	NA	NA	NA
562.23315	NA	resistant	susceptible	NA	NA	NA	NA	NA	NA	NA	susceptible	NA	NA	susceptible	NA	NA	susceptible	NA	susceptible	NA	NA	NA	NA	NA	susceptible	susceptible	NA	NA	NA	NA	NA	susceptible	NA	NA	NA	susceptible	NA	NA	NA
562.23314	NA	resistant	resistant	NA	NA	NA	NA	NA	NA	NA	resistant	NA	NA	resistant	NA	NA	resistant	NA	resistant	NA	NA	NA	NA	NA	resistant	susceptible	NA	NA	NA	NA	NA	susceptible	NA	NA	NA	susceptible	NA	NA	NA
562.23313	NA	resistant	resistant	NA	NA	NA	NA	NA	NA	NA	susceptible	NA	NA	susceptible	NA	NA	susceptible	NA	susceptible	NA	NA	NA	NA	NA	susceptible	susceptible	NA	NA	NA	NA	NA	susceptible	NA	NA	NA	susceptible	NA	NA	NA
562.23312	NA	resistant	susceptible	NA	NA	NA	NA	NA	NA	NA	susceptible	NA	NA	susceptible	NA	NA	susceptible	NA	susceptible	NA	NA	NA	NA	NA	susceptible	susceptible	NA	NA	NA	NA	NA	susceptible	NA	NA	NA	susceptible	NA	NA	NA
562.23311	NA	resistant	resistant	NA	NA	NA	NA	NA	NA	NA	resistant	NA	NA	resistant	NA	NA	resistant	NA	resistant	NA	NA	NA	NA	NA	resistant	susceptible	NA	NA	NA	NA	NA	susceptible	NA	NA	NA	susceptible	NA	NA	NA
562.2331	NA	susceptible	susceptible	NA	NA	NA	NA	NA	NA	NA	susceptible	NA	NA	susceptible	NA	NA	susceptible	NA	susceptible	NA	NA	NA	NA	NA	susceptible	susceptible	NA	NA	NA	NA	NA	susceptible	NA	NA	NA	susceptible	NA	NA	NA
562.23309	NA	susceptible	susceptible	NA	NA	NA	NA	NA	NA	NA	susceptible	NA	NA	susceptible	NA	NA	susceptible	NA	susceptible	NA	NA	NA	NA	NA	susceptible	susceptible	NA	NA	NA	NA	NA	susceptible	NA	NA	NA	susceptible	NA	NA	NA
562.23308	NA	resistant	resistant	NA	NA	NA	NA	NA	NA	NA	susceptible	NA	NA	susceptible	NA	NA	susceptible	NA	susceptible	NA	NA	NA	NA	NA	susceptible	susceptible	NA	NA	NA	NA	NA	susceptible	NA	NA	NA	susceptible	NA	NA	NA
562.23307	NA	resistant	resistant	NA	NA	NA	NA	NA	NA	NA	susceptible	NA	NA	susceptible	NA	NA	susceptible	NA	resistant	NA	NA	NA	NA	NA	intermediate	susceptible	NA	NA	NA	NA	NA	susceptible	NA	NA	NA	susceptible	NA	NA	NA
562.23306	NA	resistant	resistant	NA	NA	NA	NA	NA	NA	NA	resistant	NA	NA	resistant	NA	NA	resistant	NA	resistant	NA	NA	NA	NA	NA	susceptible	susceptible	NA	NA	NA	NA	NA	resistant	NA	NA	NA	susceptible	NA	NA	NA
562.23305	NA	resistant	resistant	NA	NA	NA	NA	NA	NA	NA	susceptible	NA	NA	susceptible	NA	NA	resistant	NA	resistant	NA	NA	NA	NA	NA	resistant	susceptible	NA	NA	NA	NA	NA	susceptible	NA	NA	NA	susceptible	NA	NA	NA
562.23304	NA	susceptible	susceptible	NA	NA	NA	NA	NA	NA	NA	susceptible	NA	NA	susceptible	NA	NA	susceptible	NA	susceptible	NA	NA	NA	NA	NA	susceptible	susceptible	NA	NA	NA	NA	NA	susceptible	NA	NA	NA	susceptible	NA	NA	NA
562.23303	NA	resistant	resistant	NA	NA	NA	NA	NA	NA	NA	susceptible	NA	NA	susceptible	NA	NA	susceptible	NA	susceptible	NA	NA	NA	NA	NA	susceptible	susceptible	NA	NA	NA	NA	NA	susceptible	NA	NA	NA	susceptible	NA	NA	NA
562.23302	NA	resistant	susceptible	NA	NA	NA	NA	NA	NA	NA	susceptible	NA	NA	susceptible	NA	NA	susceptible	NA	susceptible	NA	NA	NA	NA	NA	susceptible	susceptible	NA	NA	NA	NA	NA	susceptible	NA	NA	NA	susceptible	NA	NA	NA
562.23319	NA	susceptible	susceptible	NA	NA	NA	NA	NA	NA	NA	susceptible	NA	NA	susceptible	NA	NA	susceptible	NA	susceptible	NA	NA	NA	NA	NA	susceptible	susceptible	NA	NA	NA	NA	NA	susceptible	NA	NA	NA	susceptible	NA	NA	NA
562.233	NA	susceptible	susceptible	NA	NA	NA	NA	NA	NA	NA	susceptible	NA	NA	susceptible	NA	NA	susceptible	NA	susceptible	NA	NA	NA	NA	NA	susceptible	susceptible	NA	NA	NA	NA	NA	susceptible	NA	NA	NA	susceptible	NA	NA	NA
562.2332	NA	resistant	susceptible	NA	NA	NA	NA	NA	NA	NA	susceptible	NA	NA	susceptible	NA	NA	susceptible	NA	susceptible	NA	NA	NA	NA	NA	susceptible	susceptible	NA	NA	NA	NA	NA	susceptible	NA	NA	NA	susceptible	NA	NA	NA
562.23322	NA	susceptible	susceptible	NA	NA	NA	NA	NA	NA	NA	susceptible	NA	NA	susceptible	NA	NA	susceptible	NA	susceptible	NA	NA	NA	NA	NA	susceptible	susceptible	NA	NA	NA	NA	NA	susceptible	NA	NA	NA	susceptible	NA	NA	NA
562.23339	NA	susceptible	susceptible	NA	NA	NA	NA	NA	NA	NA	susceptible	NA	NA	susceptible	NA	NA	susceptible	NA	susceptible	NA	NA	NA	NA	NA	susceptible	susceptible	NA	NA	NA	NA	NA	susceptible	NA	NA	NA	susceptible	NA	NA	NA
562.23338	NA	resistant	susceptible	NA	NA	NA	NA	NA	NA	NA	resistant	NA	NA	resistant	NA	NA	resistant	NA	resistant	NA	NA	NA	NA	NA	susceptible	susceptible	NA	NA	NA	NA	NA	susceptible	NA	NA	NA	susceptible	NA	NA	NA
562.23337	NA	susceptible	susceptible	NA	NA	NA	NA	NA	NA	NA	susceptible	NA	NA	susceptible	NA	NA	resistant	NA	susceptible	NA	NA	NA	NA	NA	intermediate	susceptible	NA	NA	NA	NA	NA	susceptible	NA	NA	NA	susceptible	NA	NA	NA
562.23336	NA	resistant	susceptible	NA	NA	NA	NA	NA	NA	NA	susceptible	NA	NA	susceptible	NA	NA	susceptible	NA	susceptible	NA	NA	NA	NA	NA	susceptible	susceptible	NA	NA	NA	NA	NA	susceptible	NA	NA	NA	susceptible	NA	NA	NA
562.23335	NA	susceptible	susceptible	NA	NA	NA	NA	NA	NA	NA	susceptible	NA	NA	susceptible	NA	NA	susceptible	NA	susceptible	NA	NA	NA	NA	NA	susceptible	susceptible	NA	NA	NA	NA	NA	susceptible	NA	NA	NA	susceptible	NA	NA	NA
562.23334	NA	resistant	resistant	NA	NA	NA	NA	NA	NA	NA	susceptible	NA	NA	susceptible	NA	NA	susceptible	NA	susceptible	NA	NA	NA	NA	NA	susceptible	susceptible	NA	NA	NA	NA	NA	susceptible	NA	NA	NA	susceptible	NA	NA	NA
562.23333	NA	resistant	susceptible	NA	NA	NA	NA	NA	NA	NA	susceptible	NA	NA	susceptible	NA	NA	susceptible	NA	susceptible	NA	NA	NA	NA	NA	susceptible	susceptible	NA	NA	NA	NA	NA	susceptible	NA	NA	NA	susceptible	NA	NA	NA
562.23332	NA	resistant	susceptible	NA	NA	NA	NA	NA	NA	NA	susceptible	NA	NA	susceptible	NA	NA	susceptible	NA	susceptible	NA	NA	NA	NA	NA	susceptible	susceptible	NA	NA	NA	NA	NA	susceptible	NA	NA	NA	susceptible	NA	NA	NA
562.23331	NA	resistant	susceptible	NA	NA	NA	NA	NA	NA	NA	susceptible	NA	NA	susceptible	NA	NA	susceptible	NA	susceptible	NA	NA	NA	NA	NA	susceptible	susceptible	NA	NA	NA	NA	NA	susceptible	NA	NA	NA	susceptible	NA	NA	NA
562.2333	NA	resistant	susceptible	NA	NA	NA	NA	NA	NA	NA	resistant	NA	NA	resistant	NA	NA	resistant	NA	resistant	NA	NA	NA	NA	NA	susceptible	susceptible	NA	NA	NA	NA	NA	susceptible	NA	NA	NA	susceptible	NA	NA	NA
562.23329	NA	resistant	susceptible	NA	NA	NA	NA	NA	NA	NA	susceptible	NA	NA	susceptible	NA	NA	susceptible	NA	susceptible	NA	NA	NA	NA	NA	susceptible	susceptible	NA	NA	NA	NA	NA	susceptible	NA	NA	NA	susceptible	NA	NA	NA
562.23328	NA	resistant	resistant	NA	NA	NA	NA	NA	NA	NA	susceptible	NA	NA	susceptible	NA	NA	susceptible	NA	susceptible	NA	NA	NA	NA	NA	susceptible	susceptible	NA	NA	NA	NA	NA	susceptible	NA	NA	NA	susceptible	NA	NA	NA
562.23327	NA	resistant	susceptible	NA	NA	NA	NA	NA	NA	NA	susceptible	NA	NA	susceptible	NA	NA	susceptible	NA	susceptible	NA	NA	NA	NA	NA	susceptible	susceptible	NA	NA	NA	NA	NA	susceptible	NA	NA	NA	susceptible	NA	NA	NA
562.23326	NA	susceptible	susceptible	NA	NA	NA	NA	NA	NA	NA	susceptible	NA	NA	susceptible	NA	NA	resistant	NA	susceptible	NA	NA	NA	NA	NA	susceptible	susceptible	NA	NA	NA	NA	NA	susceptible	NA	NA	NA	susceptible	NA	NA	NA
562.23325	NA	resistant	resistant	NA	NA	NA	NA	NA	NA	NA	susceptible	NA	NA	susceptible	NA	NA	susceptible	NA	susceptible	NA	NA	NA	NA	NA	susceptible	susceptible	NA	NA	NA	NA	NA	resistant	NA	NA	NA	susceptible	NA	NA	NA
562.23324	NA	susceptible	susceptible	NA	NA	NA	NA	NA	NA	NA	susceptible	NA	NA	susceptible	NA	NA	susceptible	NA	susceptible	NA	NA	NA	NA	NA	susceptible	susceptible	NA	NA	NA	NA	NA	susceptible	NA	NA	NA	susceptible	NA	NA	NA
562.23323	NA	susceptible	susceptible	NA	NA	NA	NA	NA	NA	NA	susceptible	NA	NA	susceptible	NA	NA	susceptible	NA	susceptible	NA	NA	NA	NA	NA	susceptible	susceptible	NA	NA	NA	NA	NA	susceptible	NA	NA	NA	susceptible	NA	NA	NA
562.23321	NA	resistant	susceptible	NA	NA	NA	NA	NA	NA	NA	susceptible	NA	NA	susceptible	NA	NA	susceptible	NA	resistant	NA	NA	NA	NA	NA	susceptible	susceptible	NA	NA	NA	NA	NA	susceptible	NA	NA	NA	susceptible	NA	NA	NA
562.23217	NA	resistant	resistant	NA	NA	NA	NA	NA	NA	NA	susceptible	NA	NA	susceptible	NA	NA	susceptible	NA	susceptible	NA	NA	NA	NA	NA	susceptible	susceptible	NA	NA	NA	NA	NA	resistant	NA	NA	NA	susceptible	NA	NA	NA
562.23216	NA	susceptible	susceptible	NA	NA	NA	NA	NA	NA	NA	susceptible	NA	NA	susceptible	NA	NA	susceptible	NA	susceptible	NA	NA	NA	NA	NA	susceptible	susceptible	NA	NA	NA	NA	NA	susceptible	NA	NA	NA	susceptible	NA	NA	NA
562.23215	NA	resistant	resistant	NA	NA	NA	NA	NA	NA	NA	susceptible	NA	NA	intermediate	NA	NA	susceptible	NA	susceptible	NA	NA	NA	NA	NA	susceptible	susceptible	NA	NA	NA	NA	NA	resistant	NA	NA	NA	susceptible	NA	NA	NA
562.23109	NA	susceptible	susceptible	NA	NA	NA	NA	NA	NA	NA	susceptible	NA	NA	susceptible	NA	NA	susceptible	NA	susceptible	NA	NA	NA	NA	NA	susceptible	susceptible	NA	NA	NA	NA	NA	susceptible	NA	NA	NA	susceptible	NA	NA	NA
562.23108	NA	resistant	resistant	NA	NA	NA	NA	NA	NA	NA	susceptible	NA	NA	susceptible	NA	NA	susceptible	NA	resistant	NA	NA	NA	NA	NA	resistant	susceptible	NA	NA	NA	NA	NA	susceptible	NA	NA	NA	susceptible	NA	NA	NA
562.23107	NA	susceptible	susceptible	NA	NA	NA	NA	NA	NA	NA	susceptible	NA	NA	susceptible	NA	NA	susceptible	NA	susceptible	NA	NA	NA	NA	NA	susceptible	susceptible	NA	NA	NA	NA	NA	resistant	NA	NA	NA	susceptible	NA	NA	NA
562.23106	NA	susceptible	susceptible	NA	NA	NA	NA	NA	NA	NA	susceptible	NA	NA	susceptible	NA	NA	susceptible	NA	susceptible	NA	NA	NA	NA	NA	susceptible	susceptible	NA	NA	NA	NA	NA	intermediate	NA	NA	NA	susceptible	NA	NA	NA
562.23105	NA	resistant	susceptible	NA	NA	NA	NA	NA	NA	NA	susceptible	NA	NA	susceptible	NA	NA	susceptible	NA	susceptible	NA	NA	NA	NA	NA	susceptible	susceptible	NA	NA	NA	NA	NA	susceptible	NA	NA	NA	susceptible	NA	NA	NA
562.23104	NA	susceptible	susceptible	NA	NA	NA	NA	NA	NA	NA	susceptible	NA	NA	susceptible	NA	NA	susceptible	NA	susceptible	NA	NA	NA	NA	NA	susceptible	susceptible	NA	NA	NA	NA	NA	intermediate	NA	NA	NA	susceptible	NA	NA	NA
562.23103	NA	resistant	susceptible	NA	NA	NA	NA	NA	NA	NA	susceptible	NA	NA	susceptible	NA	NA	susceptible	NA	susceptible	NA	NA	NA	NA	NA	susceptible	susceptible	NA	NA	NA	NA	NA	susceptible	NA	NA	NA	susceptible	NA	NA	NA
562.2311	NA	susceptible	susceptible	NA	NA	NA	NA	NA	NA	NA	susceptible	NA	NA	susceptible	NA	NA	susceptible	NA	susceptible	NA	NA	NA	NA	NA	susceptible	susceptible	NA	NA	NA	NA	NA	intermediate	NA	NA	NA	susceptible	NA	NA	NA
562.23102	NA	resistant	susceptible	NA	NA	NA	NA	NA	NA	NA	susceptible	NA	NA	susceptible	NA	NA	susceptible	NA	susceptible	NA	NA	NA	NA	NA	susceptible	susceptible	NA	NA	NA	NA	NA	susceptible	NA	NA	NA	susceptible	NA	NA	NA
562.231	NA	susceptible	susceptible	NA	NA	NA	NA	NA	NA	NA	susceptible	NA	NA	susceptible	NA	NA	resistant	NA	resistant	NA	NA	NA	NA	NA	susceptible	susceptible	NA	NA	NA	NA	NA	susceptible	NA	NA	NA	susceptible	NA	NA	NA
562.23099	NA	susceptible	susceptible	NA	NA	NA	NA	NA	NA	NA	susceptible	NA	NA	susceptible	NA	NA	susceptible	NA	susceptible	NA	NA	NA	NA	NA	susceptible	susceptible	NA	NA	NA	NA	NA	intermediate	NA	NA	NA	susceptible	NA	NA	NA
562.23098	NA	resistant	resistant	NA	NA	NA	NA	NA	NA	NA	susceptible	NA	NA	susceptible	NA	NA	susceptible	NA	resistant	NA	NA	NA	NA	NA	susceptible	susceptible	NA	NA	NA	NA	NA	resistant	NA	NA	NA	susceptible	NA	NA	NA
562.23097	NA	resistant	susceptible	NA	NA	NA	NA	NA	NA	NA	susceptible	NA	NA	susceptible	NA	NA	susceptible	NA	susceptible	NA	NA	NA	NA	NA	susceptible	susceptible	NA	NA	NA	NA	NA	susceptible	NA	NA	NA	susceptible	NA	NA	NA
562.23096	NA	resistant	resistant	NA	NA	NA	NA	NA	NA	NA	susceptible	NA	NA	susceptible	NA	NA	susceptible	NA	resistant	NA	NA	NA	NA	NA	resistant	susceptible	NA	NA	NA	NA	NA	resistant	NA	NA	NA	susceptible	NA	NA	NA
562.23095	NA	susceptible	susceptible	NA	NA	NA	NA	NA	NA	NA	susceptible	NA	NA	susceptible	NA	NA	susceptible	NA	resistant	NA	NA	NA	NA	NA	susceptible	susceptible	NA	NA	NA	NA	NA	susceptible	NA	NA	NA	susceptible	NA	NA	NA
562.23094	NA	susceptible	susceptible	NA	NA	NA	NA	NA	NA	NA	susceptible	NA	NA	susceptible	NA	NA	susceptible	NA	susceptible	NA	NA	NA	NA	NA	susceptible	susceptible	NA	NA	NA	NA	NA	intermediate	NA	NA	NA	susceptible	NA	NA	NA
562.23101	NA	resistant	resistant	NA	NA	NA	NA	NA	NA	NA	susceptible	NA	NA	susceptible	NA	NA	susceptible	NA	susceptible	NA	NA	NA	NA	NA	susceptible	susceptible	NA	NA	NA	NA	NA	intermediate	NA	NA	NA	susceptible	NA	NA	NA
562.23111	NA	susceptible	susceptible	NA	NA	NA	NA	NA	NA	NA	susceptible	NA	NA	susceptible	NA	NA	susceptible	NA	susceptible	NA	NA	NA	NA	NA	susceptible	susceptible	NA	NA	NA	NA	NA	susceptible	NA	NA	NA	susceptible	NA	NA	NA
562.23112	NA	resistant	susceptible	NA	NA	NA	NA	NA	NA	NA	susceptible	NA	NA	susceptible	NA	NA	susceptible	NA	susceptible	NA	NA	NA	NA	NA	susceptible	susceptible	NA	NA	NA	NA	NA	susceptible	NA	NA	NA	susceptible	NA	NA	NA
562.23113	NA	resistant	resistant	NA	NA	NA	NA	NA	NA	NA	susceptible	NA	NA	susceptible	NA	NA	resistant	NA	susceptible	NA	NA	NA	NA	NA	susceptible	susceptible	NA	NA	NA	NA	NA	resistant	NA	NA	NA	susceptible	NA	NA	NA
562.2313	NA	susceptible	susceptible	NA	NA	NA	NA	NA	NA	NA	susceptible	NA	NA	susceptible	NA	NA	susceptible	NA	susceptible	NA	NA	NA	NA	NA	susceptible	susceptible	NA	NA	NA	NA	NA	susceptible	NA	NA	NA	susceptible	NA	NA	NA
562.23129	NA	susceptible	susceptible	NA	NA	NA	NA	NA	NA	NA	susceptible	NA	NA	susceptible	NA	NA	susceptible	NA	resistant	NA	NA	NA	NA	NA	susceptible	susceptible	NA	NA	NA	NA	NA	susceptible	NA	NA	NA	susceptible	NA	NA	NA
562.23128	NA	resistant	susceptible	NA	NA	NA	NA	NA	NA	NA	susceptible	NA	NA	susceptible	NA	NA	susceptible	NA	susceptible	NA	NA	NA	NA	NA	susceptible	susceptible	NA	NA	NA	NA	NA	susceptible	NA	NA	NA	susceptible	NA	NA	NA
562.23127	NA	susceptible	susceptible	NA	NA	NA	NA	NA	NA	NA	susceptible	NA	NA	susceptible	NA	NA	susceptible	NA	susceptible	NA	NA	NA	NA	NA	susceptible	susceptible	NA	NA	NA	NA	NA	susceptible	NA	NA	NA	susceptible	NA	NA	NA
562.23126	NA	susceptible	susceptible	NA	NA	NA	NA	NA	NA	NA	susceptible	NA	NA	susceptible	NA	NA	susceptible	NA	susceptible	NA	NA	NA	NA	NA	susceptible	susceptible	NA	NA	NA	NA	NA	susceptible	NA	NA	NA	susceptible	NA	NA	NA
562.23125	NA	resistant	susceptible	NA	NA	NA	NA	NA	NA	NA	susceptible	NA	NA	susceptible	NA	NA	susceptible	NA	susceptible	NA	NA	NA	NA	NA	susceptible	susceptible	NA	NA	NA	NA	NA	intermediate	NA	NA	NA	susceptible	NA	NA	NA
562.23124	NA	susceptible	susceptible	NA	NA	NA	NA	NA	NA	NA	susceptible	NA	NA	susceptible	NA	NA	susceptible	NA	susceptible	NA	NA	NA	NA	NA	susceptible	susceptible	NA	NA	NA	NA	NA	susceptible	NA	NA	NA	susceptible	NA	NA	NA
562.23123	NA	susceptible	susceptible	NA	NA	NA	NA	NA	NA	NA	susceptible	NA	NA	susceptible	NA	NA	susceptible	NA	susceptible	NA	NA	NA	NA	NA	susceptible	susceptible	NA	NA	NA	NA	NA	susceptible	NA	NA	NA	susceptible	NA	NA	NA
562.23122	NA	susceptible	susceptible	NA	NA	NA	NA	NA	NA	NA	susceptible	NA	NA	susceptible	NA	NA	susceptible	NA	susceptible	NA	NA	NA	NA	NA	susceptible	susceptible	NA	NA	NA	NA	NA	susceptible	NA	NA	NA	susceptible	NA	NA	NA
562.23121	NA	resistant	susceptible	NA	NA	NA	NA	NA	NA	NA	susceptible	NA	NA	susceptible	NA	NA	susceptible	NA	susceptible	NA	NA	NA	NA	NA	susceptible	susceptible	NA	NA	NA	NA	NA	resistant	NA	NA	NA	susceptible	NA	NA	NA
562.2312	NA	susceptible	susceptible	NA	NA	NA	NA	NA	NA	NA	susceptible	NA	NA	susceptible	NA	NA	susceptible	NA	susceptible	NA	NA	NA	NA	NA	susceptible	susceptible	NA	NA	NA	NA	NA	intermediate	NA	NA	NA	susceptible	NA	NA	NA
562.23119	NA	susceptible	susceptible	NA	NA	NA	NA	NA	NA	NA	susceptible	NA	NA	susceptible	NA	NA	susceptible	NA	susceptible	NA	NA	NA	NA	NA	susceptible	susceptible	NA	NA	NA	NA	NA	susceptible	NA	NA	NA	susceptible	NA	NA	NA
562.23118	NA	susceptible	susceptible	NA	NA	NA	NA	NA	NA	NA	susceptible	NA	NA	susceptible	NA	NA	susceptible	NA	susceptible	NA	NA	NA	NA	NA	susceptible	susceptible	NA	NA	NA	NA	NA	susceptible	NA	NA	NA	susceptible	NA	NA	NA
562.23117	NA	susceptible	susceptible	NA	NA	NA	NA	NA	NA	NA	susceptible	NA	NA	susceptible	NA	NA	susceptible	NA	resistant	NA	NA	NA	NA	NA	susceptible	susceptible	NA	NA	NA	NA	NA	intermediate	NA	NA	NA	susceptible	NA	NA	NA
562.23116	NA	resistant	susceptible	NA	NA	NA	NA	NA	NA	NA	susceptible	NA	NA	susceptible	NA	NA	susceptible	NA	susceptible	NA	NA	NA	NA	NA	susceptible	susceptible	NA	NA	NA	NA	NA	intermediate	NA	NA	NA	susceptible	NA	NA	NA
562.23115	NA	resistant	susceptible	NA	NA	NA	NA	NA	NA	NA	susceptible	NA	NA	susceptible	NA	NA	susceptible	NA	susceptible	NA	NA	NA	NA	NA	susceptible	susceptible	NA	NA	NA	NA	NA	susceptible	NA	NA	NA	susceptible	NA	NA	NA
562.23114	NA	resistant	susceptible	NA	NA	NA	NA	NA	NA	NA	susceptible	NA	NA	susceptible	NA	NA	susceptible	NA	susceptible	NA	NA	NA	NA	NA	susceptible	susceptible	NA	NA	NA	NA	NA	susceptible	NA	NA	NA	susceptible	NA	NA	NA
562.23093	NA	susceptible	susceptible	NA	NA	NA	NA	NA	NA	NA	susceptible	NA	NA	susceptible	NA	NA	susceptible	NA	susceptible	NA	NA	NA	NA	NA	susceptible	susceptible	NA	NA	NA	NA	NA	intermediate	NA	NA	NA	susceptible	NA	NA	NA
562.23092	NA	resistant	susceptible	NA	NA	NA	NA	NA	NA	NA	susceptible	NA	NA	susceptible	NA	NA	susceptible	NA	susceptible	NA	NA	NA	NA	NA	susceptible	susceptible	NA	NA	NA	NA	NA	intermediate	NA	NA	NA	susceptible	NA	NA	NA
562.23091	NA	resistant	resistant	NA	NA	NA	NA	NA	NA	NA	susceptible	NA	NA	susceptible	NA	NA	susceptible	NA	susceptible	NA	NA	NA	NA	NA	susceptible	susceptible	NA	NA	NA	NA	NA	susceptible	NA	NA	NA	susceptible	NA	NA	NA
562.2309	NA	susceptible	susceptible	NA	NA	NA	NA	NA	NA	NA	susceptible	NA	NA	susceptible	NA	NA	resistant	NA	susceptible	NA	NA	NA	NA	NA	susceptible	susceptible	NA	NA	NA	NA	NA	resistant	NA	NA	NA	susceptible	NA	NA	NA
562.23068	NA	susceptible	susceptible	NA	NA	NA	NA	NA	NA	NA	susceptible	NA	NA	susceptible	NA	NA	susceptible	NA	susceptible	NA	NA	NA	NA	NA	susceptible	susceptible	NA	NA	NA	NA	NA	susceptible	NA	NA	NA	susceptible	NA	NA	NA
562.23067	NA	resistant	susceptible	NA	NA	NA	NA	NA	NA	NA	susceptible	NA	NA	susceptible	NA	NA	susceptible	NA	susceptible	NA	NA	NA	NA	NA	susceptible	susceptible	NA	NA	NA	NA	NA	susceptible	NA	NA	NA	susceptible	NA	NA	NA
562.23066	NA	resistant	susceptible	NA	NA	NA	NA	NA	NA	NA	susceptible	NA	NA	susceptible	NA	NA	susceptible	NA	resistant	NA	NA	NA	NA	NA	susceptible	susceptible	NA	NA	NA	NA	NA	susceptible	NA	NA	NA	susceptible	NA	NA	NA
562.23065	NA	resistant	resistant	NA	NA	NA	NA	NA	NA	NA	susceptible	NA	NA	susceptible	NA	NA	susceptible	NA	susceptible	NA	NA	NA	NA	NA	susceptible	susceptible	NA	NA	NA	NA	NA	susceptible	NA	NA	NA	susceptible	NA	NA	NA
562.23064	NA	resistant	resistant	NA	NA	NA	NA	NA	NA	NA	susceptible	NA	NA	susceptible	NA	NA	susceptible	NA	susceptible	NA	NA	NA	NA	NA	susceptible	susceptible	NA	NA	NA	NA	NA	susceptible	NA	NA	NA	susceptible	NA	NA	NA
562.23063	NA	resistant	susceptible	NA	NA	NA	NA	NA	NA	NA	susceptible	NA	NA	susceptible	NA	NA	susceptible	NA	susceptible	NA	NA	NA	NA	NA	susceptible	susceptible	NA	NA	NA	NA	NA	susceptible	NA	NA	NA	susceptible	NA	NA	NA
562.23062	NA	susceptible	susceptible	NA	NA	NA	NA	NA	NA	NA	susceptible	NA	NA	susceptible	NA	NA	susceptible	NA	susceptible	NA	NA	NA	NA	NA	susceptible	susceptible	NA	NA	NA	NA	NA	susceptible	NA	NA	NA	susceptible	NA	NA	NA
562.23061	NA	resistant	resistant	NA	NA	NA	NA	NA	NA	NA	susceptible	NA	NA	susceptible	NA	NA	susceptible	NA	susceptible	NA	NA	NA	NA	NA	susceptible	susceptible	NA	NA	NA	NA	NA	susceptible	NA	NA	NA	susceptible	NA	NA	NA
562.2306	NA	resistant	susceptible	NA	NA	NA	NA	NA	NA	NA	susceptible	NA	NA	susceptible	NA	NA	susceptible	NA	susceptible	NA	NA	NA	NA	NA	susceptible	susceptible	NA	NA	NA	NA	NA	susceptible	NA	NA	NA	susceptible	NA	NA	NA
562.23059	NA	resistant	susceptible	NA	NA	NA	NA	NA	NA	NA	susceptible	NA	NA	susceptible	NA	NA	susceptible	NA	susceptible	NA	NA	NA	NA	NA	susceptible	susceptible	NA	NA	NA	NA	NA	susceptible	NA	NA	NA	susceptible	NA	NA	NA
562.23058	NA	resistant	susceptible	NA	NA	NA	NA	NA	NA	NA	susceptible	NA	NA	susceptible	NA	NA	susceptible	NA	susceptible	NA	NA	NA	NA	NA	susceptible	susceptible	NA	NA	NA	NA	NA	susceptible	NA	NA	NA	susceptible	NA	NA	NA
562.23057	NA	susceptible	susceptible	NA	NA	NA	NA	NA	NA	NA	susceptible	NA	NA	susceptible	NA	NA	susceptible	NA	susceptible	NA	NA	NA	NA	NA	susceptible	susceptible	NA	NA	NA	NA	NA	susceptible	NA	NA	NA	susceptible	NA	NA	NA
562.23056	NA	susceptible	susceptible	NA	NA	NA	NA	NA	NA	NA	susceptible	NA	NA	susceptible	NA	NA	susceptible	NA	susceptible	NA	NA	NA	NA	NA	susceptible	susceptible	NA	NA	NA	NA	NA	susceptible	NA	NA	NA	susceptible	NA	NA	NA
562.23055	NA	susceptible	susceptible	NA	NA	NA	NA	NA	NA	NA	susceptible	NA	NA	susceptible	NA	NA	susceptible	NA	susceptible	NA	NA	NA	NA	NA	susceptible	susceptible	NA	NA	NA	NA	NA	susceptible	NA	NA	NA	susceptible	NA	NA	NA
562.23054	NA	resistant	resistant	NA	NA	NA	NA	NA	NA	NA	susceptible	NA	NA	susceptible	NA	NA	susceptible	NA	susceptible	NA	NA	NA	NA	NA	susceptible	susceptible	NA	NA	NA	NA	NA	resistant	NA	NA	NA	susceptible	NA	NA	NA
562.23053	NA	resistant	susceptible	NA	NA	NA	NA	NA	NA	NA	susceptible	NA	NA	susceptible	NA	NA	susceptible	NA	resistant	NA	NA	NA	NA	NA	susceptible	susceptible	NA	NA	NA	NA	NA	susceptible	NA	NA	NA	susceptible	NA	NA	NA
562.23052	NA	resistant	susceptible	NA	NA	NA	NA	NA	NA	NA	susceptible	NA	NA	susceptible	NA	NA	susceptible	NA	susceptible	NA	NA	NA	NA	NA	susceptible	susceptible	NA	NA	NA	NA	NA	susceptible	NA	NA	NA	susceptible	NA	NA	NA
562.23069	NA	susceptible	susceptible	NA	NA	NA	NA	NA	NA	NA	susceptible	NA	NA	susceptible	NA	NA	susceptible	NA	susceptible	NA	NA	NA	NA	NA	susceptible	susceptible	NA	NA	NA	NA	NA	susceptible	NA	NA	NA	susceptible	NA	NA	NA
562.23131	NA	resistant	resistant	NA	NA	NA	NA	NA	NA	NA	resistant	NA	NA	resistant	NA	NA	resistant	NA	susceptible	NA	NA	NA	NA	NA	susceptible	susceptible	NA	NA	NA	NA	NA	susceptible	NA	NA	NA	susceptible	NA	NA	NA
562.2307	NA	resistant	susceptible	NA	NA	NA	NA	NA	NA	NA	susceptible	NA	NA	susceptible	NA	NA	susceptible	NA	susceptible	NA	NA	NA	NA	NA	susceptible	susceptible	NA	NA	NA	NA	NA	susceptible	NA	NA	NA	susceptible	NA	NA	NA
562.23072	NA	susceptible	susceptible	NA	NA	NA	NA	NA	NA	NA	susceptible	NA	NA	susceptible	NA	NA	susceptible	NA	susceptible	NA	NA	NA	NA	NA	susceptible	susceptible	NA	NA	NA	NA	NA	susceptible	NA	NA	NA	susceptible	NA	NA	NA
562.23089	NA	susceptible	susceptible	NA	NA	NA	NA	NA	NA	NA	susceptible	NA	NA	susceptible	NA	NA	susceptible	NA	susceptible	NA	NA	NA	NA	NA	susceptible	susceptible	NA	NA	NA	NA	NA	resistant	NA	NA	NA	susceptible	NA	NA	NA
562.23088	NA	susceptible	susceptible	NA	NA	NA	NA	NA	NA	NA	susceptible	NA	NA	susceptible	NA	NA	susceptible	NA	susceptible	NA	NA	NA	NA	NA	susceptible	susceptible	NA	NA	NA	NA	NA	susceptible	NA	NA	NA	susceptible	NA	NA	NA
562.23087	NA	resistant	resistant	NA	NA	NA	NA	NA	NA	NA	susceptible	NA	NA	susceptible	NA	NA	susceptible	NA	susceptible	NA	NA	NA	NA	NA	susceptible	susceptible	NA	NA	NA	NA	NA	susceptible	NA	NA	NA	susceptible	NA	NA	NA
562.23086	NA	resistant	susceptible	NA	NA	NA	NA	NA	NA	NA	susceptible	NA	NA	susceptible	NA	NA	susceptible	NA	susceptible	NA	NA	NA	NA	NA	susceptible	susceptible	NA	NA	NA	NA	NA	susceptible	NA	NA	NA	susceptible	NA	NA	NA
562.23085	NA	resistant	resistant	NA	NA	NA	NA	NA	NA	NA	susceptible	NA	NA	susceptible	NA	NA	susceptible	NA	susceptible	NA	NA	NA	NA	NA	susceptible	susceptible	NA	NA	NA	NA	NA	susceptible	NA	NA	NA	susceptible	NA	NA	NA
562.23084	NA	susceptible	susceptible	NA	NA	NA	NA	NA	NA	NA	susceptible	NA	NA	susceptible	NA	NA	susceptible	NA	susceptible	NA	NA	NA	NA	NA	susceptible	susceptible	NA	NA	NA	NA	NA	susceptible	NA	NA	NA	susceptible	NA	NA	NA
562.23083	NA	resistant	resistant	NA	NA	NA	NA	NA	NA	NA	susceptible	NA	NA	susceptible	NA	NA	susceptible	NA	susceptible	NA	NA	NA	NA	NA	susceptible	susceptible	NA	NA	NA	NA	NA	susceptible	NA	NA	NA	susceptible	NA	NA	NA
562.23082	NA	resistant	susceptible	NA	NA	NA	NA	NA	NA	NA	susceptible	NA	NA	susceptible	NA	NA	susceptible	NA	susceptible	NA	NA	NA	NA	NA	susceptible	susceptible	NA	NA	NA	NA	NA	susceptible	NA	NA	NA	susceptible	NA	NA	NA
562.23081	NA	susceptible	susceptible	NA	NA	NA	NA	NA	NA	NA	susceptible	NA	NA	susceptible	NA	NA	susceptible	NA	susceptible	NA	NA	NA	NA	NA	susceptible	susceptible	NA	NA	NA	NA	NA	susceptible	NA	NA	NA	susceptible	NA	NA	NA
562.2308	NA	resistant	susceptible	NA	NA	NA	NA	NA	NA	NA	susceptible	NA	NA	susceptible	NA	NA	susceptible	NA	susceptible	NA	NA	NA	NA	NA	susceptible	susceptible	NA	NA	NA	NA	NA	susceptible	NA	NA	NA	susceptible	NA	NA	NA
562.23079	NA	resistant	resistant	NA	NA	NA	NA	NA	NA	NA	susceptible	NA	NA	susceptible	NA	NA	susceptible	NA	resistant	NA	NA	NA	NA	NA	susceptible	susceptible	NA	NA	NA	NA	NA	resistant	NA	NA	NA	susceptible	NA	NA	NA
562.23078	NA	resistant	susceptible	NA	NA	NA	NA	NA	NA	NA	susceptible	NA	NA	susceptible	NA	NA	susceptible	NA	resistant	NA	NA	NA	NA	NA	susceptible	susceptible	NA	NA	NA	NA	NA	susceptible	NA	NA	NA	susceptible	NA	NA	NA
562.23077	NA	susceptible	susceptible	NA	NA	NA	NA	NA	NA	NA	susceptible	NA	NA	susceptible	NA	NA	susceptible	NA	susceptible	NA	NA	NA	NA	NA	susceptible	susceptible	NA	NA	NA	NA	NA	susceptible	NA	NA	NA	susceptible	NA	NA	NA
562.23076	NA	resistant	susceptible	NA	NA	NA	NA	NA	NA	NA	resistant	NA	NA	resistant	NA	NA	resistant	NA	resistant	NA	NA	NA	NA	NA	susceptible	susceptible	NA	NA	NA	NA	NA	susceptible	NA	NA	NA	susceptible	NA	NA	NA
562.23075	NA	susceptible	susceptible	NA	NA	NA	NA	NA	NA	NA	susceptible	NA	NA	susceptible	NA	NA	susceptible	NA	susceptible	NA	NA	NA	NA	NA	susceptible	susceptible	NA	NA	NA	NA	NA	susceptible	NA	NA	NA	susceptible	NA	NA	NA
562.23074	NA	susceptible	susceptible	NA	NA	NA	NA	NA	NA	NA	susceptible	NA	NA	susceptible	NA	NA	susceptible	NA	susceptible	NA	NA	NA	NA	NA	susceptible	susceptible	NA	NA	NA	NA	NA	susceptible	NA	NA	NA	susceptible	NA	NA	NA
562.23073	NA	resistant	susceptible	NA	NA	NA	NA	NA	NA	NA	susceptible	NA	NA	susceptible	NA	NA	susceptible	NA	susceptible	NA	NA	NA	NA	NA	susceptible	susceptible	NA	NA	NA	NA	NA	susceptible	NA	NA	NA	susceptible	NA	NA	NA
562.23071	NA	susceptible	susceptible	NA	NA	NA	NA	NA	NA	NA	susceptible	NA	NA	susceptible	NA	NA	susceptible	NA	susceptible	NA	NA	NA	NA	NA	susceptible	susceptible	NA	NA	NA	NA	NA	susceptible	NA	NA	NA	susceptible	NA	NA	NA
562.23132	NA	resistant	susceptible	NA	NA	NA	NA	NA	NA	NA	susceptible	NA	NA	susceptible	NA	NA	susceptible	NA	susceptible	NA	NA	NA	NA	NA	susceptible	susceptible	NA	NA	NA	NA	NA	susceptible	NA	NA	NA	susceptible	NA	NA	NA
562.23133	NA	resistant	susceptible	NA	NA	NA	NA	NA	NA	NA	susceptible	NA	NA	susceptible	NA	NA	susceptible	NA	susceptible	NA	NA	NA	NA	NA	susceptible	susceptible	NA	NA	NA	NA	NA	susceptible	NA	NA	NA	susceptible	NA	NA	NA
562.23134	NA	resistant	susceptible	NA	NA	NA	NA	NA	NA	NA	susceptible	NA	NA	susceptible	NA	NA	susceptible	NA	resistant	NA	NA	NA	NA	NA	susceptible	susceptible	NA	NA	NA	NA	NA	susceptible	NA	NA	NA	susceptible	NA	NA	NA
562.23193	NA	susceptible	susceptible	NA	NA	NA	NA	NA	NA	NA	susceptible	NA	NA	susceptible	NA	NA	susceptible	NA	susceptible	NA	NA	NA	NA	NA	susceptible	susceptible	NA	NA	NA	NA	NA	susceptible	NA	NA	NA	susceptible	NA	NA	NA
562.23192	NA	susceptible	susceptible	NA	NA	NA	NA	NA	NA	NA	susceptible	NA	NA	susceptible	NA	NA	susceptible	NA	susceptible	NA	NA	NA	NA	NA	susceptible	susceptible	NA	NA	NA	NA	NA	susceptible	NA	NA	NA	susceptible	NA	NA	NA
562.23191	NA	susceptible	susceptible	NA	NA	NA	NA	NA	NA	NA	susceptible	NA	NA	susceptible	NA	NA	susceptible	NA	resistant	NA	NA	NA	NA	NA	susceptible	susceptible	NA	NA	NA	NA	NA	susceptible	NA	NA	NA	susceptible	NA	NA	NA
562.2319	NA	resistant	resistant	NA	NA	NA	NA	NA	NA	NA	susceptible	NA	NA	susceptible	NA	NA	resistant	NA	susceptible	NA	NA	NA	NA	NA	susceptible	susceptible	NA	NA	NA	NA	NA	susceptible	NA	NA	NA	susceptible	NA	NA	NA
562.23189	NA	resistant	resistant	NA	NA	NA	NA	NA	NA	NA	resistant	NA	NA	susceptible	NA	NA	resistant	NA	resistant	NA	NA	NA	NA	NA	susceptible	susceptible	NA	NA	NA	NA	NA	intermediate	NA	NA	NA	susceptible	NA	NA	NA
562.23188	NA	resistant	resistant	NA	NA	NA	NA	NA	NA	NA	susceptible	NA	NA	susceptible	NA	NA	susceptible	NA	susceptible	NA	NA	NA	NA	NA	susceptible	susceptible	NA	NA	NA	NA	NA	susceptible	NA	NA	NA	susceptible	NA	NA	NA
562.23187	NA	susceptible	susceptible	NA	NA	NA	NA	NA	NA	NA	susceptible	NA	NA	susceptible	NA	NA	susceptible	NA	susceptible	NA	NA	NA	NA	NA	susceptible	susceptible	NA	NA	NA	NA	NA	susceptible	NA	NA	NA	susceptible	NA	NA	NA
562.23186	NA	resistant	susceptible	NA	NA	NA	NA	NA	NA	NA	susceptible	NA	NA	susceptible	NA	NA	susceptible	NA	susceptible	NA	NA	NA	NA	NA	susceptible	susceptible	NA	NA	NA	NA	NA	susceptible	NA	NA	NA	susceptible	NA	NA	NA
562.23185	NA	susceptible	susceptible	NA	NA	NA	NA	NA	NA	NA	susceptible	NA	NA	susceptible	NA	NA	susceptible	NA	susceptible	NA	NA	NA	NA	NA	susceptible	susceptible	NA	NA	NA	NA	NA	susceptible	NA	NA	NA	susceptible	NA	NA	NA
562.23184	NA	resistant	susceptible	NA	NA	NA	NA	NA	NA	NA	susceptible	NA	NA	susceptible	NA	NA	susceptible	NA	susceptible	NA	NA	NA	NA	NA	susceptible	susceptible	NA	NA	NA	NA	NA	susceptible	NA	NA	NA	susceptible	NA	NA	NA
562.23183	NA	resistant	susceptible	NA	NA	NA	NA	NA	NA	NA	susceptible	NA	NA	susceptible	NA	NA	susceptible	NA	susceptible	NA	NA	NA	NA	NA	susceptible	susceptible	NA	NA	NA	NA	NA	susceptible	NA	NA	NA	susceptible	NA	NA	NA
562.23182	NA	susceptible	susceptible	NA	NA	NA	NA	NA	NA	NA	susceptible	NA	NA	susceptible	NA	NA	susceptible	NA	susceptible	NA	NA	NA	NA	NA	susceptible	susceptible	NA	NA	NA	NA	NA	susceptible	NA	NA	NA	susceptible	NA	NA	NA
562.23181	NA	resistant	resistant	NA	NA	NA	NA	NA	NA	NA	resistant	NA	NA	resistant	NA	NA	resistant	NA	resistant	NA	NA	NA	NA	NA	susceptible	susceptible	NA	NA	NA	NA	NA	susceptible	NA	NA	NA	susceptible	NA	NA	NA
562.2318	NA	susceptible	susceptible	NA	NA	NA	NA	NA	NA	NA	susceptible	NA	NA	susceptible	NA	NA	susceptible	NA	susceptible	NA	NA	NA	NA	NA	susceptible	susceptible	NA	NA	NA	NA	NA	susceptible	NA	NA	NA	susceptible	NA	NA	NA
562.23179	NA	susceptible	susceptible	NA	NA	NA	NA	NA	NA	NA	susceptible	NA	NA	susceptible	NA	NA	susceptible	NA	susceptible	NA	NA	NA	NA	NA	susceptible	susceptible	NA	NA	NA	NA	NA	susceptible	NA	NA	NA	susceptible	NA	NA	NA
562.23178	NA	susceptible	susceptible	NA	NA	NA	NA	NA	NA	NA	susceptible	NA	NA	susceptible	NA	NA	susceptible	NA	susceptible	NA	NA	NA	NA	NA	susceptible	susceptible	NA	NA	NA	NA	NA	susceptible	NA	NA	NA	susceptible	NA	NA	NA
562.23177	NA	resistant	susceptible	NA	NA	NA	NA	NA	NA	NA	susceptible	NA	NA	susceptible	NA	NA	susceptible	NA	susceptible	NA	NA	NA	NA	NA	susceptible	susceptible	NA	NA	NA	NA	NA	susceptible	NA	NA	NA	susceptible	NA	NA	NA
562.23194	NA	resistant	resistant	NA	NA	NA	NA	NA	NA	NA	resistant	NA	NA	susceptible	NA	NA	resistant	NA	resistant	NA	NA	NA	NA	NA	susceptible	susceptible	NA	NA	NA	NA	NA	susceptible	NA	NA	NA	susceptible	NA	NA	NA
562.23176	NA	susceptible	susceptible	NA	NA	NA	NA	NA	NA	NA	susceptible	NA	NA	susceptible	NA	NA	susceptible	NA	susceptible	NA	NA	NA	NA	NA	susceptible	susceptible	NA	NA	NA	NA	NA	susceptible	NA	NA	NA	susceptible	NA	NA	NA
562.23195	NA	resistant	resistant	NA	NA	NA	NA	NA	NA	NA	resistant	NA	NA	susceptible	NA	NA	resistant	NA	resistant	NA	NA	NA	NA	NA	susceptible	susceptible	NA	NA	NA	NA	NA	intermediate	NA	NA	NA	susceptible	NA	NA	NA
562.23197	NA	resistant	susceptible	NA	NA	NA	NA	NA	NA	NA	susceptible	NA	NA	susceptible	NA	NA	resistant	NA	susceptible	NA	NA	NA	NA	NA	susceptible	susceptible	NA	NA	NA	NA	NA	susceptible	NA	NA	NA	susceptible	NA	NA	NA
562.23214	NA	susceptible	susceptible	NA	NA	NA	NA	NA	NA	NA	susceptible	NA	NA	susceptible	NA	NA	susceptible	NA	susceptible	NA	NA	NA	NA	NA	susceptible	susceptible	NA	NA	NA	NA	NA	susceptible	NA	NA	NA	susceptible	NA	NA	NA
562.23213	NA	susceptible	susceptible	NA	NA	NA	NA	NA	NA	NA	susceptible	NA	NA	susceptible	NA	NA	susceptible	NA	susceptible	NA	NA	NA	NA	NA	susceptible	susceptible	NA	NA	NA	NA	NA	susceptible	NA	NA	NA	susceptible	NA	NA	NA
562.23212	NA	resistant	resistant	NA	NA	NA	NA	NA	NA	NA	resistant	NA	NA	resistant	NA	NA	resistant	NA	resistant	NA	NA	NA	NA	NA	resistant	susceptible	NA	NA	NA	NA	NA	susceptible	NA	NA	NA	susceptible	NA	NA	NA
562.23211	NA	susceptible	susceptible	NA	NA	NA	NA	NA	NA	NA	susceptible	NA	NA	susceptible	NA	NA	susceptible	NA	susceptible	NA	NA	NA	NA	NA	susceptible	susceptible	NA	NA	NA	NA	NA	susceptible	NA	NA	NA	susceptible	NA	NA	NA
562.2321	NA	susceptible	susceptible	NA	NA	NA	NA	NA	NA	NA	susceptible	NA	NA	susceptible	NA	NA	susceptible	NA	susceptible	NA	NA	NA	NA	NA	susceptible	susceptible	NA	NA	NA	NA	NA	susceptible	NA	NA	NA	susceptible	NA	NA	NA
562.23209	NA	resistant	resistant	NA	NA	NA	NA	NA	NA	NA	susceptible	NA	NA	susceptible	NA	NA	susceptible	NA	susceptible	NA	NA	NA	NA	NA	susceptible	susceptible	NA	NA	NA	NA	NA	susceptible	NA	NA	NA	susceptible	NA	NA	NA
562.23208	NA	susceptible	susceptible	NA	NA	NA	NA	NA	NA	NA	susceptible	NA	NA	susceptible	NA	NA	susceptible	NA	susceptible	NA	NA	NA	NA	NA	susceptible	susceptible	NA	NA	NA	NA	NA	susceptible	NA	NA	NA	susceptible	NA	NA	NA
562.23207	NA	susceptible	susceptible	NA	NA	NA	NA	NA	NA	NA	susceptible	NA	NA	susceptible	NA	NA	susceptible	NA	susceptible	NA	NA	NA	NA	NA	susceptible	susceptible	NA	NA	NA	NA	NA	susceptible	NA	NA	NA	susceptible	NA	NA	NA
562.23206	NA	susceptible	susceptible	NA	NA	NA	NA	NA	NA	NA	susceptible	NA	NA	susceptible	NA	NA	susceptible	NA	susceptible	NA	NA	NA	NA	NA	susceptible	susceptible	NA	NA	NA	NA	NA	susceptible	NA	NA	NA	susceptible	NA	NA	NA
562.23205	NA	resistant	resistant	NA	NA	NA	NA	NA	NA	NA	susceptible	NA	NA	susceptible	NA	NA	resistant	NA	resistant	NA	NA	NA	NA	NA	susceptible	susceptible	NA	NA	NA	NA	NA	susceptible	NA	NA	NA	susceptible	NA	NA	NA
562.23204	NA	resistant	susceptible	NA	NA	NA	NA	NA	NA	NA	susceptible	NA	NA	susceptible	NA	NA	susceptible	NA	susceptible	NA	NA	NA	NA	NA	susceptible	susceptible	NA	NA	NA	NA	NA	susceptible	NA	NA	NA	susceptible	NA	NA	NA
562.23203	NA	resistant	susceptible	NA	NA	NA	NA	NA	NA	NA	susceptible	NA	NA	susceptible	NA	NA	susceptible	NA	susceptible	NA	NA	NA	NA	NA	susceptible	susceptible	NA	NA	NA	NA	NA	susceptible	NA	NA	NA	susceptible	NA	NA	NA
562.23202	NA	susceptible	susceptible	NA	NA	NA	NA	NA	NA	NA	susceptible	NA	NA	susceptible	NA	NA	susceptible	NA	susceptible	NA	NA	NA	NA	NA	susceptible	susceptible	NA	NA	NA	NA	NA	susceptible	NA	NA	NA	susceptible	NA	NA	NA
562.23201	NA	susceptible	susceptible	NA	NA	NA	NA	NA	NA	NA	susceptible	NA	NA	susceptible	NA	NA	susceptible	NA	susceptible	NA	NA	NA	NA	NA	susceptible	susceptible	NA	NA	NA	NA	NA	susceptible	NA	NA	NA	susceptible	NA	NA	NA
562.232	NA	resistant	resistant	NA	NA	NA	NA	NA	NA	NA	susceptible	NA	NA	susceptible	NA	NA	resistant	NA	resistant	NA	NA	NA	NA	NA	susceptible	susceptible	NA	NA	NA	NA	NA	resistant	NA	NA	NA	susceptible	NA	NA	NA
562.23199	NA	resistant	resistant	NA	NA	NA	NA	NA	NA	NA	susceptible	NA	NA	susceptible	NA	NA	susceptible	NA	resistant	NA	NA	NA	NA	NA	susceptible	susceptible	NA	NA	NA	NA	NA	susceptible	NA	NA	NA	susceptible	NA	NA	NA
562.23198	NA	resistant	susceptible	NA	NA	NA	NA	NA	NA	NA	susceptible	NA	NA	susceptible	NA	NA	susceptible	NA	susceptible	NA	NA	NA	NA	NA	susceptible	susceptible	NA	NA	NA	NA	NA	susceptible	NA	NA	NA	susceptible	NA	NA	NA
562.23196	NA	susceptible	susceptible	NA	NA	NA	NA	NA	NA	NA	susceptible	NA	NA	susceptible	NA	NA	susceptible	NA	susceptible	NA	NA	NA	NA	NA	susceptible	susceptible	NA	NA	NA	NA	NA	susceptible	NA	NA	NA	susceptible	NA	NA	NA
562.23381	NA	susceptible	susceptible	NA	NA	NA	NA	NA	NA	NA	susceptible	NA	NA	susceptible	NA	NA	susceptible	NA	susceptible	NA	NA	NA	NA	NA	susceptible	susceptible	NA	NA	NA	NA	NA	susceptible	NA	NA	NA	susceptible	NA	NA	NA
562.23175	NA	resistant	susceptible	NA	NA	NA	NA	NA	NA	NA	susceptible	NA	NA	susceptible	NA	NA	susceptible	NA	susceptible	NA	NA	NA	NA	NA	susceptible	susceptible	NA	NA	NA	NA	NA	susceptible	NA	NA	NA	susceptible	NA	NA	NA
562.23173	NA	resistant	resistant	NA	NA	NA	NA	NA	NA	NA	susceptible	NA	NA	susceptible	NA	NA	susceptible	NA	susceptible	NA	NA	NA	NA	NA	susceptible	susceptible	NA	NA	NA	NA	NA	susceptible	NA	NA	NA	susceptible	NA	NA	NA
562.23151	NA	resistant	resistant	NA	NA	NA	NA	NA	NA	NA	susceptible	NA	NA	susceptible	NA	NA	susceptible	NA	susceptible	NA	NA	NA	NA	NA	susceptible	susceptible	NA	NA	NA	NA	NA	susceptible	NA	NA	NA	susceptible	NA	NA	NA
562.2315	NA	resistant	resistant	NA	NA	NA	NA	NA	NA	NA	susceptible	NA	NA	susceptible	NA	NA	susceptible	NA	susceptible	NA	NA	NA	NA	NA	susceptible	susceptible	NA	NA	NA	NA	NA	susceptible	NA	NA	NA	susceptible	NA	NA	NA
562.23149	NA	resistant	susceptible	NA	NA	NA	NA	NA	NA	NA	susceptible	NA	NA	susceptible	NA	NA	susceptible	NA	susceptible	NA	NA	NA	NA	NA	susceptible	susceptible	NA	NA	NA	NA	NA	susceptible	NA	NA	NA	susceptible	NA	NA	NA
562.23148	NA	resistant	resistant	NA	NA	NA	NA	NA	NA	NA	susceptible	NA	NA	susceptible	NA	NA	susceptible	NA	susceptible	NA	NA	NA	NA	NA	susceptible	susceptible	NA	NA	NA	NA	NA	susceptible	NA	NA	NA	susceptible	NA	NA	NA
562.23147	NA	susceptible	susceptible	NA	NA	NA	NA	NA	NA	NA	susceptible	NA	NA	susceptible	NA	NA	susceptible	NA	susceptible	NA	NA	NA	NA	NA	susceptible	susceptible	NA	NA	NA	NA	NA	susceptible	NA	NA	NA	susceptible	NA	NA	NA
562.23146	NA	susceptible	susceptible	NA	NA	NA	NA	NA	NA	NA	susceptible	NA	NA	susceptible	NA	NA	susceptible	NA	susceptible	NA	NA	NA	NA	NA	susceptible	susceptible	NA	NA	NA	NA	NA	susceptible	NA	NA	NA	susceptible	NA	NA	NA
562.23145	NA	resistant	resistant	NA	NA	NA	NA	NA	NA	NA	susceptible	NA	NA	susceptible	NA	NA	resistant	NA	susceptible	NA	NA	NA	NA	NA	susceptible	susceptible	NA	NA	NA	NA	NA	intermediate	NA	NA	NA	susceptible	NA	NA	NA
562.23144	NA	resistant	resistant	NA	NA	NA	NA	NA	NA	NA	resistant	NA	NA	resistant	NA	NA	resistant	NA	resistant	NA	NA	NA	NA	NA	susceptible	susceptible	NA	NA	NA	NA	NA	resistant	NA	NA	NA	susceptible	NA	NA	NA
562.23143	NA	resistant	susceptible	NA	NA	NA	NA	NA	NA	NA	susceptible	NA	NA	susceptible	NA	NA	susceptible	NA	susceptible	NA	NA	NA	NA	NA	susceptible	susceptible	NA	NA	NA	NA	NA	susceptible	NA	NA	NA	susceptible	NA	NA	NA
562.23142	NA	resistant	susceptible	NA	NA	NA	NA	NA	NA	NA	susceptible	NA	NA	susceptible	NA	NA	susceptible	NA	susceptible	NA	NA	NA	NA	NA	susceptible	susceptible	NA	NA	NA	NA	NA	susceptible	NA	NA	NA	susceptible	NA	NA	NA
562.23141	NA	resistant	resistant	NA	NA	NA	NA	NA	NA	NA	NA	NA	NA	susceptible	NA	NA	susceptible	NA	resistant	NA	NA	NA	NA	NA	resistant	susceptible	NA	NA	NA	NA	NA	susceptible	NA	NA	NA	NA	NA	NA	NA
562.2314	NA	resistant	resistant	NA	NA	NA	NA	NA	NA	NA	susceptible	NA	NA	susceptible	NA	NA	susceptible	NA	intermediate	NA	NA	NA	NA	NA	susceptible	susceptible	NA	NA	NA	NA	NA	resistant	NA	NA	NA	susceptible	NA	NA	NA
562.23139	NA	resistant	susceptible	NA	NA	NA	NA	NA	NA	NA	susceptible	NA	NA	susceptible	NA	NA	susceptible	NA	susceptible	NA	NA	NA	NA	NA	susceptible	susceptible	NA	NA	NA	NA	NA	intermediate	NA	NA	NA	susceptible	NA	NA	NA
562.23138	NA	susceptible	susceptible	NA	NA	NA	NA	NA	NA	NA	susceptible	NA	NA	susceptible	NA	NA	susceptible	NA	susceptible	NA	NA	NA	NA	NA	susceptible	susceptible	NA	NA	NA	NA	NA	susceptible	NA	NA	NA	susceptible	NA	NA	NA
562.23137	NA	resistant	resistant	NA	NA	NA	NA	NA	NA	NA	susceptible	NA	NA	susceptible	NA	NA	susceptible	NA	susceptible	NA	NA	NA	NA	NA	susceptible	susceptible	NA	NA	NA	NA	NA	susceptible	NA	NA	NA	susceptible	NA	NA	NA
562.23136	NA	susceptible	susceptible	NA	NA	NA	NA	NA	NA	NA	susceptible	NA	NA	susceptible	NA	NA	susceptible	NA	susceptible	NA	NA	NA	NA	NA	susceptible	susceptible	NA	NA	NA	NA	NA	susceptible	NA	NA	NA	susceptible	NA	NA	NA
562.23135	NA	susceptible	susceptible	NA	NA	NA	NA	NA	NA	NA	NA	NA	NA	susceptible	NA	NA	susceptible	NA	susceptible	NA	NA	NA	NA	NA	susceptible	susceptible	NA	NA	NA	NA	NA	susceptible	NA	NA	NA	NA	NA	NA	NA
562.23152	NA	resistant	susceptible	NA	NA	NA	NA	NA	NA	NA	resistant	NA	NA	resistant	NA	NA	susceptible	NA	susceptible	NA	NA	NA	NA	NA	susceptible	susceptible	NA	NA	NA	NA	NA	susceptible	NA	NA	NA	susceptible	NA	NA	NA
562.23174	NA	susceptible	susceptible	NA	NA	NA	NA	NA	NA	NA	susceptible	NA	NA	susceptible	NA	NA	susceptible	NA	susceptible	NA	NA	NA	NA	NA	susceptible	susceptible	NA	NA	NA	NA	NA	susceptible	NA	NA	NA	susceptible	NA	NA	NA
562.23153	NA	resistant	susceptible	NA	NA	NA	NA	NA	NA	NA	susceptible	NA	NA	susceptible	NA	NA	susceptible	NA	susceptible	NA	NA	NA	NA	NA	susceptible	susceptible	NA	NA	NA	NA	NA	susceptible	NA	NA	NA	susceptible	NA	NA	NA
562.23155	NA	resistant	resistant	NA	NA	NA	NA	NA	NA	NA	susceptible	NA	NA	susceptible	NA	NA	susceptible	NA	susceptible	NA	NA	NA	NA	NA	susceptible	susceptible	NA	NA	NA	NA	NA	susceptible	NA	NA	NA	susceptible	NA	NA	NA
562.23172	NA	resistant	resistant	NA	NA	NA	NA	NA	NA	NA	resistant	NA	NA	resistant	NA	NA	resistant	NA	susceptible	NA	NA	NA	NA	NA	resistant	susceptible	NA	NA	NA	NA	NA	susceptible	NA	NA	NA	susceptible	NA	NA	NA
562.23171	NA	susceptible	susceptible	NA	NA	NA	NA	NA	NA	NA	susceptible	NA	NA	susceptible	NA	NA	susceptible	NA	intermediate	NA	NA	NA	NA	NA	susceptible	susceptible	NA	NA	NA	NA	NA	susceptible	NA	NA	NA	susceptible	NA	NA	NA
562.2317	NA	susceptible	susceptible	NA	NA	NA	NA	NA	NA	NA	susceptible	NA	NA	susceptible	NA	NA	susceptible	NA	resistant	NA	NA	NA	NA	NA	susceptible	susceptible	NA	NA	NA	NA	NA	susceptible	NA	NA	NA	susceptible	NA	NA	NA
562.23169	NA	susceptible	susceptible	NA	NA	NA	NA	NA	NA	NA	susceptible	NA	NA	susceptible	NA	NA	susceptible	NA	susceptible	NA	NA	NA	NA	NA	susceptible	susceptible	NA	NA	NA	NA	NA	susceptible	NA	NA	NA	susceptible	NA	NA	NA
562.23168	NA	susceptible	susceptible	NA	NA	NA	NA	NA	NA	NA	susceptible	NA	NA	susceptible	NA	NA	susceptible	NA	susceptible	NA	NA	NA	NA	NA	susceptible	susceptible	NA	NA	NA	NA	NA	susceptible	NA	NA	NA	susceptible	NA	NA	NA
562.23167	NA	resistant	susceptible	NA	NA	NA	NA	NA	NA	NA	susceptible	NA	NA	susceptible	NA	NA	susceptible	NA	resistant	NA	NA	NA	NA	NA	susceptible	susceptible	NA	NA	NA	NA	NA	susceptible	NA	NA	NA	susceptible	NA	NA	NA
562.23166	NA	resistant	susceptible	NA	NA	NA	NA	NA	NA	NA	susceptible	NA	NA	susceptible	NA	NA	susceptible	NA	susceptible	NA	NA	NA	NA	NA	susceptible	susceptible	NA	NA	NA	NA	NA	susceptible	NA	NA	NA	susceptible	NA	NA	NA
562.23165	NA	susceptible	susceptible	NA	NA	NA	NA	NA	NA	NA	susceptible	NA	NA	susceptible	NA	NA	susceptible	NA	susceptible	NA	NA	NA	NA	NA	susceptible	susceptible	NA	NA	NA	NA	NA	susceptible	NA	NA	NA	susceptible	NA	NA	NA
562.23164	NA	resistant	resistant	NA	NA	NA	NA	NA	NA	NA	susceptible	NA	NA	susceptible	NA	NA	susceptible	NA	susceptible	NA	NA	NA	NA	NA	susceptible	susceptible	NA	NA	NA	NA	NA	susceptible	NA	NA	NA	susceptible	NA	NA	NA
562.23163	NA	susceptible	susceptible	NA	NA	NA	NA	NA	NA	NA	susceptible	NA	NA	susceptible	NA	NA	susceptible	NA	susceptible	NA	NA	NA	NA	NA	susceptible	susceptible	NA	NA	NA	NA	NA	susceptible	NA	NA	NA	susceptible	NA	NA	NA
562.23162	NA	resistant	resistant	NA	NA	NA	NA	NA	NA	NA	susceptible	NA	NA	susceptible	NA	NA	susceptible	NA	susceptible	NA	NA	NA	NA	NA	susceptible	susceptible	NA	NA	NA	NA	NA	susceptible	NA	NA	NA	susceptible	NA	NA	NA
562.23161	NA	resistant	resistant	NA	NA	NA	NA	NA	NA	NA	susceptible	NA	NA	susceptible	NA	NA	susceptible	NA	susceptible	NA	NA	NA	NA	NA	susceptible	susceptible	NA	NA	NA	NA	NA	resistant	NA	NA	NA	susceptible	NA	NA	NA
562.2316	NA	resistant	susceptible	NA	NA	NA	NA	NA	NA	NA	susceptible	NA	NA	susceptible	NA	NA	susceptible	NA	susceptible	NA	NA	NA	NA	NA	susceptible	susceptible	NA	NA	NA	NA	NA	susceptible	NA	NA	NA	susceptible	NA	NA	NA
562.23159	NA	resistant	susceptible	NA	NA	NA	NA	NA	NA	NA	susceptible	NA	NA	susceptible	NA	NA	susceptible	NA	resistant	NA	NA	NA	NA	NA	susceptible	susceptible	NA	NA	NA	NA	NA	susceptible	NA	NA	NA	susceptible	NA	NA	NA
562.23158	NA	resistant	resistant	NA	NA	NA	NA	NA	NA	NA	susceptible	NA	NA	susceptible	NA	NA	susceptible	NA	susceptible	NA	NA	NA	NA	NA	intermediate	susceptible	NA	NA	NA	NA	NA	susceptible	NA	NA	NA	susceptible	NA	NA	NA
562.23157	NA	susceptible	susceptible	NA	NA	NA	NA	NA	NA	NA	susceptible	NA	NA	susceptible	NA	NA	susceptible	NA	susceptible	NA	NA	NA	NA	NA	susceptible	susceptible	NA	NA	NA	NA	NA	susceptible	NA	NA	NA	susceptible	NA	NA	NA
562.23156	NA	resistant	resistant	NA	NA	NA	NA	NA	NA	NA	susceptible	NA	NA	susceptible	NA	NA	resistant	NA	susceptible	NA	NA	NA	NA	NA	susceptible	susceptible	NA	NA	NA	NA	NA	susceptible	NA	NA	NA	susceptible	NA	NA	NA
562.23154	NA	susceptible	susceptible	NA	NA	NA	NA	NA	NA	NA	susceptible	NA	NA	susceptible	NA	NA	susceptible	NA	susceptible	NA	NA	NA	NA	NA	susceptible	susceptible	NA	NA	NA	NA	NA	susceptible	NA	NA	NA	susceptible	NA	NA	NA
562.23382	NA	resistant	resistant	NA	NA	NA	NA	NA	NA	NA	susceptible	NA	NA	susceptible	NA	NA	susceptible	NA	susceptible	NA	NA	NA	NA	NA	susceptible	susceptible	NA	NA	NA	NA	NA	susceptible	NA	NA	NA	susceptible	NA	NA	NA
562.23383	NA	resistant	resistant	NA	NA	NA	NA	NA	NA	NA	susceptible	NA	NA	susceptible	NA	NA	susceptible	NA	susceptible	NA	NA	NA	NA	NA	susceptible	susceptible	NA	NA	NA	NA	NA	susceptible	NA	NA	NA	susceptible	NA	NA	NA
562.23384	NA	resistant	resistant	NA	NA	NA	NA	NA	NA	NA	susceptible	NA	NA	susceptible	NA	NA	susceptible	NA	resistant	NA	NA	NA	NA	NA	susceptible	susceptible	NA	NA	NA	NA	NA	susceptible	NA	NA	NA	susceptible	NA	NA	NA
562.23609	NA	resistant	susceptible	NA	NA	NA	NA	NA	NA	NA	susceptible	NA	NA	susceptible	NA	NA	susceptible	NA	susceptible	NA	NA	NA	NA	NA	susceptible	susceptible	NA	NA	NA	NA	NA	susceptible	NA	NA	NA	susceptible	NA	NA	NA
562.23608	NA	resistant	resistant	NA	NA	NA	NA	NA	NA	NA	resistant	NA	NA	resistant	NA	NA	resistant	NA	susceptible	NA	NA	NA	NA	NA	susceptible	susceptible	NA	NA	NA	NA	NA	susceptible	NA	NA	NA	susceptible	NA	NA	NA
562.23607	NA	susceptible	susceptible	NA	NA	NA	NA	NA	NA	NA	susceptible	NA	NA	susceptible	NA	NA	susceptible	NA	susceptible	NA	NA	NA	NA	NA	susceptible	susceptible	NA	NA	NA	NA	NA	susceptible	NA	NA	NA	susceptible	NA	NA	NA
562.23606	NA	susceptible	susceptible	NA	NA	NA	NA	NA	NA	NA	susceptible	NA	NA	susceptible	NA	NA	susceptible	NA	susceptible	NA	NA	NA	NA	NA	susceptible	susceptible	NA	NA	NA	NA	NA	susceptible	NA	NA	NA	susceptible	NA	NA	NA
562.23605	NA	resistant	susceptible	NA	NA	NA	NA	NA	NA	NA	susceptible	NA	NA	susceptible	NA	NA	susceptible	NA	susceptible	NA	NA	NA	NA	NA	susceptible	susceptible	NA	NA	NA	NA	NA	susceptible	NA	NA	NA	susceptible	NA	NA	NA
562.23604	NA	resistant	resistant	NA	NA	NA	NA	NA	NA	NA	susceptible	NA	NA	susceptible	NA	NA	susceptible	NA	susceptible	NA	NA	NA	NA	NA	susceptible	susceptible	NA	NA	NA	NA	NA	susceptible	NA	NA	NA	susceptible	NA	NA	NA
562.23603	NA	susceptible	susceptible	NA	NA	NA	NA	NA	NA	NA	susceptible	NA	NA	susceptible	NA	NA	susceptible	NA	susceptible	NA	NA	NA	NA	NA	susceptible	susceptible	NA	NA	NA	NA	NA	susceptible	NA	NA	NA	susceptible	NA	NA	NA
562.2361	NA	resistant	resistant	NA	NA	NA	NA	NA	NA	NA	susceptible	NA	NA	susceptible	NA	NA	resistant	NA	resistant	NA	NA	NA	NA	NA	susceptible	susceptible	NA	NA	NA	NA	NA	susceptible	NA	NA	NA	susceptible	NA	NA	NA
562.23602	NA	susceptible	susceptible	NA	NA	NA	NA	NA	NA	NA	susceptible	NA	NA	susceptible	NA	NA	resistant	NA	susceptible	NA	NA	NA	NA	NA	susceptible	susceptible	NA	NA	NA	NA	NA	susceptible	NA	NA	NA	susceptible	NA	NA	NA
562.236	NA	resistant	resistant	NA	NA	NA	NA	NA	NA	NA	susceptible	NA	NA	susceptible	NA	NA	susceptible	NA	susceptible	NA	NA	NA	NA	NA	susceptible	susceptible	NA	NA	NA	NA	NA	susceptible	NA	NA	NA	susceptible	NA	NA	NA
562.23599	NA	resistant	resistant	NA	NA	NA	NA	NA	NA	NA	susceptible	NA	NA	susceptible	NA	NA	susceptible	NA	susceptible	NA	NA	NA	NA	NA	susceptible	susceptible	NA	NA	NA	NA	NA	susceptible	NA	NA	NA	susceptible	NA	NA	NA
562.23598	NA	resistant	resistant	NA	NA	NA	NA	NA	NA	NA	susceptible	NA	NA	susceptible	NA	NA	susceptible	NA	susceptible	NA	NA	NA	NA	NA	susceptible	susceptible	NA	NA	NA	NA	NA	susceptible	NA	NA	NA	susceptible	NA	NA	NA
562.23597	NA	resistant	susceptible	NA	NA	NA	NA	NA	NA	NA	susceptible	NA	NA	susceptible	NA	NA	susceptible	NA	susceptible	NA	NA	NA	NA	NA	susceptible	susceptible	NA	NA	NA	NA	NA	susceptible	NA	NA	NA	susceptible	NA	NA	NA
562.23596	NA	susceptible	susceptible	NA	NA	NA	NA	NA	NA	NA	susceptible	NA	NA	susceptible	NA	NA	susceptible	NA	susceptible	NA	NA	NA	NA	NA	susceptible	susceptible	NA	NA	NA	NA	NA	susceptible	NA	NA	NA	susceptible	NA	NA	NA
562.23595	NA	resistant	resistant	NA	NA	NA	NA	NA	NA	NA	susceptible	NA	NA	susceptible	NA	NA	resistant	NA	susceptible	NA	NA	NA	NA	NA	susceptible	susceptible	NA	NA	NA	NA	NA	resistant	NA	NA	NA	susceptible	NA	NA	NA
562.23594	NA	resistant	resistant	NA	NA	NA	NA	NA	NA	NA	resistant	NA	NA	resistant	NA	NA	resistant	NA	resistant	NA	NA	NA	NA	NA	resistant	susceptible	NA	NA	NA	NA	NA	intermediate	NA	NA	NA	susceptible	NA	NA	NA
562.23601	NA	resistant	resistant	NA	NA	NA	NA	NA	NA	NA	susceptible	NA	NA	susceptible	NA	NA	resistant	NA	susceptible	NA	NA	NA	NA	NA	susceptible	susceptible	NA	NA	NA	NA	NA	susceptible	NA	NA	NA	susceptible	NA	NA	NA
562.23611	NA	resistant	susceptible	NA	NA	NA	NA	NA	NA	NA	susceptible	NA	NA	susceptible	NA	NA	susceptible	NA	susceptible	NA	NA	NA	NA	NA	susceptible	susceptible	NA	NA	NA	NA	NA	susceptible	NA	NA	NA	susceptible	NA	NA	NA
562.23612	NA	susceptible	susceptible	NA	NA	NA	NA	NA	NA	NA	susceptible	NA	NA	susceptible	NA	NA	susceptible	NA	susceptible	NA	NA	NA	NA	NA	susceptible	susceptible	NA	NA	NA	NA	NA	susceptible	NA	NA	NA	susceptible	NA	NA	NA
562.23613	NA	susceptible	susceptible	NA	NA	NA	NA	NA	NA	NA	susceptible	NA	NA	susceptible	NA	NA	susceptible	NA	susceptible	NA	NA	NA	NA	NA	susceptible	susceptible	NA	NA	NA	NA	NA	susceptible	NA	NA	NA	susceptible	NA	NA	NA
562.2363	NA	resistant	susceptible	NA	NA	NA	NA	NA	NA	NA	susceptible	NA	NA	susceptible	NA	NA	susceptible	NA	susceptible	NA	NA	NA	NA	NA	susceptible	susceptible	NA	NA	NA	NA	NA	susceptible	NA	NA	NA	susceptible	NA	NA	NA
562.23629	NA	resistant	susceptible	NA	NA	NA	NA	NA	NA	NA	susceptible	NA	NA	susceptible	NA	NA	resistant	NA	susceptible	NA	NA	NA	NA	NA	susceptible	susceptible	NA	NA	NA	NA	NA	susceptible	NA	NA	NA	susceptible	NA	NA	NA
562.23628	NA	susceptible	susceptible	NA	NA	NA	NA	NA	NA	NA	susceptible	NA	NA	susceptible	NA	NA	susceptible	NA	susceptible	NA	NA	NA	NA	NA	susceptible	susceptible	NA	NA	NA	NA	NA	susceptible	NA	NA	NA	susceptible	NA	NA	NA
562.23627	NA	resistant	susceptible	NA	NA	NA	NA	NA	NA	NA	susceptible	NA	NA	susceptible	NA	NA	susceptible	NA	susceptible	NA	NA	NA	NA	NA	susceptible	susceptible	NA	NA	NA	NA	NA	susceptible	NA	NA	NA	susceptible	NA	NA	NA
562.23626	NA	resistant	resistant	NA	NA	NA	NA	NA	NA	NA	susceptible	NA	NA	susceptible	NA	NA	susceptible	NA	susceptible	NA	NA	NA	NA	NA	susceptible	susceptible	NA	NA	NA	NA	NA	susceptible	NA	NA	NA	susceptible	NA	NA	NA
562.23625	NA	susceptible	susceptible	NA	NA	NA	NA	NA	NA	NA	susceptible	NA	NA	susceptible	NA	NA	susceptible	NA	susceptible	NA	NA	NA	NA	NA	susceptible	susceptible	NA	NA	NA	NA	NA	susceptible	NA	NA	NA	susceptible	NA	NA	NA
562.23624	NA	resistant	susceptible	NA	NA	NA	NA	NA	NA	NA	susceptible	NA	NA	susceptible	NA	NA	susceptible	NA	susceptible	NA	NA	NA	NA	NA	susceptible	susceptible	NA	NA	NA	NA	NA	susceptible	NA	NA	NA	susceptible	NA	NA	NA
562.23623	NA	resistant	resistant	NA	NA	NA	NA	NA	NA	NA	resistant	NA	NA	resistant	NA	NA	resistant	NA	resistant	NA	NA	NA	NA	NA	susceptible	susceptible	NA	NA	NA	NA	NA	susceptible	NA	NA	NA	susceptible	NA	NA	NA
562.23622	NA	resistant	resistant	NA	NA	NA	NA	NA	NA	NA	susceptible	NA	NA	susceptible	NA	NA	resistant	NA	susceptible	NA	NA	NA	NA	NA	susceptible	susceptible	NA	NA	NA	NA	NA	susceptible	NA	NA	NA	susceptible	NA	NA	NA
562.23621	NA	resistant	resistant	NA	NA	NA	NA	NA	NA	NA	susceptible	NA	NA	susceptible	NA	NA	susceptible	NA	susceptible	NA	NA	NA	NA	NA	susceptible	susceptible	NA	NA	NA	NA	NA	susceptible	NA	NA	NA	susceptible	NA	NA	NA
562.2362	NA	resistant	susceptible	NA	NA	NA	NA	NA	NA	NA	susceptible	NA	NA	susceptible	NA	NA	resistant	NA	susceptible	NA	NA	NA	NA	NA	susceptible	susceptible	NA	NA	NA	NA	NA	susceptible	NA	NA	NA	susceptible	NA	NA	NA
562.23619	NA	susceptible	susceptible	NA	NA	NA	NA	NA	NA	NA	susceptible	NA	NA	susceptible	NA	NA	susceptible	NA	susceptible	NA	NA	NA	NA	NA	susceptible	susceptible	NA	NA	NA	NA	NA	susceptible	NA	NA	NA	susceptible	NA	NA	NA
562.23618	NA	resistant	resistant	NA	NA	NA	NA	NA	NA	NA	susceptible	NA	NA	intermediate	NA	NA	susceptible	NA	susceptible	NA	NA	NA	NA	NA	susceptible	susceptible	NA	NA	NA	NA	NA	resistant	NA	NA	NA	susceptible	NA	NA	NA
562.23617	NA	resistant	resistant	NA	NA	NA	NA	NA	NA	NA	susceptible	NA	NA	susceptible	NA	NA	susceptible	NA	susceptible	NA	NA	NA	NA	NA	susceptible	susceptible	NA	NA	NA	NA	NA	susceptible	NA	NA	NA	susceptible	NA	NA	NA
562.23616	NA	resistant	susceptible	NA	NA	NA	NA	NA	NA	NA	susceptible	NA	NA	susceptible	NA	NA	susceptible	NA	susceptible	NA	NA	NA	NA	NA	susceptible	susceptible	NA	NA	NA	NA	NA	susceptible	NA	NA	NA	susceptible	NA	NA	NA
562.23615	NA	resistant	resistant	NA	NA	NA	NA	NA	NA	NA	resistant	NA	NA	intermediate	NA	NA	resistant	NA	resistant	NA	NA	NA	NA	NA	susceptible	susceptible	NA	NA	NA	NA	NA	susceptible	NA	NA	NA	susceptible	NA	NA	NA
562.23614	NA	susceptible	susceptible	NA	NA	NA	NA	NA	NA	NA	susceptible	NA	NA	susceptible	NA	NA	susceptible	NA	susceptible	NA	NA	NA	NA	NA	susceptible	susceptible	NA	NA	NA	NA	NA	susceptible	NA	NA	NA	susceptible	NA	NA	NA
562.23593	NA	susceptible	susceptible	NA	NA	NA	NA	NA	NA	NA	susceptible	NA	NA	susceptible	NA	NA	resistant	NA	resistant	NA	NA	NA	NA	NA	resistant	susceptible	NA	NA	NA	NA	NA	susceptible	NA	NA	NA	susceptible	NA	NA	NA
562.23592	NA	resistant	resistant	NA	NA	NA	NA	NA	NA	NA	susceptible	NA	NA	susceptible	NA	NA	susceptible	NA	susceptible	NA	NA	NA	NA	NA	susceptible	susceptible	NA	NA	NA	NA	NA	susceptible	NA	NA	NA	susceptible	NA	NA	NA
562.23591	NA	resistant	susceptible	NA	NA	NA	NA	NA	NA	NA	susceptible	NA	NA	susceptible	NA	NA	susceptible	NA	susceptible	NA	NA	NA	NA	NA	susceptible	susceptible	NA	NA	NA	NA	NA	susceptible	NA	NA	NA	susceptible	NA	NA	NA
562.2359	NA	susceptible	susceptible	NA	NA	NA	NA	NA	NA	NA	susceptible	NA	NA	susceptible	NA	NA	susceptible	NA	susceptible	NA	NA	NA	NA	NA	susceptible	susceptible	NA	NA	NA	NA	NA	susceptible	NA	NA	NA	susceptible	NA	NA	NA
562.23568	NA	resistant	susceptible	NA	NA	NA	NA	NA	NA	NA	susceptible	NA	NA	susceptible	NA	NA	susceptible	NA	susceptible	NA	NA	NA	NA	NA	susceptible	susceptible	NA	NA	NA	NA	NA	susceptible	NA	NA	NA	susceptible	NA	NA	NA
562.23567	NA	resistant	resistant	NA	NA	NA	NA	NA	NA	NA	susceptible	NA	NA	susceptible	NA	NA	susceptible	NA	susceptible	NA	NA	NA	NA	NA	resistant	susceptible	NA	NA	NA	NA	NA	intermediate	NA	NA	NA	susceptible	NA	NA	NA
562.23566	NA	resistant	susceptible	NA	NA	NA	NA	NA	NA	NA	resistant	NA	NA	resistant	NA	NA	resistant	NA	resistant	NA	NA	NA	NA	NA	susceptible	susceptible	NA	NA	NA	NA	NA	susceptible	NA	NA	NA	susceptible	NA	NA	NA
562.23565	NA	resistant	resistant	NA	NA	NA	NA	NA	NA	NA	susceptible	NA	NA	susceptible	NA	NA	susceptible	NA	susceptible	NA	NA	NA	NA	NA	resistant	susceptible	NA	NA	NA	NA	NA	intermediate	NA	NA	NA	susceptible	NA	NA	NA
562.23564	NA	susceptible	susceptible	NA	NA	NA	NA	NA	NA	NA	susceptible	NA	NA	susceptible	NA	NA	susceptible	NA	susceptible	NA	NA	NA	NA	NA	susceptible	susceptible	NA	NA	NA	NA	NA	susceptible	NA	NA	NA	susceptible	NA	NA	NA
562.23563	NA	resistant	susceptible	NA	NA	NA	NA	NA	NA	NA	susceptible	NA	NA	susceptible	NA	NA	susceptible	NA	susceptible	NA	NA	NA	NA	NA	susceptible	susceptible	NA	NA	NA	NA	NA	susceptible	NA	NA	NA	susceptible	NA	NA	NA
562.23562	NA	susceptible	susceptible	NA	NA	NA	NA	NA	NA	NA	susceptible	NA	NA	susceptible	NA	NA	susceptible	NA	susceptible	NA	NA	NA	NA	NA	susceptible	susceptible	NA	NA	NA	NA	NA	susceptible	NA	NA	NA	susceptible	NA	NA	NA
562.23561	NA	susceptible	susceptible	NA	NA	NA	NA	NA	NA	NA	susceptible	NA	NA	susceptible	NA	NA	susceptible	NA	susceptible	NA	NA	NA	NA	NA	susceptible	susceptible	NA	NA	NA	NA	NA	susceptible	NA	NA	NA	susceptible	NA	NA	NA
562.2356	NA	susceptible	susceptible	NA	NA	NA	NA	NA	NA	NA	susceptible	NA	NA	susceptible	NA	NA	susceptible	NA	susceptible	NA	NA	NA	NA	NA	susceptible	susceptible	NA	NA	NA	NA	NA	susceptible	NA	NA	NA	susceptible	NA	NA	NA
562.23559	NA	resistant	susceptible	NA	NA	NA	NA	NA	NA	NA	susceptible	NA	NA	susceptible	NA	NA	susceptible	NA	susceptible	NA	NA	NA	NA	NA	susceptible	susceptible	NA	NA	NA	NA	NA	susceptible	NA	NA	NA	susceptible	NA	NA	NA
562.23558	NA	resistant	resistant	NA	NA	NA	NA	NA	NA	NA	resistant	NA	NA	resistant	NA	NA	resistant	NA	resistant	NA	NA	NA	NA	NA	resistant	susceptible	NA	NA	NA	NA	NA	intermediate	NA	NA	NA	susceptible	NA	NA	NA
562.23557	NA	susceptible	susceptible	NA	NA	NA	NA	NA	NA	NA	susceptible	NA	NA	susceptible	NA	NA	susceptible	NA	susceptible	NA	NA	NA	NA	NA	susceptible	susceptible	NA	NA	NA	NA	NA	susceptible	NA	NA	NA	susceptible	NA	NA	NA
562.23556	NA	resistant	susceptible	NA	NA	NA	NA	NA	NA	NA	susceptible	NA	NA	susceptible	NA	NA	susceptible	NA	susceptible	NA	NA	NA	NA	NA	susceptible	susceptible	NA	NA	NA	NA	NA	susceptible	NA	NA	NA	susceptible	NA	NA	NA
562.23555	NA	susceptible	susceptible	NA	NA	NA	NA	NA	NA	NA	susceptible	NA	NA	susceptible	NA	NA	susceptible	NA	susceptible	NA	NA	NA	NA	NA	susceptible	susceptible	NA	NA	NA	NA	NA	susceptible	NA	NA	NA	susceptible	NA	NA	NA
562.23554	NA	resistant	susceptible	NA	NA	NA	NA	NA	NA	NA	susceptible	NA	NA	susceptible	NA	NA	susceptible	NA	susceptible	NA	NA	NA	NA	NA	susceptible	susceptible	NA	NA	NA	NA	NA	susceptible	NA	NA	NA	susceptible	NA	NA	NA
562.23553	NA	susceptible	susceptible	NA	NA	NA	NA	NA	NA	NA	susceptible	NA	NA	susceptible	NA	NA	susceptible	NA	resistant	NA	NA	NA	NA	NA	susceptible	susceptible	NA	NA	NA	NA	NA	susceptible	NA	NA	NA	susceptible	NA	NA	NA
562.23552	NA	susceptible	susceptible	NA	NA	NA	NA	NA	NA	NA	susceptible	NA	NA	susceptible	NA	NA	susceptible	NA	susceptible	NA	NA	NA	NA	NA	susceptible	susceptible	NA	NA	NA	NA	NA	susceptible	NA	NA	NA	susceptible	NA	NA	NA
562.23569	NA	resistant	resistant	NA	NA	NA	NA	NA	NA	NA	susceptible	NA	NA	susceptible	NA	NA	resistant	NA	susceptible	NA	NA	NA	NA	NA	susceptible	susceptible	NA	NA	NA	NA	NA	resistant	NA	NA	NA	susceptible	NA	NA	NA
562.23631	NA	susceptible	susceptible	NA	NA	NA	NA	NA	NA	NA	susceptible	NA	NA	susceptible	NA	NA	susceptible	NA	susceptible	NA	NA	NA	NA	NA	susceptible	susceptible	NA	NA	NA	NA	NA	susceptible	NA	NA	NA	susceptible	NA	NA	NA
562.2357	NA	susceptible	susceptible	NA	NA	NA	NA	NA	NA	NA	susceptible	NA	NA	susceptible	NA	NA	susceptible	NA	susceptible	NA	NA	NA	NA	NA	susceptible	susceptible	NA	NA	NA	NA	NA	susceptible	NA	NA	NA	susceptible	NA	NA	NA
562.23572	NA	susceptible	susceptible	NA	NA	NA	NA	NA	NA	NA	susceptible	NA	NA	susceptible	NA	NA	resistant	NA	susceptible	NA	NA	NA	NA	NA	susceptible	susceptible	NA	NA	NA	NA	NA	susceptible	NA	NA	NA	susceptible	NA	NA	NA
562.23589	NA	susceptible	susceptible	NA	NA	NA	NA	NA	NA	NA	susceptible	NA	NA	susceptible	NA	NA	susceptible	NA	susceptible	NA	NA	NA	NA	NA	susceptible	susceptible	NA	NA	NA	NA	NA	susceptible	NA	NA	NA	susceptible	NA	NA	NA
562.23588	NA	resistant	resistant	NA	NA	NA	NA	NA	NA	NA	susceptible	NA	NA	susceptible	NA	NA	susceptible	NA	susceptible	NA	NA	NA	NA	NA	susceptible	susceptible	NA	NA	NA	NA	NA	susceptible	NA	NA	NA	susceptible	NA	NA	NA
562.23587	NA	resistant	resistant	NA	NA	NA	NA	NA	NA	NA	susceptible	NA	NA	susceptible	NA	NA	susceptible	NA	susceptible	NA	NA	NA	NA	NA	susceptible	susceptible	NA	NA	NA	NA	NA	susceptible	NA	NA	NA	susceptible	NA	NA	NA
562.23586	NA	resistant	susceptible	NA	NA	NA	NA	NA	NA	NA	susceptible	NA	NA	susceptible	NA	NA	susceptible	NA	susceptible	NA	NA	NA	NA	NA	susceptible	susceptible	NA	NA	NA	NA	NA	susceptible	NA	NA	NA	susceptible	NA	NA	NA
562.23585	NA	resistant	resistant	NA	NA	NA	NA	NA	NA	NA	susceptible	NA	NA	resistant	NA	NA	resistant	NA	susceptible	NA	NA	NA	NA	NA	susceptible	susceptible	NA	NA	NA	NA	NA	resistant	NA	NA	NA	susceptible	NA	NA	NA
562.23584	NA	susceptible	susceptible	NA	NA	NA	NA	NA	NA	NA	susceptible	NA	NA	susceptible	NA	NA	susceptible	NA	susceptible	NA	NA	NA	NA	NA	susceptible	susceptible	NA	NA	NA	NA	NA	susceptible	NA	NA	NA	susceptible	NA	NA	NA
562.23583	NA	resistant	susceptible	NA	NA	NA	NA	NA	NA	NA	susceptible	NA	NA	susceptible	NA	NA	susceptible	NA	susceptible	NA	NA	NA	NA	NA	susceptible	susceptible	NA	NA	NA	NA	NA	susceptible	NA	NA	NA	susceptible	NA	NA	NA
562.23582	NA	resistant	susceptible	NA	NA	NA	NA	NA	NA	NA	susceptible	NA	NA	susceptible	NA	NA	susceptible	NA	susceptible	NA	NA	NA	NA	NA	susceptible	susceptible	NA	NA	NA	NA	NA	susceptible	NA	NA	NA	susceptible	NA	NA	NA
562.23581	NA	resistant	susceptible	NA	NA	NA	NA	NA	NA	NA	susceptible	NA	NA	susceptible	NA	NA	susceptible	NA	susceptible	NA	NA	NA	NA	NA	susceptible	susceptible	NA	NA	NA	NA	NA	susceptible	NA	NA	NA	susceptible	NA	NA	NA
562.2358	NA	resistant	susceptible	NA	NA	NA	NA	NA	NA	NA	susceptible	NA	NA	susceptible	NA	NA	resistant	NA	intermediate	NA	NA	NA	NA	NA	susceptible	susceptible	NA	NA	NA	NA	NA	susceptible	NA	NA	NA	susceptible	NA	NA	NA
562.23579	NA	susceptible	susceptible	NA	NA	NA	NA	NA	NA	NA	susceptible	NA	NA	susceptible	NA	NA	susceptible	NA	susceptible	NA	NA	NA	NA	NA	susceptible	susceptible	NA	NA	NA	NA	NA	susceptible	NA	NA	NA	susceptible	NA	NA	NA
562.23578	NA	susceptible	susceptible	NA	NA	NA	NA	NA	NA	NA	susceptible	NA	NA	susceptible	NA	NA	susceptible	NA	susceptible	NA	NA	NA	NA	NA	susceptible	susceptible	NA	NA	NA	NA	NA	susceptible	NA	NA	NA	susceptible	NA	NA	NA
562.23577	NA	resistant	resistant	NA	NA	NA	NA	NA	NA	NA	susceptible	NA	NA	susceptible	NA	NA	susceptible	NA	susceptible	NA	NA	NA	NA	NA	susceptible	susceptible	NA	NA	NA	NA	NA	susceptible	NA	NA	NA	susceptible	NA	NA	NA
562.23576	NA	resistant	resistant	NA	NA	NA	NA	NA	NA	NA	susceptible	NA	NA	susceptible	NA	NA	susceptible	NA	susceptible	NA	NA	NA	NA	NA	susceptible	susceptible	NA	NA	NA	NA	NA	susceptible	NA	NA	NA	susceptible	NA	NA	NA
562.23575	NA	susceptible	susceptible	NA	NA	NA	NA	NA	NA	NA	susceptible	NA	NA	susceptible	NA	NA	susceptible	NA	susceptible	NA	NA	NA	NA	NA	susceptible	susceptible	NA	NA	NA	NA	NA	susceptible	NA	NA	NA	susceptible	NA	NA	NA
562.23574	NA	resistant	resistant	NA	NA	NA	NA	NA	NA	NA	resistant	NA	NA	resistant	NA	NA	resistant	NA	resistant	NA	NA	NA	NA	NA	resistant	susceptible	NA	NA	NA	NA	NA	intermediate	NA	NA	NA	susceptible	NA	NA	NA
562.23573	NA	resistant	susceptible	NA	NA	NA	NA	NA	NA	NA	susceptible	NA	NA	susceptible	NA	NA	susceptible	NA	susceptible	NA	NA	NA	NA	NA	susceptible	susceptible	NA	NA	NA	NA	NA	susceptible	NA	NA	NA	susceptible	NA	NA	NA
562.23571	NA	susceptible	susceptible	NA	NA	NA	NA	NA	NA	NA	susceptible	NA	NA	susceptible	NA	NA	resistant	NA	resistant	NA	NA	NA	NA	NA	susceptible	susceptible	NA	NA	NA	NA	NA	susceptible	NA	NA	NA	susceptible	NA	NA	NA
562.23632	NA	resistant	resistant	NA	NA	NA	NA	NA	NA	NA	susceptible	NA	NA	susceptible	NA	NA	susceptible	NA	susceptible	NA	NA	NA	NA	NA	susceptible	susceptible	NA	NA	NA	NA	NA	susceptible	NA	NA	NA	susceptible	NA	NA	NA
562.23633	NA	resistant	resistant	NA	NA	NA	NA	NA	NA	NA	susceptible	NA	NA	susceptible	NA	NA	susceptible	NA	susceptible	NA	NA	NA	NA	NA	susceptible	susceptible	NA	NA	NA	NA	NA	susceptible	NA	NA	NA	susceptible	NA	NA	NA
562.23634	NA	susceptible	susceptible	NA	NA	NA	NA	NA	NA	NA	susceptible	NA	NA	susceptible	NA	NA	susceptible	NA	susceptible	NA	NA	NA	NA	NA	susceptible	susceptible	NA	NA	NA	NA	NA	susceptible	NA	NA	NA	susceptible	NA	NA	NA
562.23693	NA	susceptible	susceptible	NA	NA	NA	NA	NA	NA	NA	susceptible	NA	NA	susceptible	NA	NA	susceptible	NA	susceptible	NA	NA	NA	NA	NA	susceptible	susceptible	NA	NA	NA	NA	NA	susceptible	NA	NA	NA	susceptible	NA	NA	NA
562.23692	NA	resistant	susceptible	NA	NA	NA	NA	NA	NA	NA	susceptible	NA	NA	susceptible	NA	NA	susceptible	NA	susceptible	NA	NA	NA	NA	NA	susceptible	susceptible	NA	NA	NA	NA	NA	susceptible	NA	NA	NA	susceptible	NA	NA	NA
562.23691	NA	resistant	resistant	NA	NA	NA	NA	NA	NA	NA	susceptible	NA	NA	susceptible	NA	NA	susceptible	NA	susceptible	NA	NA	NA	NA	NA	susceptible	susceptible	NA	NA	NA	NA	NA	resistant	NA	NA	NA	susceptible	NA	NA	NA
562.2369	NA	susceptible	susceptible	NA	NA	NA	NA	NA	NA	NA	susceptible	NA	NA	susceptible	NA	NA	susceptible	NA	susceptible	NA	NA	NA	NA	NA	susceptible	susceptible	NA	NA	NA	NA	NA	susceptible	NA	NA	NA	susceptible	NA	NA	NA
562.23689	NA	resistant	susceptible	NA	NA	NA	NA	NA	NA	NA	susceptible	NA	NA	susceptible	NA	NA	resistant	NA	susceptible	NA	NA	NA	NA	NA	susceptible	susceptible	NA	NA	NA	NA	NA	susceptible	NA	NA	NA	susceptible	NA	NA	NA
562.23688	NA	susceptible	susceptible	NA	NA	NA	NA	NA	NA	NA	susceptible	NA	NA	susceptible	NA	NA	susceptible	NA	susceptible	NA	NA	NA	NA	NA	susceptible	susceptible	NA	NA	NA	NA	NA	susceptible	NA	NA	NA	susceptible	NA	NA	NA
562.23687	NA	susceptible	susceptible	NA	NA	NA	NA	NA	NA	NA	susceptible	NA	NA	susceptible	NA	NA	susceptible	NA	susceptible	NA	NA	NA	NA	NA	susceptible	susceptible	NA	NA	NA	NA	NA	susceptible	NA	NA	NA	susceptible	NA	NA	NA
562.23686	NA	susceptible	susceptible	NA	NA	NA	NA	NA	NA	NA	susceptible	NA	NA	susceptible	NA	NA	susceptible	NA	susceptible	NA	NA	NA	NA	NA	susceptible	susceptible	NA	NA	NA	NA	NA	susceptible	NA	NA	NA	susceptible	NA	NA	NA
562.23685	NA	resistant	susceptible	NA	NA	NA	NA	NA	NA	NA	susceptible	NA	NA	susceptible	NA	NA	susceptible	NA	susceptible	NA	NA	NA	NA	NA	susceptible	susceptible	NA	NA	NA	NA	NA	susceptible	NA	NA	NA	susceptible	NA	NA	NA
562.23684	NA	resistant	resistant	NA	NA	NA	NA	NA	NA	NA	susceptible	NA	NA	susceptible	NA	NA	resistant	NA	susceptible	NA	NA	NA	NA	NA	susceptible	susceptible	NA	NA	NA	NA	NA	susceptible	NA	NA	NA	susceptible	NA	NA	NA
562.23683	NA	resistant	resistant	NA	NA	NA	NA	NA	NA	NA	susceptible	NA	NA	susceptible	NA	NA	susceptible	NA	susceptible	NA	NA	NA	NA	NA	susceptible	susceptible	NA	NA	NA	NA	NA	susceptible	NA	NA	NA	susceptible	NA	NA	NA
562.23682	NA	resistant	resistant	NA	NA	NA	NA	NA	NA	NA	susceptible	NA	NA	susceptible	NA	NA	susceptible	NA	resistant	NA	NA	NA	NA	NA	resistant	susceptible	NA	NA	NA	NA	NA	resistant	NA	NA	NA	susceptible	NA	NA	NA
562.23681	NA	resistant	susceptible	NA	NA	NA	NA	NA	NA	NA	susceptible	NA	NA	susceptible	NA	NA	susceptible	NA	susceptible	NA	NA	NA	NA	NA	susceptible	susceptible	NA	NA	NA	NA	NA	susceptible	NA	NA	NA	susceptible	NA	NA	NA
562.2368	NA	susceptible	susceptible	NA	NA	NA	NA	NA	NA	NA	susceptible	NA	NA	susceptible	NA	NA	susceptible	NA	susceptible	NA	NA	NA	NA	NA	susceptible	susceptible	NA	NA	NA	NA	NA	susceptible	NA	NA	NA	susceptible	NA	NA	NA
562.23679	NA	resistant	resistant	NA	NA	NA	NA	NA	NA	NA	susceptible	NA	NA	susceptible	NA	NA	resistant	NA	susceptible	NA	NA	NA	NA	NA	susceptible	susceptible	NA	NA	NA	NA	NA	susceptible	NA	NA	NA	susceptible	NA	NA	NA
562.23678	NA	susceptible	susceptible	NA	NA	NA	NA	NA	NA	NA	susceptible	NA	NA	susceptible	NA	NA	susceptible	NA	susceptible	NA	NA	NA	NA	NA	susceptible	susceptible	NA	NA	NA	NA	NA	susceptible	NA	NA	NA	susceptible	NA	NA	NA
562.23677	NA	resistant	resistant	NA	NA	NA	NA	NA	NA	NA	susceptible	NA	NA	susceptible	NA	NA	susceptible	NA	susceptible	NA	NA	NA	NA	NA	susceptible	susceptible	NA	NA	NA	NA	NA	susceptible	NA	NA	NA	susceptible	NA	NA	NA
562.23694	NA	susceptible	susceptible	NA	NA	NA	NA	NA	NA	NA	susceptible	NA	NA	susceptible	NA	NA	susceptible	NA	susceptible	NA	NA	NA	NA	NA	susceptible	susceptible	NA	NA	NA	NA	NA	susceptible	NA	NA	NA	susceptible	NA	NA	NA
562.23676	NA	resistant	susceptible	NA	NA	NA	NA	NA	NA	NA	susceptible	NA	NA	susceptible	NA	NA	susceptible	NA	susceptible	NA	NA	NA	NA	NA	susceptible	susceptible	NA	NA	NA	NA	NA	susceptible	NA	NA	NA	susceptible	NA	NA	NA
562.23695	NA	susceptible	susceptible	NA	NA	NA	NA	NA	NA	NA	susceptible	NA	NA	susceptible	NA	NA	susceptible	NA	susceptible	NA	NA	NA	NA	NA	susceptible	susceptible	NA	NA	NA	NA	NA	susceptible	NA	NA	NA	susceptible	NA	NA	NA
562.23697	NA	resistant	resistant	NA	NA	NA	NA	NA	NA	NA	susceptible	NA	NA	susceptible	NA	NA	susceptible	NA	resistant	NA	NA	NA	NA	NA	intermediate	susceptible	NA	NA	NA	NA	NA	susceptible	NA	NA	NA	susceptible	NA	NA	NA
562.23714	NA	resistant	susceptible	NA	NA	NA	NA	NA	NA	NA	susceptible	NA	NA	susceptible	NA	NA	susceptible	NA	susceptible	NA	NA	NA	NA	NA	susceptible	susceptible	NA	NA	NA	NA	NA	susceptible	NA	NA	NA	susceptible	NA	NA	NA
562.23713	NA	resistant	resistant	NA	NA	NA	NA	NA	NA	NA	susceptible	NA	NA	susceptible	NA	NA	susceptible	NA	susceptible	NA	NA	NA	NA	NA	susceptible	susceptible	NA	NA	NA	NA	NA	susceptible	NA	NA	NA	susceptible	NA	NA	NA
562.23712	NA	resistant	resistant	NA	NA	NA	NA	NA	NA	NA	susceptible	NA	NA	susceptible	NA	NA	susceptible	NA	susceptible	NA	NA	NA	NA	NA	susceptible	susceptible	NA	NA	NA	NA	NA	susceptible	NA	NA	NA	susceptible	NA	NA	NA
562.23711	NA	susceptible	susceptible	NA	NA	NA	NA	NA	NA	NA	susceptible	NA	NA	susceptible	NA	NA	susceptible	NA	susceptible	NA	NA	NA	NA	NA	susceptible	susceptible	NA	NA	NA	NA	NA	susceptible	NA	NA	NA	susceptible	NA	NA	NA
562.2371	NA	resistant	susceptible	NA	NA	NA	NA	NA	NA	NA	susceptible	NA	NA	susceptible	NA	NA	susceptible	NA	susceptible	NA	NA	NA	NA	NA	susceptible	susceptible	NA	NA	NA	NA	NA	susceptible	NA	NA	NA	susceptible	NA	NA	NA
562.6573	NA	susceptible	susceptible	susceptible	NA	NA	NA	NA	NA	NA	NA	NA	NA	NA	NA	NA	NA	NA	NA	NA	NA	NA	NA	NA	NA	NA	NA	NA	NA	NA	NA	NA	NA	NA	NA	NA	NA	NA	NA
562.23708	NA	resistant	susceptible	NA	NA	NA	NA	NA	NA	NA	susceptible	NA	NA	susceptible	NA	NA	susceptible	NA	susceptible	NA	NA	NA	NA	NA	susceptible	susceptible	NA	NA	NA	NA	NA	susceptible	NA	NA	NA	susceptible	NA	NA	NA
562.23707	NA	susceptible	susceptible	NA	NA	NA	NA	NA	NA	NA	susceptible	NA	NA	susceptible	NA	NA	susceptible	NA	susceptible	NA	NA	NA	NA	NA	susceptible	susceptible	NA	NA	NA	NA	NA	susceptible	NA	NA	NA	susceptible	NA	NA	NA
562.23706	NA	resistant	resistant	NA	NA	NA	NA	NA	NA	NA	susceptible	NA	NA	susceptible	NA	NA	susceptible	NA	susceptible	NA	NA	NA	NA	NA	susceptible	susceptible	NA	NA	NA	NA	NA	susceptible	NA	NA	NA	susceptible	NA	NA	NA
562.23705	NA	susceptible	susceptible	NA	NA	NA	NA	NA	NA	NA	susceptible	NA	NA	susceptible	NA	NA	susceptible	NA	susceptible	NA	NA	NA	NA	NA	susceptible	susceptible	NA	NA	NA	NA	NA	susceptible	NA	NA	NA	susceptible	NA	NA	NA
562.23704	NA	susceptible	susceptible	NA	NA	NA	NA	NA	NA	NA	susceptible	NA	NA	susceptible	NA	NA	susceptible	NA	susceptible	NA	NA	NA	NA	NA	susceptible	susceptible	NA	NA	NA	NA	NA	susceptible	NA	NA	NA	susceptible	NA	NA	NA
562.23703	NA	susceptible	susceptible	NA	NA	NA	NA	NA	NA	NA	susceptible	NA	NA	susceptible	NA	NA	susceptible	NA	susceptible	NA	NA	NA	NA	NA	susceptible	susceptible	NA	NA	NA	NA	NA	susceptible	NA	NA	NA	susceptible	NA	NA	NA
562.23702	NA	resistant	susceptible	NA	NA	NA	NA	NA	NA	NA	susceptible	NA	NA	susceptible	NA	NA	susceptible	NA	susceptible	NA	NA	NA	NA	NA	susceptible	susceptible	NA	NA	NA	NA	NA	susceptible	NA	NA	NA	susceptible	NA	NA	NA
562.23701	NA	resistant	susceptible	NA	NA	NA	NA	NA	NA	NA	susceptible	NA	NA	susceptible	NA	NA	susceptible	NA	susceptible	NA	NA	NA	NA	NA	susceptible	susceptible	NA	NA	NA	NA	NA	susceptible	NA	NA	NA	susceptible	NA	NA	NA
562.237	NA	resistant	susceptible	NA	NA	NA	NA	NA	NA	NA	susceptible	NA	NA	susceptible	NA	NA	resistant	NA	susceptible	NA	NA	NA	NA	NA	susceptible	susceptible	NA	NA	NA	NA	NA	susceptible	NA	NA	NA	susceptible	NA	NA	NA
562.23699	NA	resistant	susceptible	NA	NA	NA	NA	NA	NA	NA	susceptible	NA	NA	susceptible	NA	NA	susceptible	NA	susceptible	NA	NA	NA	NA	NA	susceptible	susceptible	NA	NA	NA	NA	NA	susceptible	NA	NA	NA	susceptible	NA	NA	NA
562.23698	NA	resistant	susceptible	NA	NA	NA	NA	NA	NA	NA	susceptible	NA	NA	susceptible	NA	NA	susceptible	NA	susceptible	NA	NA	NA	NA	NA	susceptible	susceptible	NA	NA	NA	NA	NA	susceptible	NA	NA	NA	susceptible	NA	NA	NA
562.23696	NA	susceptible	susceptible	NA	NA	NA	NA	NA	NA	NA	susceptible	NA	NA	susceptible	NA	NA	susceptible	NA	susceptible	NA	NA	NA	NA	NA	susceptible	susceptible	NA	NA	NA	NA	NA	susceptible	NA	NA	NA	susceptible	NA	NA	NA
562.23551	NA	resistant	susceptible	NA	NA	NA	NA	NA	NA	NA	susceptible	NA	NA	susceptible	NA	NA	susceptible	NA	resistant	NA	NA	NA	NA	NA	susceptible	susceptible	NA	NA	NA	NA	NA	susceptible	NA	NA	NA	susceptible	NA	NA	NA
562.23675	NA	resistant	susceptible	NA	NA	NA	NA	NA	NA	NA	susceptible	NA	NA	susceptible	NA	NA	susceptible	NA	susceptible	NA	NA	NA	NA	NA	susceptible	susceptible	NA	NA	NA	NA	NA	susceptible	NA	NA	NA	susceptible	NA	NA	NA
562.23673	NA	resistant	susceptible	NA	NA	NA	NA	NA	NA	NA	susceptible	NA	NA	susceptible	NA	NA	susceptible	NA	susceptible	NA	NA	NA	NA	NA	susceptible	susceptible	NA	NA	NA	NA	NA	susceptible	NA	NA	NA	susceptible	NA	NA	NA
562.23651	NA	susceptible	susceptible	NA	NA	NA	NA	NA	NA	NA	susceptible	NA	NA	susceptible	NA	NA	susceptible	NA	susceptible	NA	NA	NA	NA	NA	susceptible	susceptible	NA	NA	NA	NA	NA	susceptible	NA	NA	NA	susceptible	NA	NA	NA
562.2365	NA	susceptible	susceptible	NA	NA	NA	NA	NA	NA	NA	susceptible	NA	NA	susceptible	NA	NA	susceptible	NA	susceptible	NA	NA	NA	NA	NA	susceptible	susceptible	NA	NA	NA	NA	NA	susceptible	NA	NA	NA	susceptible	NA	NA	NA
562.23649	NA	susceptible	susceptible	NA	NA	NA	NA	NA	NA	NA	susceptible	NA	NA	susceptible	NA	NA	susceptible	NA	susceptible	NA	NA	NA	NA	NA	susceptible	susceptible	NA	NA	NA	NA	NA	susceptible	NA	NA	NA	susceptible	NA	NA	NA
562.23648	NA	resistant	susceptible	NA	NA	NA	NA	NA	NA	NA	susceptible	NA	NA	susceptible	NA	NA	susceptible	NA	susceptible	NA	NA	NA	NA	NA	susceptible	susceptible	NA	NA	NA	NA	NA	susceptible	NA	NA	NA	susceptible	NA	NA	NA
562.23647	NA	resistant	resistant	NA	NA	NA	NA	NA	NA	NA	susceptible	NA	NA	susceptible	NA	NA	susceptible	NA	susceptible	NA	NA	NA	NA	NA	susceptible	susceptible	NA	NA	NA	NA	NA	susceptible	NA	NA	NA	susceptible	NA	NA	NA
562.23646	NA	resistant	resistant	NA	NA	NA	NA	NA	NA	NA	resistant	NA	NA	intermediate	NA	NA	resistant	NA	resistant	NA	NA	NA	NA	NA	susceptible	susceptible	NA	NA	NA	NA	NA	resistant	NA	NA	NA	susceptible	NA	NA	NA
562.23645	NA	resistant	susceptible	NA	NA	NA	NA	NA	NA	NA	susceptible	NA	NA	susceptible	NA	NA	susceptible	NA	resistant	NA	NA	NA	NA	NA	resistant	susceptible	NA	NA	NA	NA	NA	susceptible	NA	NA	NA	susceptible	NA	NA	NA
562.23644	NA	susceptible	susceptible	NA	NA	NA	NA	NA	NA	NA	susceptible	NA	NA	susceptible	NA	NA	susceptible	NA	susceptible	NA	NA	NA	NA	NA	susceptible	susceptible	NA	NA	NA	NA	NA	susceptible	NA	NA	NA	susceptible	NA	NA	NA
562.23643	NA	resistant	resistant	NA	NA	NA	NA	NA	NA	NA	susceptible	NA	NA	susceptible	NA	NA	resistant	NA	susceptible	NA	NA	NA	NA	NA	susceptible	susceptible	NA	NA	NA	NA	NA	susceptible	NA	NA	NA	susceptible	NA	NA	NA
562.23642	NA	resistant	susceptible	NA	NA	NA	NA	NA	NA	NA	susceptible	NA	NA	susceptible	NA	NA	susceptible	NA	resistant	NA	NA	NA	NA	NA	resistant	susceptible	NA	NA	NA	NA	NA	susceptible	NA	NA	NA	susceptible	NA	NA	NA
562.23641	NA	susceptible	susceptible	NA	NA	NA	NA	NA	NA	NA	susceptible	NA	NA	susceptible	NA	NA	susceptible	NA	susceptible	NA	NA	NA	NA	NA	susceptible	susceptible	NA	NA	NA	NA	NA	susceptible	NA	NA	NA	susceptible	NA	NA	NA
562.2364	NA	resistant	resistant	NA	NA	NA	NA	NA	NA	NA	resistant	NA	NA	resistant	NA	NA	resistant	NA	resistant	NA	NA	NA	NA	NA	resistant	susceptible	NA	NA	NA	NA	NA	susceptible	NA	NA	NA	susceptible	NA	NA	NA
562.23639	NA	resistant	resistant	NA	NA	NA	NA	NA	NA	NA	susceptible	NA	NA	susceptible	NA	NA	susceptible	NA	susceptible	NA	NA	NA	NA	NA	susceptible	susceptible	NA	NA	NA	NA	NA	resistant	NA	NA	NA	susceptible	NA	NA	NA
562.23638	NA	susceptible	susceptible	NA	NA	NA	NA	NA	NA	NA	susceptible	NA	NA	susceptible	NA	NA	susceptible	NA	susceptible	NA	NA	NA	NA	NA	susceptible	susceptible	NA	NA	NA	NA	NA	susceptible	NA	NA	NA	susceptible	NA	NA	NA
562.23637	NA	susceptible	susceptible	NA	NA	NA	NA	NA	NA	NA	susceptible	NA	NA	susceptible	NA	NA	susceptible	NA	susceptible	NA	NA	NA	NA	NA	susceptible	susceptible	NA	NA	NA	NA	NA	susceptible	NA	NA	NA	susceptible	NA	NA	NA
562.23636	NA	resistant	susceptible	NA	NA	NA	NA	NA	NA	NA	susceptible	NA	NA	susceptible	NA	NA	susceptible	NA	susceptible	NA	NA	NA	NA	NA	susceptible	susceptible	NA	NA	NA	NA	NA	susceptible	NA	NA	NA	susceptible	NA	NA	NA
562.23635	NA	resistant	susceptible	NA	NA	NA	NA	NA	NA	NA	susceptible	NA	NA	susceptible	NA	NA	susceptible	NA	susceptible	NA	NA	NA	NA	NA	susceptible	susceptible	NA	NA	NA	NA	NA	susceptible	NA	NA	NA	susceptible	NA	NA	NA
562.23652	NA	susceptible	resistant	NA	NA	NA	NA	NA	NA	NA	susceptible	NA	NA	susceptible	NA	NA	susceptible	NA	susceptible	NA	NA	NA	NA	NA	susceptible	susceptible	NA	NA	NA	NA	NA	susceptible	NA	NA	NA	susceptible	NA	NA	NA
562.23674	NA	resistant	susceptible	NA	NA	NA	NA	NA	NA	NA	susceptible	NA	NA	susceptible	NA	NA	susceptible	NA	susceptible	NA	NA	NA	NA	NA	susceptible	susceptible	NA	NA	NA	NA	NA	susceptible	NA	NA	NA	susceptible	NA	NA	NA
562.23653	NA	resistant	resistant	NA	NA	NA	NA	NA	NA	NA	susceptible	NA	NA	susceptible	NA	NA	resistant	NA	resistant	NA	NA	NA	NA	NA	susceptible	susceptible	NA	NA	NA	NA	NA	susceptible	NA	NA	NA	susceptible	NA	NA	NA
562.23655	NA	susceptible	susceptible	NA	NA	NA	NA	NA	NA	NA	susceptible	NA	NA	susceptible	NA	NA	resistant	NA	susceptible	NA	NA	NA	NA	NA	susceptible	susceptible	NA	NA	NA	NA	NA	susceptible	NA	NA	NA	susceptible	NA	NA	NA
562.23672	NA	resistant	susceptible	NA	NA	NA	NA	NA	NA	NA	susceptible	NA	NA	susceptible	NA	NA	susceptible	NA	susceptible	NA	NA	NA	NA	NA	susceptible	susceptible	NA	NA	NA	NA	NA	susceptible	NA	NA	NA	susceptible	NA	NA	NA
562.23671	NA	resistant	susceptible	NA	NA	NA	NA	NA	NA	NA	susceptible	NA	NA	susceptible	NA	NA	susceptible	NA	susceptible	NA	NA	NA	NA	NA	susceptible	susceptible	NA	NA	NA	NA	NA	susceptible	NA	NA	NA	susceptible	NA	NA	NA
562.2367	NA	resistant	susceptible	NA	NA	NA	NA	NA	NA	NA	susceptible	NA	NA	susceptible	NA	NA	susceptible	NA	susceptible	NA	NA	NA	NA	NA	susceptible	susceptible	NA	NA	NA	NA	NA	susceptible	NA	NA	NA	susceptible	NA	NA	NA
562.23669	NA	resistant	susceptible	NA	NA	NA	NA	NA	NA	NA	susceptible	NA	NA	susceptible	NA	NA	susceptible	NA	susceptible	NA	NA	NA	NA	NA	susceptible	susceptible	NA	NA	NA	NA	NA	susceptible	NA	NA	NA	susceptible	NA	NA	NA
562.23668	NA	resistant	susceptible	NA	NA	NA	NA	NA	NA	NA	susceptible	NA	NA	susceptible	NA	NA	susceptible	NA	susceptible	NA	NA	NA	NA	NA	susceptible	susceptible	NA	NA	NA	NA	NA	susceptible	NA	NA	NA	susceptible	NA	NA	NA
562.23667	NA	susceptible	susceptible	NA	NA	NA	NA	NA	NA	NA	susceptible	NA	NA	susceptible	NA	NA	susceptible	NA	susceptible	NA	NA	NA	NA	NA	susceptible	susceptible	NA	NA	NA	NA	NA	susceptible	NA	NA	NA	susceptible	NA	NA	NA
562.23666	NA	resistant	resistant	NA	NA	NA	NA	NA	NA	NA	susceptible	NA	NA	susceptible	NA	NA	susceptible	NA	susceptible	NA	NA	NA	NA	NA	susceptible	susceptible	NA	NA	NA	NA	NA	susceptible	NA	NA	NA	susceptible	NA	NA	NA
562.23665	NA	susceptible	susceptible	NA	NA	NA	NA	NA	NA	NA	susceptible	NA	NA	susceptible	NA	NA	susceptible	NA	susceptible	NA	NA	NA	NA	NA	susceptible	susceptible	NA	NA	NA	NA	NA	susceptible	NA	NA	NA	susceptible	NA	NA	NA
562.23664	NA	resistant	resistant	NA	NA	NA	NA	NA	NA	NA	susceptible	NA	NA	susceptible	NA	NA	resistant	NA	resistant	NA	NA	NA	NA	NA	susceptible	susceptible	NA	NA	NA	NA	NA	resistant	NA	NA	NA	susceptible	NA	NA	NA
562.23663	NA	resistant	susceptible	NA	NA	NA	NA	NA	NA	NA	susceptible	NA	NA	susceptible	NA	NA	susceptible	NA	susceptible	NA	NA	NA	NA	NA	susceptible	susceptible	NA	NA	NA	NA	NA	susceptible	NA	NA	NA	susceptible	NA	NA	NA
562.23662	NA	resistant	resistant	NA	NA	NA	NA	NA	NA	NA	susceptible	NA	NA	susceptible	NA	NA	susceptible	NA	susceptible	NA	NA	NA	NA	NA	susceptible	susceptible	NA	NA	NA	NA	NA	susceptible	NA	NA	NA	susceptible	NA	NA	NA
562.23661	NA	susceptible	susceptible	NA	NA	NA	NA	NA	NA	NA	susceptible	NA	NA	susceptible	NA	NA	resistant	NA	susceptible	NA	NA	NA	NA	NA	susceptible	susceptible	NA	NA	NA	NA	NA	susceptible	NA	NA	NA	susceptible	NA	NA	NA
562.2366	NA	susceptible	susceptible	NA	NA	NA	NA	NA	NA	NA	susceptible	NA	NA	susceptible	NA	NA	susceptible	NA	susceptible	NA	NA	NA	NA	NA	susceptible	susceptible	NA	NA	NA	NA	NA	susceptible	NA	NA	NA	susceptible	NA	NA	NA
562.23659	NA	resistant	resistant	NA	NA	NA	NA	NA	NA	NA	susceptible	NA	NA	susceptible	NA	NA	resistant	NA	resistant	NA	NA	NA	NA	NA	resistant	susceptible	NA	NA	NA	NA	NA	susceptible	NA	NA	NA	susceptible	NA	NA	NA
562.23658	NA	resistant	resistant	NA	NA	NA	NA	NA	NA	NA	susceptible	NA	NA	susceptible	NA	NA	susceptible	NA	susceptible	NA	NA	NA	NA	NA	susceptible	susceptible	NA	NA	NA	NA	NA	susceptible	NA	NA	NA	susceptible	NA	NA	NA
562.23657	NA	resistant	susceptible	NA	NA	NA	NA	NA	NA	NA	susceptible	NA	NA	susceptible	NA	NA	susceptible	NA	susceptible	NA	NA	NA	NA	NA	susceptible	susceptible	NA	NA	NA	NA	NA	susceptible	NA	NA	NA	susceptible	NA	NA	NA
562.23656	NA	susceptible	susceptible	NA	NA	NA	NA	NA	NA	NA	susceptible	NA	NA	susceptible	NA	NA	susceptible	NA	susceptible	NA	NA	NA	NA	NA	susceptible	susceptible	NA	NA	NA	NA	NA	susceptible	NA	NA	NA	susceptible	NA	NA	NA
562.23654	NA	susceptible	susceptible	NA	NA	NA	NA	NA	NA	NA	susceptible	NA	NA	susceptible	NA	NA	susceptible	NA	susceptible	NA	NA	NA	NA	NA	susceptible	susceptible	NA	NA	NA	NA	NA	susceptible	NA	NA	NA	susceptible	NA	NA	NA
562.23051	NA	resistant	susceptible	NA	NA	NA	NA	NA	NA	NA	susceptible	NA	NA	susceptible	NA	NA	susceptible	NA	susceptible	NA	NA	NA	NA	NA	susceptible	susceptible	NA	NA	NA	NA	NA	susceptible	NA	NA	NA	susceptible	NA	NA	NA
562.2355	NA	resistant	susceptible	NA	NA	NA	NA	NA	NA	NA	susceptible	NA	NA	susceptible	NA	NA	susceptible	NA	susceptible	NA	NA	NA	NA	NA	susceptible	susceptible	NA	NA	NA	NA	NA	susceptible	NA	NA	NA	susceptible	NA	NA	NA
562.23548	NA	resistant	resistant	NA	NA	NA	NA	NA	NA	NA	susceptible	NA	NA	susceptible	NA	NA	susceptible	NA	intermediate	NA	NA	NA	NA	NA	susceptible	susceptible	NA	NA	NA	NA	NA	susceptible	NA	NA	NA	susceptible	NA	NA	NA
562.23442	NA	susceptible	susceptible	NA	NA	NA	NA	NA	NA	NA	susceptible	NA	NA	susceptible	NA	NA	susceptible	NA	susceptible	NA	NA	NA	NA	NA	susceptible	susceptible	NA	NA	NA	NA	NA	susceptible	NA	NA	NA	susceptible	NA	NA	NA
562.23441	NA	resistant	resistant	NA	NA	NA	NA	NA	NA	NA	susceptible	NA	NA	susceptible	NA	NA	susceptible	NA	susceptible	NA	NA	NA	NA	NA	susceptible	susceptible	NA	NA	NA	NA	NA	susceptible	NA	NA	NA	susceptible	NA	NA	NA
562.2344	NA	resistant	resistant	NA	NA	NA	NA	NA	NA	NA	susceptible	NA	NA	susceptible	NA	NA	susceptible	NA	susceptible	NA	NA	NA	NA	NA	susceptible	susceptible	NA	NA	NA	NA	NA	susceptible	NA	NA	NA	susceptible	NA	NA	NA
562.23439	NA	susceptible	susceptible	NA	NA	NA	NA	NA	NA	NA	susceptible	NA	NA	susceptible	NA	NA	susceptible	NA	susceptible	NA	NA	NA	NA	NA	susceptible	susceptible	NA	NA	NA	NA	NA	susceptible	NA	NA	NA	susceptible	NA	NA	NA
562.23438	NA	susceptible	susceptible	NA	NA	NA	NA	NA	NA	NA	susceptible	NA	NA	susceptible	NA	NA	susceptible	NA	susceptible	NA	NA	NA	NA	NA	susceptible	susceptible	NA	NA	NA	NA	NA	susceptible	NA	NA	NA	susceptible	NA	NA	NA
562.23437	NA	resistant	susceptible	NA	NA	NA	NA	NA	NA	NA	susceptible	NA	NA	susceptible	NA	NA	susceptible	NA	susceptible	NA	NA	NA	NA	NA	susceptible	susceptible	NA	NA	NA	NA	NA	susceptible	NA	NA	NA	susceptible	NA	NA	NA
562.23436	NA	resistant	susceptible	NA	NA	NA	NA	NA	NA	NA	susceptible	NA	NA	susceptible	NA	NA	susceptible	NA	susceptible	NA	NA	NA	NA	NA	susceptible	susceptible	NA	NA	NA	NA	NA	susceptible	NA	NA	NA	susceptible	NA	NA	NA
562.23443	NA	susceptible	susceptible	NA	NA	NA	NA	NA	NA	NA	susceptible	NA	NA	susceptible	NA	NA	susceptible	NA	susceptible	NA	NA	NA	NA	NA	susceptible	susceptible	NA	NA	NA	NA	NA	susceptible	NA	NA	NA	susceptible	NA	NA	NA
562.23435	NA	resistant	resistant	NA	NA	NA	NA	NA	NA	NA	susceptible	NA	NA	susceptible	NA	NA	resistant	NA	resistant	NA	NA	NA	NA	NA	susceptible	susceptible	NA	NA	NA	NA	NA	intermediate	NA	NA	NA	susceptible	NA	NA	NA
562.23433	NA	resistant	resistant	NA	NA	NA	NA	NA	NA	NA	susceptible	NA	NA	susceptible	NA	NA	resistant	NA	susceptible	NA	NA	NA	NA	NA	susceptible	susceptible	NA	NA	NA	NA	NA	resistant	NA	NA	NA	susceptible	NA	NA	NA
562.23432	NA	susceptible	susceptible	NA	NA	NA	NA	NA	NA	NA	susceptible	NA	NA	susceptible	NA	NA	susceptible	NA	susceptible	NA	NA	NA	NA	NA	susceptible	susceptible	NA	NA	NA	NA	NA	susceptible	NA	NA	NA	susceptible	NA	NA	NA
562.23431	NA	resistant	resistant	NA	NA	NA	NA	NA	NA	NA	susceptible	NA	NA	susceptible	NA	NA	susceptible	NA	susceptible	NA	NA	NA	NA	NA	resistant	susceptible	NA	NA	NA	NA	NA	resistant	NA	NA	NA	susceptible	NA	NA	NA
562.2343	NA	resistant	resistant	NA	NA	NA	NA	NA	NA	NA	susceptible	NA	NA	susceptible	NA	NA	susceptible	NA	susceptible	NA	NA	NA	NA	NA	susceptible	susceptible	NA	NA	NA	NA	NA	susceptible	NA	NA	NA	susceptible	NA	NA	NA
562.23429	NA	resistant	susceptible	NA	NA	NA	NA	NA	NA	NA	susceptible	NA	NA	susceptible	NA	NA	susceptible	NA	susceptible	NA	NA	NA	NA	NA	susceptible	susceptible	NA	NA	NA	NA	NA	susceptible	NA	NA	NA	susceptible	NA	NA	NA
562.23428	NA	resistant	resistant	NA	NA	NA	NA	NA	NA	NA	resistant	NA	NA	resistant	NA	NA	resistant	NA	resistant	NA	NA	NA	NA	NA	susceptible	susceptible	NA	NA	NA	NA	NA	intermediate	NA	NA	NA	susceptible	NA	NA	NA
562.23427	NA	susceptible	susceptible	NA	NA	NA	NA	NA	NA	NA	susceptible	NA	NA	susceptible	NA	NA	susceptible	NA	susceptible	NA	NA	NA	NA	NA	susceptible	susceptible	NA	NA	NA	NA	NA	susceptible	NA	NA	NA	susceptible	NA	NA	NA
562.23434	NA	resistant	resistant	NA	NA	NA	NA	NA	NA	NA	susceptible	NA	NA	susceptible	NA	NA	susceptible	NA	resistant	NA	NA	NA	NA	NA	intermediate	susceptible	NA	NA	NA	NA	NA	resistant	NA	NA	NA	susceptible	NA	NA	NA
562.23444	NA	susceptible	susceptible	NA	NA	NA	NA	NA	NA	NA	susceptible	NA	NA	susceptible	NA	NA	susceptible	NA	susceptible	NA	NA	NA	NA	NA	susceptible	susceptible	NA	NA	NA	NA	NA	susceptible	NA	NA	NA	susceptible	NA	NA	NA
562.23445	NA	resistant	resistant	NA	NA	NA	NA	NA	NA	NA	susceptible	NA	NA	susceptible	NA	NA	susceptible	NA	susceptible	NA	NA	NA	NA	NA	susceptible	susceptible	NA	NA	NA	NA	NA	susceptible	NA	NA	NA	susceptible	NA	NA	NA
562.23446	NA	susceptible	susceptible	NA	NA	NA	NA	NA	NA	NA	susceptible	NA	NA	susceptible	NA	NA	susceptible	NA	susceptible	NA	NA	NA	NA	NA	susceptible	susceptible	NA	NA	NA	NA	NA	susceptible	NA	NA	NA	susceptible	NA	NA	NA
562.23463	NA	resistant	resistant	NA	NA	NA	NA	NA	NA	NA	resistant	NA	NA	intermediate	NA	NA	resistant	NA	resistant	NA	NA	NA	NA	NA	susceptible	susceptible	NA	NA	NA	NA	NA	intermediate	NA	NA	NA	susceptible	NA	NA	NA
562.23462	NA	resistant	susceptible	NA	NA	NA	NA	NA	NA	NA	susceptible	NA	NA	susceptible	NA	NA	susceptible	NA	resistant	NA	NA	NA	NA	NA	resistant	susceptible	NA	NA	NA	NA	NA	susceptible	NA	NA	NA	susceptible	NA	NA	NA
562.23461	NA	resistant	resistant	NA	NA	NA	NA	NA	NA	NA	resistant	NA	NA	intermediate	NA	NA	resistant	NA	resistant	NA	NA	NA	NA	NA	susceptible	susceptible	NA	NA	NA	NA	NA	resistant	NA	NA	NA	susceptible	NA	NA	NA
562.2346	NA	susceptible	susceptible	NA	NA	NA	NA	NA	NA	NA	susceptible	NA	NA	susceptible	NA	NA	susceptible	NA	susceptible	NA	NA	NA	NA	NA	susceptible	susceptible	NA	NA	NA	NA	NA	susceptible	NA	NA	NA	susceptible	NA	NA	NA
562.23459	NA	resistant	resistant	NA	NA	NA	NA	NA	NA	NA	susceptible	NA	NA	susceptible	NA	NA	susceptible	NA	susceptible	NA	NA	NA	NA	NA	resistant	susceptible	NA	NA	NA	NA	NA	susceptible	NA	NA	NA	susceptible	NA	NA	NA
562.23458	NA	resistant	resistant	NA	NA	NA	NA	NA	NA	NA	resistant	NA	NA	intermediate	NA	NA	resistant	NA	resistant	NA	NA	NA	NA	NA	susceptible	susceptible	NA	NA	NA	NA	NA	intermediate	NA	NA	NA	susceptible	NA	NA	NA
562.23457	NA	resistant	resistant	NA	NA	NA	NA	NA	NA	NA	resistant	NA	NA	resistant	NA	NA	resistant	NA	resistant	NA	NA	NA	NA	NA	resistant	susceptible	NA	NA	NA	NA	NA	intermediate	NA	NA	NA	susceptible	NA	NA	NA
562.23456	NA	susceptible	susceptible	NA	NA	NA	NA	NA	NA	NA	susceptible	NA	NA	susceptible	NA	NA	susceptible	NA	susceptible	NA	NA	NA	NA	NA	susceptible	susceptible	NA	NA	NA	NA	NA	susceptible	NA	NA	NA	susceptible	NA	NA	NA
562.23455	NA	resistant	resistant	NA	NA	NA	NA	NA	NA	NA	susceptible	NA	NA	susceptible	NA	NA	susceptible	NA	susceptible	NA	NA	NA	NA	NA	susceptible	susceptible	NA	NA	NA	NA	NA	resistant	NA	NA	NA	susceptible	NA	NA	NA
562.23454	NA	resistant	resistant	NA	NA	NA	NA	NA	NA	NA	resistant	NA	NA	intermediate	NA	NA	resistant	NA	resistant	NA	NA	NA	NA	NA	susceptible	susceptible	NA	NA	NA	NA	NA	intermediate	NA	NA	NA	susceptible	NA	NA	NA
562.23453	NA	susceptible	susceptible	NA	NA	NA	NA	NA	NA	NA	susceptible	NA	NA	susceptible	NA	NA	susceptible	NA	susceptible	NA	NA	NA	NA	NA	susceptible	susceptible	NA	NA	NA	NA	NA	susceptible	NA	NA	NA	susceptible	NA	NA	NA
562.23452	NA	resistant	resistant	NA	NA	NA	NA	NA	NA	NA	susceptible	NA	NA	susceptible	NA	NA	susceptible	NA	resistant	NA	NA	NA	NA	NA	susceptible	susceptible	NA	NA	NA	NA	NA	susceptible	NA	NA	NA	susceptible	NA	NA	NA
562.23451	NA	resistant	resistant	NA	NA	NA	NA	NA	NA	NA	resistant	NA	NA	resistant	NA	NA	resistant	NA	resistant	NA	NA	NA	NA	NA	susceptible	susceptible	NA	NA	NA	NA	NA	resistant	NA	NA	NA	susceptible	NA	NA	NA
562.2345	NA	resistant	susceptible	NA	NA	NA	NA	NA	NA	NA	susceptible	NA	NA	susceptible	NA	NA	susceptible	NA	susceptible	NA	NA	NA	NA	NA	susceptible	susceptible	NA	NA	NA	NA	NA	susceptible	NA	NA	NA	susceptible	NA	NA	NA
562.23449	NA	susceptible	susceptible	NA	NA	NA	NA	NA	NA	NA	susceptible	NA	NA	susceptible	NA	NA	susceptible	NA	susceptible	NA	NA	NA	NA	NA	susceptible	susceptible	NA	NA	NA	NA	NA	susceptible	NA	NA	NA	susceptible	NA	NA	NA
562.23448	NA	resistant	resistant	NA	NA	NA	NA	NA	NA	NA	susceptible	NA	NA	susceptible	NA	NA	susceptible	NA	susceptible	NA	NA	NA	NA	NA	susceptible	susceptible	NA	NA	NA	NA	NA	susceptible	NA	NA	NA	susceptible	NA	NA	NA
562.23447	NA	susceptible	susceptible	NA	NA	NA	NA	NA	NA	NA	susceptible	NA	NA	susceptible	NA	NA	susceptible	NA	susceptible	NA	NA	NA	NA	NA	susceptible	susceptible	NA	NA	NA	NA	NA	susceptible	NA	NA	NA	susceptible	NA	NA	NA
562.23426	NA	susceptible	susceptible	NA	NA	NA	NA	NA	NA	NA	susceptible	NA	NA	susceptible	NA	NA	susceptible	NA	susceptible	NA	NA	NA	NA	NA	susceptible	susceptible	NA	NA	NA	NA	NA	susceptible	NA	NA	NA	susceptible	NA	NA	NA
562.23425	NA	resistant	resistant	NA	NA	NA	NA	NA	NA	NA	susceptible	NA	NA	susceptible	NA	NA	susceptible	NA	susceptible	NA	NA	NA	NA	NA	susceptible	susceptible	NA	NA	NA	NA	NA	intermediate	NA	NA	NA	susceptible	NA	NA	NA
562.23424	NA	susceptible	susceptible	NA	NA	NA	NA	NA	NA	NA	susceptible	NA	NA	susceptible	NA	NA	susceptible	NA	susceptible	NA	NA	NA	NA	NA	susceptible	susceptible	NA	NA	NA	NA	NA	susceptible	NA	NA	NA	susceptible	NA	NA	NA
562.23423	NA	susceptible	susceptible	NA	NA	NA	NA	NA	NA	NA	susceptible	NA	NA	susceptible	NA	NA	susceptible	NA	susceptible	NA	NA	NA	NA	NA	susceptible	susceptible	NA	NA	NA	NA	NA	susceptible	NA	NA	NA	susceptible	NA	NA	NA
562.23401	NA	susceptible	susceptible	NA	NA	NA	NA	NA	NA	NA	susceptible	NA	NA	susceptible	NA	NA	susceptible	NA	susceptible	NA	NA	NA	NA	NA	susceptible	susceptible	NA	NA	NA	NA	NA	susceptible	NA	NA	NA	susceptible	NA	NA	NA
562.234	NA	resistant	susceptible	NA	NA	NA	NA	NA	NA	NA	susceptible	NA	NA	susceptible	NA	NA	susceptible	NA	susceptible	NA	NA	NA	NA	NA	susceptible	susceptible	NA	NA	NA	NA	NA	susceptible	NA	NA	NA	susceptible	NA	NA	NA
562.23399	NA	resistant	resistant	NA	NA	NA	NA	NA	NA	NA	susceptible	NA	NA	susceptible	NA	NA	resistant	NA	resistant	NA	NA	NA	NA	NA	susceptible	susceptible	NA	NA	NA	NA	NA	susceptible	NA	NA	NA	susceptible	NA	NA	NA
562.23398	NA	resistant	resistant	NA	NA	NA	NA	NA	NA	NA	resistant	NA	NA	resistant	NA	NA	resistant	NA	resistant	NA	NA	NA	NA	NA	resistant	susceptible	NA	NA	NA	NA	NA	intermediate	NA	NA	NA	susceptible	NA	NA	NA
562.23397	NA	susceptible	susceptible	NA	NA	NA	NA	NA	NA	NA	susceptible	NA	NA	susceptible	NA	NA	resistant	NA	susceptible	NA	NA	NA	NA	NA	intermediate	susceptible	NA	NA	NA	NA	NA	susceptible	NA	NA	NA	susceptible	NA	NA	NA
562.23396	NA	resistant	resistant	NA	NA	NA	NA	NA	NA	NA	resistant	NA	NA	resistant	NA	NA	resistant	NA	resistant	NA	NA	NA	NA	NA	susceptible	susceptible	NA	NA	NA	NA	NA	intermediate	NA	NA	NA	susceptible	NA	NA	NA
562.23395	NA	resistant	susceptible	NA	NA	NA	NA	NA	NA	NA	resistant	NA	NA	resistant	NA	NA	resistant	NA	resistant	NA	NA	NA	NA	NA	resistant	susceptible	NA	NA	NA	NA	NA	susceptible	NA	NA	NA	susceptible	NA	NA	NA
562.23394	NA	susceptible	susceptible	NA	NA	NA	NA	NA	NA	NA	susceptible	NA	NA	susceptible	NA	NA	susceptible	NA	susceptible	NA	NA	NA	NA	NA	susceptible	susceptible	NA	NA	NA	NA	NA	susceptible	NA	NA	NA	susceptible	NA	NA	NA
562.23393	NA	resistant	susceptible	NA	NA	NA	NA	NA	NA	NA	susceptible	NA	NA	susceptible	NA	NA	susceptible	NA	resistant	NA	NA	NA	NA	NA	resistant	susceptible	NA	NA	NA	NA	NA	susceptible	NA	NA	NA	susceptible	NA	NA	NA
562.23392	NA	resistant	resistant	NA	NA	NA	NA	NA	NA	NA	susceptible	NA	NA	susceptible	NA	NA	resistant	NA	susceptible	NA	NA	NA	NA	NA	susceptible	susceptible	NA	NA	NA	NA	NA	intermediate	NA	NA	NA	susceptible	NA	NA	NA
562.23391	NA	resistant	resistant	NA	NA	NA	NA	NA	NA	NA	resistant	NA	NA	resistant	NA	NA	resistant	NA	resistant	NA	NA	NA	NA	NA	resistant	susceptible	NA	NA	NA	NA	NA	resistant	NA	NA	NA	susceptible	NA	NA	NA
562.2339	NA	resistant	resistant	NA	NA	NA	NA	NA	NA	NA	susceptible	NA	NA	susceptible	NA	NA	resistant	NA	susceptible	NA	NA	NA	NA	NA	susceptible	susceptible	NA	NA	NA	NA	NA	susceptible	NA	NA	NA	susceptible	NA	NA	NA
562.23389	NA	resistant	susceptible	NA	NA	NA	NA	NA	NA	NA	susceptible	NA	NA	susceptible	NA	NA	susceptible	NA	susceptible	NA	NA	NA	NA	NA	resistant	susceptible	NA	NA	NA	NA	NA	susceptible	NA	NA	NA	susceptible	NA	NA	NA
562.23388	NA	susceptible	susceptible	NA	NA	NA	NA	NA	NA	NA	susceptible	NA	NA	susceptible	NA	NA	susceptible	NA	susceptible	NA	NA	NA	NA	NA	susceptible	susceptible	NA	NA	NA	NA	NA	susceptible	NA	NA	NA	susceptible	NA	NA	NA
562.23387	NA	resistant	resistant	NA	NA	NA	NA	NA	NA	NA	susceptible	NA	NA	susceptible	NA	NA	resistant	NA	resistant	NA	NA	NA	NA	NA	susceptible	susceptible	NA	NA	NA	NA	NA	susceptible	NA	NA	NA	susceptible	NA	NA	NA
562.23386	NA	resistant	resistant	NA	NA	NA	NA	NA	NA	NA	susceptible	NA	NA	susceptible	NA	NA	susceptible	NA	susceptible	NA	NA	NA	NA	NA	susceptible	susceptible	NA	NA	NA	NA	NA	susceptible	NA	NA	NA	susceptible	NA	NA	NA
562.23385	NA	resistant	resistant	NA	NA	NA	NA	NA	NA	NA	susceptible	NA	NA	susceptible	NA	NA	resistant	NA	resistant	NA	NA	NA	NA	NA	susceptible	susceptible	NA	NA	NA	NA	NA	resistant	NA	NA	NA	susceptible	NA	NA	NA
562.23402	NA	resistant	resistant	NA	NA	NA	NA	NA	NA	NA	susceptible	NA	NA	susceptible	NA	NA	susceptible	NA	susceptible	NA	NA	NA	NA	NA	susceptible	susceptible	NA	NA	NA	NA	NA	susceptible	NA	NA	NA	susceptible	NA	NA	NA
562.23464	NA	resistant	resistant	NA	NA	NA	NA	NA	NA	NA	susceptible	NA	NA	susceptible	NA	NA	resistant	NA	susceptible	NA	NA	NA	NA	NA	susceptible	susceptible	NA	NA	NA	NA	NA	susceptible	NA	NA	NA	susceptible	NA	NA	NA
562.23403	NA	resistant	resistant	NA	NA	NA	NA	NA	NA	NA	resistant	NA	NA	resistant	NA	NA	resistant	NA	resistant	NA	NA	NA	NA	NA	resistant	susceptible	NA	NA	NA	NA	NA	intermediate	NA	NA	NA	susceptible	NA	NA	NA
562.23405	NA	resistant	resistant	NA	NA	NA	NA	NA	NA	NA	susceptible	NA	NA	susceptible	NA	NA	susceptible	NA	susceptible	NA	NA	NA	NA	NA	intermediate	susceptible	NA	NA	NA	NA	NA	susceptible	NA	NA	NA	susceptible	NA	NA	NA
562.23422	NA	susceptible	susceptible	NA	NA	NA	NA	NA	NA	NA	susceptible	NA	NA	susceptible	NA	NA	susceptible	NA	susceptible	NA	NA	NA	NA	NA	susceptible	susceptible	NA	NA	NA	NA	NA	susceptible	NA	NA	NA	susceptible	NA	NA	NA
562.23421	NA	susceptible	susceptible	NA	NA	NA	NA	NA	NA	NA	susceptible	NA	NA	susceptible	NA	NA	susceptible	NA	susceptible	NA	NA	NA	NA	NA	susceptible	susceptible	NA	NA	NA	NA	NA	susceptible	NA	NA	NA	susceptible	NA	NA	NA
562.2342	NA	resistant	susceptible	NA	NA	NA	NA	NA	NA	NA	susceptible	NA	NA	susceptible	NA	NA	susceptible	NA	susceptible	NA	NA	NA	NA	NA	susceptible	susceptible	NA	NA	NA	NA	NA	susceptible	NA	NA	NA	susceptible	NA	NA	NA
562.23419	NA	susceptible	susceptible	NA	NA	NA	NA	NA	NA	NA	susceptible	NA	NA	susceptible	NA	NA	susceptible	NA	susceptible	NA	NA	NA	NA	NA	susceptible	susceptible	NA	NA	NA	NA	NA	susceptible	NA	NA	NA	susceptible	NA	NA	NA
562.23418	NA	resistant	resistant	NA	NA	NA	NA	NA	NA	NA	susceptible	NA	NA	susceptible	NA	NA	susceptible	NA	susceptible	NA	NA	NA	NA	NA	susceptible	susceptible	NA	NA	NA	NA	NA	susceptible	NA	NA	NA	susceptible	NA	NA	NA
562.23417	NA	susceptible	susceptible	NA	NA	NA	NA	NA	NA	NA	susceptible	NA	NA	susceptible	NA	NA	susceptible	NA	susceptible	NA	NA	NA	NA	NA	susceptible	susceptible	NA	NA	NA	NA	NA	susceptible	NA	NA	NA	susceptible	NA	NA	NA
562.23416	NA	susceptible	susceptible	NA	NA	NA	NA	NA	NA	NA	susceptible	NA	NA	susceptible	NA	NA	resistant	NA	susceptible	NA	NA	NA	NA	NA	susceptible	susceptible	NA	NA	NA	NA	NA	susceptible	NA	NA	NA	susceptible	NA	NA	NA
562.23415	NA	resistant	susceptible	NA	NA	NA	NA	NA	NA	NA	susceptible	NA	NA	susceptible	NA	NA	susceptible	NA	susceptible	NA	NA	NA	NA	NA	susceptible	susceptible	NA	NA	NA	NA	NA	susceptible	NA	NA	NA	susceptible	NA	NA	NA
562.23414	NA	susceptible	susceptible	NA	NA	NA	NA	NA	NA	NA	susceptible	NA	NA	susceptible	NA	NA	susceptible	NA	susceptible	NA	NA	NA	NA	NA	susceptible	susceptible	NA	NA	NA	NA	NA	susceptible	NA	NA	NA	susceptible	NA	NA	NA
562.23413	NA	resistant	resistant	NA	NA	NA	NA	NA	NA	NA	resistant	NA	NA	resistant	NA	NA	resistant	NA	resistant	NA	NA	NA	NA	NA	resistant	susceptible	NA	NA	NA	NA	NA	susceptible	NA	NA	NA	susceptible	NA	NA	NA
562.23412	NA	resistant	susceptible	NA	NA	NA	NA	NA	NA	NA	susceptible	NA	NA	susceptible	NA	NA	susceptible	NA	susceptible	NA	NA	NA	NA	NA	susceptible	susceptible	NA	NA	NA	NA	NA	susceptible	NA	NA	NA	susceptible	NA	NA	NA
562.23411	NA	susceptible	susceptible	NA	NA	NA	NA	NA	NA	NA	susceptible	NA	NA	susceptible	NA	NA	susceptible	NA	susceptible	NA	NA	NA	NA	NA	susceptible	susceptible	NA	NA	NA	NA	NA	susceptible	NA	NA	NA	susceptible	NA	NA	NA
562.2341	NA	resistant	resistant	NA	NA	NA	NA	NA	NA	NA	susceptible	NA	NA	susceptible	NA	NA	resistant	NA	resistant	NA	NA	NA	NA	NA	susceptible	susceptible	NA	NA	NA	NA	NA	susceptible	NA	NA	NA	susceptible	NA	NA	NA
562.23409	NA	susceptible	susceptible	NA	NA	NA	NA	NA	NA	NA	susceptible	NA	NA	susceptible	NA	NA	susceptible	NA	susceptible	NA	NA	NA	NA	NA	susceptible	susceptible	NA	NA	NA	NA	NA	susceptible	NA	NA	NA	susceptible	NA	NA	NA
562.23408	NA	resistant	resistant	NA	NA	NA	NA	NA	NA	NA	susceptible	NA	NA	susceptible	NA	NA	susceptible	NA	susceptible	NA	NA	NA	NA	NA	susceptible	susceptible	NA	NA	NA	NA	NA	susceptible	NA	NA	NA	susceptible	NA	NA	NA
562.23407	NA	susceptible	susceptible	NA	NA	NA	NA	NA	NA	NA	susceptible	NA	NA	susceptible	NA	NA	susceptible	NA	susceptible	NA	NA	NA	NA	NA	susceptible	susceptible	NA	NA	NA	NA	NA	susceptible	NA	NA	NA	susceptible	NA	NA	NA
562.23406	NA	resistant	susceptible	NA	NA	NA	NA	NA	NA	NA	susceptible	NA	NA	susceptible	NA	NA	susceptible	NA	susceptible	NA	NA	NA	NA	NA	susceptible	susceptible	NA	NA	NA	NA	NA	susceptible	NA	NA	NA	susceptible	NA	NA	NA
562.23404	NA	resistant	susceptible	NA	NA	NA	NA	NA	NA	NA	susceptible	NA	NA	susceptible	NA	NA	resistant	NA	susceptible	NA	NA	NA	NA	NA	intermediate	susceptible	NA	NA	NA	NA	NA	susceptible	NA	NA	NA	susceptible	NA	NA	NA
562.23465	NA	resistant	susceptible	NA	NA	NA	NA	NA	NA	NA	susceptible	NA	NA	susceptible	NA	NA	susceptible	NA	susceptible	NA	NA	NA	NA	NA	susceptible	susceptible	NA	NA	NA	NA	NA	susceptible	NA	NA	NA	susceptible	NA	NA	NA
562.23466	NA	resistant	susceptible	NA	NA	NA	NA	NA	NA	NA	susceptible	NA	NA	susceptible	NA	NA	susceptible	NA	susceptible	NA	NA	NA	NA	NA	intermediate	susceptible	NA	NA	NA	NA	NA	susceptible	NA	NA	NA	susceptible	NA	NA	NA
562.23467	NA	resistant	resistant	NA	NA	NA	NA	NA	NA	NA	susceptible	NA	NA	susceptible	NA	NA	susceptible	NA	susceptible	NA	NA	NA	NA	NA	susceptible	susceptible	NA	NA	NA	NA	NA	susceptible	NA	NA	NA	susceptible	NA	NA	NA
562.23526	NA	resistant	resistant	NA	NA	NA	NA	NA	NA	NA	susceptible	NA	NA	susceptible	NA	NA	susceptible	NA	susceptible	NA	NA	NA	NA	NA	susceptible	susceptible	NA	NA	NA	NA	NA	intermediate	NA	NA	NA	susceptible	NA	NA	NA
562.23525	NA	resistant	resistant	NA	NA	NA	NA	NA	NA	NA	susceptible	NA	NA	susceptible	NA	NA	susceptible	NA	susceptible	NA	NA	NA	NA	NA	susceptible	susceptible	NA	NA	NA	NA	NA	susceptible	NA	NA	NA	susceptible	NA	NA	NA
562.23524	NA	resistant	resistant	NA	NA	NA	NA	NA	NA	NA	susceptible	NA	NA	susceptible	NA	NA	susceptible	NA	susceptible	NA	NA	NA	NA	NA	susceptible	susceptible	NA	NA	NA	NA	NA	susceptible	NA	NA	NA	susceptible	NA	NA	NA
562.23523	NA	resistant	resistant	NA	NA	NA	NA	NA	NA	NA	susceptible	NA	NA	susceptible	NA	NA	resistant	NA	susceptible	NA	NA	NA	NA	NA	susceptible	susceptible	NA	NA	NA	NA	NA	intermediate	NA	NA	NA	susceptible	NA	NA	NA
562.23522	NA	resistant	susceptible	NA	NA	NA	NA	NA	NA	NA	susceptible	NA	NA	susceptible	NA	NA	resistant	NA	susceptible	NA	NA	NA	NA	NA	susceptible	susceptible	NA	NA	NA	NA	NA	susceptible	NA	NA	NA	susceptible	NA	NA	NA
562.23521	NA	resistant	susceptible	NA	NA	NA	NA	NA	NA	NA	susceptible	NA	NA	susceptible	NA	NA	susceptible	NA	susceptible	NA	NA	NA	NA	NA	susceptible	susceptible	NA	NA	NA	NA	NA	susceptible	NA	NA	NA	susceptible	NA	NA	NA
562.2352	NA	susceptible	susceptible	NA	NA	NA	NA	NA	NA	NA	susceptible	NA	NA	susceptible	NA	NA	susceptible	NA	susceptible	NA	NA	NA	NA	NA	susceptible	susceptible	NA	NA	NA	NA	NA	susceptible	NA	NA	NA	susceptible	NA	NA	NA
562.23519	NA	susceptible	susceptible	NA	NA	NA	NA	NA	NA	NA	susceptible	NA	NA	susceptible	NA	NA	susceptible	NA	susceptible	NA	NA	NA	NA	NA	susceptible	susceptible	NA	NA	NA	NA	NA	susceptible	NA	NA	NA	susceptible	NA	NA	NA
562.23518	NA	susceptible	susceptible	NA	NA	NA	NA	NA	NA	NA	susceptible	NA	NA	susceptible	NA	NA	susceptible	NA	susceptible	NA	NA	NA	NA	NA	susceptible	susceptible	NA	NA	NA	NA	NA	susceptible	NA	NA	NA	susceptible	NA	NA	NA
562.23517	NA	susceptible	susceptible	NA	NA	NA	NA	NA	NA	NA	susceptible	NA	NA	susceptible	NA	NA	susceptible	NA	susceptible	NA	NA	NA	NA	NA	susceptible	susceptible	NA	NA	NA	NA	NA	susceptible	NA	NA	NA	susceptible	NA	NA	NA
562.23516	NA	susceptible	susceptible	NA	NA	NA	NA	NA	NA	NA	susceptible	NA	NA	susceptible	NA	NA	susceptible	NA	susceptible	NA	NA	NA	NA	NA	susceptible	susceptible	NA	NA	NA	NA	NA	susceptible	NA	NA	NA	susceptible	NA	NA	NA
562.23515	NA	resistant	susceptible	NA	NA	NA	NA	NA	NA	NA	susceptible	NA	NA	susceptible	NA	NA	susceptible	NA	susceptible	NA	NA	NA	NA	NA	susceptible	susceptible	NA	NA	NA	NA	NA	susceptible	NA	NA	NA	susceptible	NA	NA	NA
562.23514	NA	resistant	susceptible	NA	NA	NA	NA	NA	NA	NA	susceptible	NA	NA	susceptible	NA	NA	susceptible	NA	susceptible	NA	NA	NA	NA	NA	susceptible	susceptible	NA	NA	NA	NA	NA	susceptible	NA	NA	NA	susceptible	NA	NA	NA
562.23513	NA	resistant	resistant	NA	NA	NA	NA	NA	NA	NA	susceptible	NA	NA	susceptible	NA	NA	susceptible	NA	susceptible	NA	NA	NA	NA	NA	susceptible	susceptible	NA	NA	NA	NA	NA	resistant	NA	NA	NA	susceptible	NA	NA	NA
562.23512	NA	susceptible	susceptible	NA	NA	NA	NA	NA	NA	NA	susceptible	NA	NA	susceptible	NA	NA	susceptible	NA	susceptible	NA	NA	NA	NA	NA	susceptible	susceptible	NA	NA	NA	NA	NA	susceptible	NA	NA	NA	susceptible	NA	NA	NA
562.23511	NA	susceptible	susceptible	NA	NA	NA	NA	NA	NA	NA	susceptible	NA	NA	susceptible	NA	NA	susceptible	NA	susceptible	NA	NA	NA	NA	NA	susceptible	susceptible	NA	NA	NA	NA	NA	susceptible	NA	NA	NA	susceptible	NA	NA	NA
562.2351	NA	susceptible	susceptible	NA	NA	NA	NA	NA	NA	NA	susceptible	NA	NA	susceptible	NA	NA	susceptible	NA	susceptible	NA	NA	NA	NA	NA	susceptible	susceptible	NA	NA	NA	NA	NA	susceptible	NA	NA	NA	susceptible	NA	NA	NA
562.23527	NA	resistant	susceptible	NA	NA	NA	NA	NA	NA	NA	susceptible	NA	NA	susceptible	NA	NA	susceptible	NA	susceptible	NA	NA	NA	NA	NA	susceptible	susceptible	NA	NA	NA	NA	NA	susceptible	NA	NA	NA	susceptible	NA	NA	NA
562.23509	NA	resistant	susceptible	NA	NA	NA	NA	NA	NA	NA	susceptible	NA	NA	susceptible	NA	NA	susceptible	NA	susceptible	NA	NA	NA	NA	NA	susceptible	susceptible	NA	NA	NA	NA	NA	susceptible	NA	NA	NA	susceptible	NA	NA	NA
562.23528	NA	resistant	resistant	NA	NA	NA	NA	NA	NA	NA	susceptible	NA	NA	susceptible	NA	NA	susceptible	NA	susceptible	NA	NA	NA	NA	NA	susceptible	susceptible	NA	NA	NA	NA	NA	susceptible	NA	NA	NA	susceptible	NA	NA	NA
562.2353	NA	resistant	resistant	NA	NA	NA	NA	NA	NA	NA	susceptible	NA	NA	susceptible	NA	NA	susceptible	NA	resistant	NA	NA	NA	NA	NA	susceptible	susceptible	NA	NA	NA	NA	NA	susceptible	NA	NA	NA	susceptible	NA	NA	NA
562.23547	NA	resistant	susceptible	NA	NA	NA	NA	NA	NA	NA	susceptible	NA	NA	susceptible	NA	NA	susceptible	NA	susceptible	NA	NA	NA	NA	NA	susceptible	susceptible	NA	NA	NA	NA	NA	susceptible	NA	NA	NA	susceptible	NA	NA	NA
562.23546	NA	susceptible	susceptible	NA	NA	NA	NA	NA	NA	NA	susceptible	NA	NA	susceptible	NA	NA	susceptible	NA	susceptible	NA	NA	NA	NA	NA	susceptible	susceptible	NA	NA	NA	NA	NA	susceptible	NA	NA	NA	susceptible	NA	NA	NA
562.23545	NA	resistant	susceptible	NA	NA	NA	NA	NA	NA	NA	susceptible	NA	NA	susceptible	NA	NA	susceptible	NA	susceptible	NA	NA	NA	NA	NA	susceptible	susceptible	NA	NA	NA	NA	NA	susceptible	NA	NA	NA	susceptible	NA	NA	NA
562.23544	NA	resistant	susceptible	NA	NA	NA	NA	NA	NA	NA	susceptible	NA	NA	susceptible	NA	NA	susceptible	NA	susceptible	NA	NA	NA	NA	NA	susceptible	susceptible	NA	NA	NA	NA	NA	susceptible	NA	NA	NA	susceptible	NA	NA	NA
562.23543	NA	resistant	susceptible	NA	NA	NA	NA	NA	NA	NA	susceptible	NA	NA	susceptible	NA	NA	susceptible	NA	susceptible	NA	NA	NA	NA	NA	susceptible	susceptible	NA	NA	NA	NA	NA	susceptible	NA	NA	NA	susceptible	NA	NA	NA
562.23542	NA	resistant	resistant	NA	NA	NA	NA	NA	NA	NA	susceptible	NA	NA	susceptible	NA	NA	susceptible	NA	resistant	NA	NA	NA	NA	NA	susceptible	susceptible	NA	NA	NA	NA	NA	susceptible	NA	NA	NA	susceptible	NA	NA	NA
562.23541	NA	susceptible	susceptible	NA	NA	NA	NA	NA	NA	NA	susceptible	NA	NA	susceptible	NA	NA	susceptible	NA	susceptible	NA	NA	NA	NA	NA	susceptible	susceptible	NA	NA	NA	NA	NA	susceptible	NA	NA	NA	susceptible	NA	NA	NA
562.2354	NA	resistant	resistant	NA	NA	NA	NA	NA	NA	NA	susceptible	NA	NA	susceptible	NA	NA	resistant	NA	susceptible	NA	NA	NA	NA	NA	susceptible	susceptible	NA	NA	NA	NA	NA	susceptible	NA	NA	NA	susceptible	NA	NA	NA
562.23539	NA	resistant	susceptible	NA	NA	NA	NA	NA	NA	NA	susceptible	NA	NA	susceptible	NA	NA	susceptible	NA	resistant	NA	NA	NA	NA	NA	susceptible	susceptible	NA	NA	NA	NA	NA	susceptible	NA	NA	NA	susceptible	NA	NA	NA
562.23538	NA	resistant	susceptible	NA	NA	NA	NA	NA	NA	NA	susceptible	NA	NA	susceptible	NA	NA	susceptible	NA	susceptible	NA	NA	NA	NA	NA	susceptible	susceptible	NA	NA	NA	NA	NA	susceptible	NA	NA	NA	susceptible	NA	NA	NA
562.23537	NA	resistant	susceptible	NA	NA	NA	NA	NA	NA	NA	susceptible	NA	NA	susceptible	NA	NA	resistant	NA	susceptible	NA	NA	NA	NA	NA	susceptible	susceptible	NA	NA	NA	NA	NA	susceptible	NA	NA	NA	susceptible	NA	NA	NA
562.23536	NA	resistant	resistant	NA	NA	NA	NA	NA	NA	NA	susceptible	NA	NA	susceptible	NA	NA	susceptible	NA	susceptible	NA	NA	NA	NA	NA	resistant	susceptible	NA	NA	NA	NA	NA	susceptible	NA	NA	NA	susceptible	NA	NA	NA
562.23535	NA	resistant	susceptible	NA	NA	NA	NA	NA	NA	NA	resistant	NA	NA	susceptible	NA	NA	resistant	NA	susceptible	NA	NA	NA	NA	NA	susceptible	susceptible	NA	NA	NA	NA	NA	susceptible	NA	NA	NA	susceptible	NA	NA	NA
562.23534	NA	susceptible	susceptible	NA	NA	NA	NA	NA	NA	NA	susceptible	NA	NA	susceptible	NA	NA	susceptible	NA	susceptible	NA	NA	NA	NA	NA	susceptible	susceptible	NA	NA	NA	NA	NA	susceptible	NA	NA	NA	susceptible	NA	NA	NA
562.23533	NA	susceptible	susceptible	NA	NA	NA	NA	NA	NA	NA	susceptible	NA	NA	susceptible	NA	NA	susceptible	NA	susceptible	NA	NA	NA	NA	NA	susceptible	susceptible	NA	NA	NA	NA	NA	susceptible	NA	NA	NA	susceptible	NA	NA	NA
562.23532	NA	resistant	resistant	NA	NA	NA	NA	NA	NA	NA	susceptible	NA	NA	susceptible	NA	NA	susceptible	NA	resistant	NA	NA	NA	NA	NA	susceptible	susceptible	NA	NA	NA	NA	NA	resistant	NA	NA	NA	susceptible	NA	NA	NA
562.23531	NA	resistant	susceptible	NA	NA	NA	NA	NA	NA	NA	susceptible	NA	NA	susceptible	NA	NA	susceptible	NA	susceptible	NA	NA	NA	NA	NA	susceptible	susceptible	NA	NA	NA	NA	NA	susceptible	NA	NA	NA	susceptible	NA	NA	NA
562.23529	NA	resistant	resistant	NA	NA	NA	NA	NA	NA	NA	susceptible	NA	NA	susceptible	NA	NA	susceptible	NA	susceptible	NA	NA	NA	NA	NA	susceptible	susceptible	NA	NA	NA	NA	NA	susceptible	NA	NA	NA	susceptible	NA	NA	NA
562.23549	NA	susceptible	susceptible	NA	NA	NA	NA	NA	NA	NA	susceptible	NA	NA	susceptible	NA	NA	susceptible	NA	susceptible	NA	NA	NA	NA	NA	susceptible	susceptible	NA	NA	NA	NA	NA	susceptible	NA	NA	NA	susceptible	NA	NA	NA
562.23508	NA	resistant	resistant	NA	NA	NA	NA	NA	NA	NA	resistant	NA	NA	resistant	NA	NA	resistant	NA	resistant	NA	NA	NA	NA	NA	susceptible	susceptible	NA	NA	NA	NA	NA	susceptible	NA	NA	NA	susceptible	NA	NA	NA
562.23506	NA	resistant	susceptible	NA	NA	NA	NA	NA	NA	NA	susceptible	NA	NA	susceptible	NA	NA	susceptible	NA	susceptible	NA	NA	NA	NA	NA	susceptible	susceptible	NA	NA	NA	NA	NA	susceptible	NA	NA	NA	susceptible	NA	NA	NA
562.23484	NA	resistant	susceptible	NA	NA	NA	NA	NA	NA	NA	susceptible	NA	NA	susceptible	NA	NA	susceptible	NA	susceptible	NA	NA	NA	NA	NA	susceptible	susceptible	NA	NA	NA	NA	NA	susceptible	NA	NA	NA	susceptible	NA	NA	NA
562.23483	NA	resistant	resistant	NA	NA	NA	NA	NA	NA	NA	susceptible	NA	NA	susceptible	NA	NA	susceptible	NA	susceptible	NA	NA	NA	NA	NA	susceptible	susceptible	NA	NA	NA	NA	NA	resistant	NA	NA	NA	susceptible	NA	NA	NA
562.23482	NA	susceptible	susceptible	NA	NA	NA	NA	NA	NA	NA	susceptible	NA	NA	susceptible	NA	NA	susceptible	NA	susceptible	NA	NA	NA	NA	NA	susceptible	susceptible	NA	NA	NA	NA	NA	susceptible	NA	NA	NA	susceptible	NA	NA	NA
562.23481	NA	resistant	susceptible	NA	NA	NA	NA	NA	NA	NA	susceptible	NA	NA	susceptible	NA	NA	susceptible	NA	resistant	NA	NA	NA	NA	NA	susceptible	susceptible	NA	NA	NA	NA	NA	susceptible	NA	NA	NA	susceptible	NA	NA	NA
562.2348	NA	susceptible	susceptible	NA	NA	NA	NA	NA	NA	NA	susceptible	NA	NA	susceptible	NA	NA	susceptible	NA	resistant	NA	NA	NA	NA	NA	resistant	susceptible	NA	NA	NA	NA	NA	susceptible	NA	NA	NA	susceptible	NA	NA	NA
562.23479	NA	resistant	susceptible	NA	NA	NA	NA	NA	NA	NA	susceptible	NA	NA	susceptible	NA	NA	susceptible	NA	susceptible	NA	NA	NA	NA	NA	susceptible	susceptible	NA	NA	NA	NA	NA	susceptible	NA	NA	NA	susceptible	NA	NA	NA
562.23478	NA	resistant	resistant	NA	NA	NA	NA	NA	NA	NA	susceptible	NA	NA	susceptible	NA	NA	susceptible	NA	resistant	NA	NA	NA	NA	NA	resistant	susceptible	NA	NA	NA	NA	NA	resistant	NA	NA	NA	susceptible	NA	NA	NA
562.23477	NA	resistant	susceptible	NA	NA	NA	NA	NA	NA	NA	susceptible	NA	NA	susceptible	NA	NA	susceptible	NA	susceptible	NA	NA	NA	NA	NA	susceptible	susceptible	NA	NA	NA	NA	NA	susceptible	NA	NA	NA	susceptible	NA	NA	NA
562.23476	NA	resistant	susceptible	NA	NA	NA	NA	NA	NA	NA	susceptible	NA	NA	susceptible	NA	NA	susceptible	NA	susceptible	NA	NA	NA	NA	NA	susceptible	susceptible	NA	NA	NA	NA	NA	susceptible	NA	NA	NA	susceptible	NA	NA	NA
562.23475	NA	resistant	susceptible	NA	NA	NA	NA	NA	NA	NA	susceptible	NA	NA	susceptible	NA	NA	susceptible	NA	susceptible	NA	NA	NA	NA	NA	susceptible	susceptible	NA	NA	NA	NA	NA	susceptible	NA	NA	NA	susceptible	NA	NA	NA
562.23474	NA	resistant	resistant	NA	NA	NA	NA	NA	NA	NA	susceptible	NA	NA	susceptible	NA	NA	susceptible	NA	resistant	NA	NA	NA	NA	NA	susceptible	susceptible	NA	NA	NA	NA	NA	susceptible	NA	NA	NA	susceptible	NA	NA	NA
562.23473	NA	resistant	resistant	NA	NA	NA	NA	NA	NA	NA	susceptible	NA	NA	susceptible	NA	NA	susceptible	NA	susceptible	NA	NA	NA	NA	NA	susceptible	susceptible	NA	NA	NA	NA	NA	susceptible	NA	NA	NA	susceptible	NA	NA	NA
562.23472	NA	resistant	resistant	NA	NA	NA	NA	NA	NA	NA	susceptible	NA	NA	susceptible	NA	NA	susceptible	NA	susceptible	NA	NA	NA	NA	NA	susceptible	susceptible	NA	NA	NA	NA	NA	susceptible	NA	NA	NA	susceptible	NA	NA	NA
562.23471	NA	resistant	susceptible	NA	NA	NA	NA	NA	NA	NA	susceptible	NA	NA	susceptible	NA	NA	susceptible	NA	susceptible	NA	NA	NA	NA	NA	susceptible	susceptible	NA	NA	NA	NA	NA	susceptible	NA	NA	NA	susceptible	NA	NA	NA
562.2347	NA	resistant	resistant	NA	NA	NA	NA	NA	NA	NA	susceptible	NA	NA	susceptible	NA	NA	resistant	NA	resistant	NA	NA	NA	NA	NA	susceptible	resistant	NA	NA	NA	NA	NA	resistant	NA	NA	NA	susceptible	NA	NA	NA
562.23469	NA	resistant	resistant	NA	NA	NA	NA	NA	NA	NA	susceptible	NA	NA	susceptible	NA	NA	susceptible	NA	susceptible	NA	NA	NA	NA	NA	susceptible	susceptible	NA	NA	NA	NA	NA	susceptible	NA	NA	NA	susceptible	NA	NA	NA
562.23468	NA	susceptible	susceptible	NA	NA	NA	NA	NA	NA	NA	susceptible	NA	NA	susceptible	NA	NA	susceptible	NA	susceptible	NA	NA	NA	NA	NA	susceptible	susceptible	NA	NA	NA	NA	NA	susceptible	NA	NA	NA	susceptible	NA	NA	NA
562.23485	NA	resistant	resistant	NA	NA	NA	NA	NA	NA	NA	susceptible	NA	NA	susceptible	NA	NA	susceptible	NA	susceptible	NA	NA	NA	NA	NA	susceptible	susceptible	NA	NA	NA	NA	NA	susceptible	NA	NA	NA	susceptible	NA	NA	NA
562.23507	NA	resistant	resistant	NA	NA	NA	NA	NA	NA	NA	resistant	NA	NA	resistant	NA	NA	resistant	NA	resistant	NA	NA	NA	NA	NA	susceptible	susceptible	NA	NA	NA	NA	NA	susceptible	NA	NA	NA	susceptible	NA	NA	NA
562.23486	NA	resistant	resistant	NA	NA	NA	NA	NA	NA	NA	susceptible	NA	NA	susceptible	NA	NA	susceptible	NA	resistant	NA	NA	NA	NA	NA	resistant	susceptible	NA	NA	NA	NA	NA	susceptible	NA	NA	NA	susceptible	NA	NA	NA
562.23488	NA	resistant	resistant	NA	NA	NA	NA	NA	NA	NA	resistant	NA	NA	resistant	NA	NA	resistant	NA	resistant	NA	NA	NA	NA	NA	resistant	susceptible	NA	NA	NA	NA	NA	susceptible	NA	NA	NA	susceptible	NA	NA	NA
562.23505	NA	resistant	resistant	NA	NA	NA	NA	NA	NA	NA	resistant	NA	NA	intermediate	NA	NA	resistant	NA	resistant	NA	NA	NA	NA	NA	susceptible	susceptible	NA	NA	NA	NA	NA	intermediate	NA	NA	NA	susceptible	NA	NA	NA
562.23504	NA	resistant	resistant	NA	NA	NA	NA	NA	NA	NA	susceptible	NA	NA	susceptible	NA	NA	susceptible	NA	susceptible	NA	NA	NA	NA	NA	susceptible	susceptible	NA	NA	NA	NA	NA	susceptible	NA	NA	NA	susceptible	NA	NA	NA
562.23503	NA	resistant	susceptible	NA	NA	NA	NA	NA	NA	NA	susceptible	NA	NA	susceptible	NA	NA	susceptible	NA	susceptible	NA	NA	NA	NA	NA	susceptible	susceptible	NA	NA	NA	NA	NA	susceptible	NA	NA	NA	susceptible	NA	NA	NA
562.23502	NA	susceptible	susceptible	NA	NA	NA	NA	NA	NA	NA	susceptible	NA	NA	susceptible	NA	NA	susceptible	NA	susceptible	NA	NA	NA	NA	NA	susceptible	susceptible	NA	NA	NA	NA	NA	susceptible	NA	NA	NA	susceptible	NA	NA	NA
562.23501	NA	resistant	resistant	NA	NA	NA	NA	NA	NA	NA	resistant	NA	NA	resistant	NA	NA	resistant	NA	resistant	NA	NA	NA	NA	NA	susceptible	susceptible	NA	NA	NA	NA	NA	resistant	NA	NA	NA	susceptible	NA	NA	NA
562.235	NA	resistant	susceptible	NA	NA	NA	NA	NA	NA	NA	susceptible	NA	NA	susceptible	NA	NA	susceptible	NA	susceptible	NA	NA	NA	NA	NA	susceptible	susceptible	NA	NA	NA	NA	NA	susceptible	NA	NA	NA	susceptible	NA	NA	NA
562.23499	NA	resistant	susceptible	NA	NA	NA	NA	NA	NA	NA	susceptible	NA	NA	susceptible	NA	NA	resistant	NA	resistant	NA	NA	NA	NA	NA	susceptible	susceptible	NA	NA	NA	NA	NA	susceptible	NA	NA	NA	susceptible	NA	NA	NA
562.23498	NA	resistant	susceptible	NA	NA	NA	NA	NA	NA	NA	susceptible	NA	NA	susceptible	NA	NA	susceptible	NA	susceptible	NA	NA	NA	NA	NA	susceptible	susceptible	NA	NA	NA	NA	NA	susceptible	NA	NA	NA	susceptible	NA	NA	NA
562.23497	NA	resistant	susceptible	NA	NA	NA	NA	NA	NA	NA	susceptible	NA	NA	susceptible	NA	NA	susceptible	NA	susceptible	NA	NA	NA	NA	NA	susceptible	susceptible	NA	NA	NA	NA	NA	susceptible	NA	NA	NA	susceptible	NA	NA	NA
562.23496	NA	resistant	resistant	NA	NA	NA	NA	NA	NA	NA	susceptible	NA	NA	susceptible	NA	NA	susceptible	NA	susceptible	NA	NA	NA	NA	NA	susceptible	susceptible	NA	NA	NA	NA	NA	susceptible	NA	NA	NA	susceptible	NA	NA	NA
562.23495	NA	susceptible	susceptible	NA	NA	NA	NA	NA	NA	NA	susceptible	NA	NA	susceptible	NA	NA	susceptible	NA	susceptible	NA	NA	NA	NA	NA	susceptible	susceptible	NA	NA	NA	NA	NA	susceptible	NA	NA	NA	susceptible	NA	NA	NA
562.23494	NA	resistant	resistant	NA	NA	NA	NA	NA	NA	NA	resistant	NA	NA	resistant	NA	NA	resistant	NA	resistant	NA	NA	NA	NA	NA	resistant	intermediate	NA	NA	NA	NA	NA	intermediate	NA	NA	NA	susceptible	NA	NA	NA
562.23493	NA	susceptible	susceptible	NA	NA	NA	NA	NA	NA	NA	susceptible	NA	NA	susceptible	NA	NA	susceptible	NA	susceptible	NA	NA	NA	NA	NA	susceptible	susceptible	NA	NA	NA	NA	NA	susceptible	NA	NA	NA	susceptible	NA	NA	NA
562.23492	NA	resistant	susceptible	NA	NA	NA	NA	NA	NA	NA	susceptible	NA	NA	susceptible	NA	NA	susceptible	NA	susceptible	NA	NA	NA	NA	NA	susceptible	susceptible	NA	NA	NA	NA	NA	susceptible	NA	NA	NA	susceptible	NA	NA	NA
562.23491	NA	susceptible	susceptible	NA	NA	NA	NA	NA	NA	NA	susceptible	NA	NA	susceptible	NA	NA	susceptible	NA	susceptible	NA	NA	NA	NA	NA	susceptible	susceptible	NA	NA	NA	NA	NA	susceptible	NA	NA	NA	susceptible	NA	NA	NA
562.2349	NA	susceptible	susceptible	NA	NA	NA	NA	NA	NA	NA	susceptible	NA	NA	susceptible	NA	NA	susceptible	NA	susceptible	NA	NA	NA	NA	NA	susceptible	susceptible	NA	NA	NA	NA	NA	susceptible	NA	NA	NA	susceptible	NA	NA	NA
562.23489	NA	susceptible	susceptible	NA	NA	NA	NA	NA	NA	NA	susceptible	NA	NA	susceptible	NA	NA	susceptible	NA	susceptible	NA	NA	NA	NA	NA	susceptible	susceptible	NA	NA	NA	NA	NA	susceptible	NA	NA	NA	susceptible	NA	NA	NA
562.23487	NA	resistant	susceptible	NA	NA	NA	NA	NA	NA	NA	resistant	NA	NA	resistant	NA	NA	resistant	NA	resistant	NA	NA	NA	NA	NA	susceptible	susceptible	NA	NA	NA	NA	NA	susceptible	NA	NA	NA	susceptible	NA	NA	NA
562.2305	NA	susceptible	susceptible	NA	NA	NA	NA	NA	NA	NA	susceptible	NA	NA	susceptible	NA	NA	susceptible	NA	susceptible	NA	NA	NA	NA	NA	susceptible	susceptible	NA	NA	NA	NA	NA	susceptible	NA	NA	NA	susceptible	NA	NA	NA
562.23049	NA	susceptible	susceptible	NA	NA	NA	NA	NA	NA	NA	susceptible	NA	NA	susceptible	NA	NA	susceptible	NA	susceptible	NA	NA	NA	NA	NA	susceptible	susceptible	NA	NA	NA	NA	NA	susceptible	NA	NA	NA	susceptible	NA	NA	NA
562.23047999999994	NA	susceptible	susceptible	NA	NA	NA	NA	NA	NA	NA	susceptible	NA	NA	susceptible	NA	NA	resistant	NA	susceptible	NA	NA	NA	NA	NA	susceptible	susceptible	NA	NA	NA	NA	NA	susceptible	NA	NA	NA	susceptible	NA	NA	NA
562.22564	susceptible	NA	resistant	resistant	NA	NA	susceptible	intermediate	NA	susceptible	susceptible	NA	susceptible	susceptible	NA	NA	susceptible	NA	susceptible	NA	NA	NA	susceptible	NA	susceptible	NA	NA	susceptible	NA	NA	NA	susceptible	NA	NA	NA	susceptible	susceptible	susceptible	NA
562.22565	susceptible	NA	susceptible	resistant	NA	NA	susceptible	susceptible	NA	susceptible	susceptible	NA	susceptible	susceptible	NA	NA	susceptible	NA	resistant	NA	NA	NA	susceptible	NA	susceptible	NA	NA	susceptible	NA	NA	NA	susceptible	NA	NA	NA	susceptible	susceptible	susceptible	NA
562.22566	susceptible	NA	susceptible	resistant	NA	NA	susceptible	susceptible	NA	susceptible	susceptible	NA	susceptible	susceptible	NA	NA	susceptible	NA	susceptible	NA	NA	NA	susceptible	NA	susceptible	NA	NA	susceptible	NA	NA	NA	susceptible	NA	NA	NA	susceptible	susceptible	resistant	NA
562.22567	susceptible	NA	resistant	resistant	NA	NA	susceptible	susceptible	NA	susceptible	susceptible	NA	susceptible	susceptible	NA	NA	susceptible	NA	susceptible	NA	NA	NA	susceptible	NA	susceptible	NA	NA	susceptible	NA	NA	NA	susceptible	NA	NA	NA	susceptible	susceptible	resistant	NA
562.22568	susceptible	NA	susceptible	susceptible	NA	NA	susceptible	susceptible	NA	susceptible	susceptible	NA	susceptible	susceptible	NA	NA	susceptible	NA	susceptible	NA	NA	NA	susceptible	NA	susceptible	NA	NA	susceptible	NA	NA	NA	susceptible	NA	NA	NA	susceptible	susceptible	intermediate	NA
562.22569	susceptible	NA	resistant	resistant	NA	NA	susceptible	intermediate	NA	susceptible	susceptible	NA	susceptible	susceptible	NA	NA	resistant	NA	susceptible	NA	NA	NA	susceptible	NA	susceptible	NA	NA	susceptible	NA	NA	NA	susceptible	NA	NA	NA	susceptible	susceptible	susceptible	NA
562.2257	susceptible	NA	susceptible	susceptible	NA	NA	susceptible	susceptible	NA	susceptible	susceptible	NA	susceptible	susceptible	NA	NA	susceptible	NA	susceptible	NA	NA	NA	susceptible	NA	susceptible	NA	NA	susceptible	NA	NA	NA	susceptible	NA	NA	NA	susceptible	susceptible	resistant	NA
562.22563	susceptible	NA	susceptible	susceptible	NA	NA	susceptible	susceptible	NA	susceptible	susceptible	NA	susceptible	susceptible	NA	NA	susceptible	NA	susceptible	NA	NA	NA	susceptible	NA	susceptible	NA	NA	susceptible	NA	NA	NA	susceptible	NA	NA	NA	susceptible	susceptible	susceptible	NA
562.22571	susceptible	NA	susceptible	susceptible	NA	NA	susceptible	susceptible	NA	susceptible	susceptible	NA	susceptible	susceptible	NA	NA	susceptible	NA	susceptible	NA	NA	NA	susceptible	NA	susceptible	NA	NA	susceptible	NA	NA	NA	susceptible	NA	NA	NA	susceptible	susceptible	susceptible	NA
562.22573	susceptible	NA	susceptible	susceptible	NA	NA	susceptible	susceptible	NA	susceptible	susceptible	NA	susceptible	susceptible	NA	NA	susceptible	NA	susceptible	NA	NA	NA	susceptible	NA	susceptible	NA	NA	susceptible	NA	NA	NA	susceptible	NA	NA	NA	susceptible	susceptible	susceptible	NA
562.22574	susceptible	NA	susceptible	susceptible	NA	NA	susceptible	susceptible	NA	susceptible	susceptible	NA	susceptible	susceptible	NA	NA	susceptible	NA	susceptible	NA	NA	NA	susceptible	NA	susceptible	NA	NA	susceptible	NA	NA	NA	susceptible	NA	NA	NA	susceptible	susceptible	susceptible	NA
562.22576	susceptible	NA	susceptible	susceptible	NA	NA	susceptible	susceptible	NA	susceptible	susceptible	NA	susceptible	susceptible	NA	NA	susceptible	NA	susceptible	NA	NA	NA	susceptible	NA	susceptible	NA	NA	susceptible	NA	NA	NA	susceptible	NA	NA	NA	susceptible	susceptible	susceptible	NA
562.22577	susceptible	NA	susceptible	resistant	NA	NA	susceptible	susceptible	NA	susceptible	susceptible	NA	susceptible	susceptible	NA	NA	susceptible	NA	susceptible	NA	NA	NA	susceptible	NA	susceptible	NA	NA	susceptible	NA	NA	NA	susceptible	NA	NA	NA	susceptible	susceptible	susceptible	NA
562.22578	susceptible	NA	susceptible	susceptible	NA	NA	susceptible	susceptible	NA	susceptible	susceptible	NA	susceptible	susceptible	NA	NA	susceptible	NA	susceptible	NA	NA	NA	susceptible	NA	susceptible	NA	NA	susceptible	NA	NA	NA	susceptible	NA	NA	NA	susceptible	susceptible	susceptible	NA
562.22579	susceptible	NA	resistant	resistant	NA	NA	susceptible	intermediate	NA	susceptible	susceptible	NA	susceptible	susceptible	NA	NA	susceptible	NA	susceptible	NA	NA	NA	susceptible	NA	susceptible	NA	NA	susceptible	NA	NA	NA	resistant	NA	NA	NA	susceptible	susceptible	susceptible	NA
562.2258	susceptible	NA	susceptible	susceptible	NA	NA	susceptible	intermediate	NA	susceptible	susceptible	NA	susceptible	susceptible	NA	NA	susceptible	NA	susceptible	NA	NA	NA	susceptible	NA	susceptible	NA	NA	susceptible	NA	NA	NA	susceptible	NA	NA	NA	susceptible	susceptible	susceptible	NA
562.22572	susceptible	NA	resistant	resistant	NA	NA	susceptible	resistant	NA	susceptible	susceptible	NA	susceptible	susceptible	NA	NA	resistant	NA	susceptible	NA	NA	NA	susceptible	NA	susceptible	NA	NA	susceptible	NA	NA	NA	susceptible	NA	NA	NA	susceptible	susceptible	susceptible	NA
562.22562	susceptible	NA	resistant	resistant	NA	NA	susceptible	intermediate	NA	susceptible	susceptible	NA	susceptible	susceptible	NA	NA	resistant	NA	susceptible	NA	NA	NA	susceptible	NA	susceptible	NA	NA	susceptible	NA	NA	NA	susceptible	NA	NA	NA	susceptible	susceptible	resistant	NA
562.22561	susceptible	NA	susceptible	resistant	NA	NA	susceptible	susceptible	NA	susceptible	susceptible	NA	susceptible	susceptible	NA	NA	susceptible	NA	susceptible	NA	NA	NA	susceptible	NA	susceptible	NA	NA	susceptible	NA	NA	NA	susceptible	NA	NA	NA	susceptible	susceptible	susceptible	NA
562.2256	intermediate	NA	resistant	resistant	NA	NA	resistant	resistant	NA	susceptible	susceptible	NA	resistant	intermediate	NA	NA	resistant	NA	resistant	NA	NA	NA	susceptible	NA	susceptible	NA	NA	susceptible	NA	NA	NA	NA	NA	NA	NA	susceptible	resistant	resistant	NA
562.22543	susceptible	NA	resistant	resistant	NA	NA	intermediate	resistant	NA	susceptible	resistant	NA	resistant	resistant	NA	NA	resistant	NA	intermediate	NA	NA	NA	susceptible	NA	susceptible	NA	NA	susceptible	NA	NA	NA	susceptible	NA	NA	NA	susceptible	susceptible	susceptible	NA
562.22544	susceptible	NA	resistant	resistant	NA	NA	susceptible	intermediate	NA	susceptible	susceptible	NA	susceptible	susceptible	NA	NA	susceptible	NA	susceptible	NA	NA	NA	susceptible	NA	susceptible	NA	NA	susceptible	NA	NA	NA	susceptible	NA	NA	NA	susceptible	susceptible	resistant	NA
562.22545	susceptible	NA	resistant	resistant	NA	NA	susceptible	intermediate	NA	susceptible	susceptible	NA	susceptible	susceptible	NA	NA	susceptible	NA	susceptible	NA	NA	NA	susceptible	NA	susceptible	NA	NA	susceptible	NA	NA	NA	resistant	NA	NA	NA	susceptible	susceptible	susceptible	NA
562.22546	susceptible	NA	resistant	resistant	NA	NA	susceptible	intermediate	NA	susceptible	susceptible	NA	susceptible	susceptible	NA	NA	susceptible	NA	susceptible	NA	NA	NA	susceptible	NA	susceptible	NA	NA	susceptible	NA	NA	NA	susceptible	NA	NA	NA	susceptible	susceptible	resistant	NA
562.22547	susceptible	NA	susceptible	resistant	NA	NA	intermediate	resistant	NA	susceptible	resistant	NA	susceptible	susceptible	NA	NA	resistant	NA	susceptible	NA	NA	NA	susceptible	NA	susceptible	NA	NA	susceptible	NA	NA	NA	susceptible	NA	NA	NA	susceptible	susceptible	resistant	NA
562.22548	susceptible	NA	resistant	resistant	NA	NA	susceptible	intermediate	NA	susceptible	susceptible	NA	susceptible	susceptible	NA	NA	susceptible	NA	susceptible	NA	NA	NA	susceptible	NA	susceptible	NA	NA	susceptible	NA	NA	NA	susceptible	NA	NA	NA	susceptible	susceptible	susceptible	NA
562.22549	susceptible	NA	susceptible	susceptible	NA	NA	susceptible	susceptible	NA	susceptible	susceptible	NA	susceptible	susceptible	NA	NA	susceptible	NA	susceptible	NA	NA	NA	susceptible	NA	susceptible	NA	NA	susceptible	NA	NA	NA	susceptible	NA	NA	NA	susceptible	susceptible	susceptible	NA
562.2255	susceptible	NA	resistant	resistant	NA	NA	susceptible	resistant	NA	susceptible	susceptible	NA	susceptible	susceptible	NA	NA	susceptible	NA	susceptible	NA	NA	NA	susceptible	NA	susceptible	NA	NA	susceptible	NA	NA	NA	susceptible	NA	NA	NA	susceptible	susceptible	susceptible	NA
562.22551	susceptible	NA	susceptible	resistant	NA	NA	resistant	resistant	NA	susceptible	susceptible	NA	susceptible	resistant	NA	NA	susceptible	NA	resistant	NA	NA	NA	susceptible	NA	susceptible	NA	NA	susceptible	NA	NA	NA	susceptible	NA	NA	NA	susceptible	susceptible	resistant	NA
562.22552	susceptible	NA	resistant	resistant	NA	NA	susceptible	susceptible	NA	susceptible	susceptible	NA	susceptible	susceptible	NA	NA	susceptible	NA	susceptible	NA	NA	NA	susceptible	NA	susceptible	NA	NA	susceptible	NA	NA	NA	susceptible	NA	NA	NA	susceptible	susceptible	resistant	NA
562.22553	susceptible	NA	susceptible	susceptible	NA	NA	susceptible	susceptible	NA	susceptible	susceptible	NA	susceptible	susceptible	NA	NA	susceptible	NA	susceptible	NA	NA	NA	susceptible	NA	susceptible	NA	NA	susceptible	NA	NA	NA	susceptible	NA	NA	NA	susceptible	susceptible	susceptible	NA
562.22554	susceptible	NA	resistant	resistant	NA	NA	susceptible	intermediate	NA	susceptible	susceptible	NA	susceptible	susceptible	NA	NA	susceptible	NA	susceptible	NA	NA	NA	susceptible	NA	susceptible	NA	NA	susceptible	NA	NA	NA	resistant	NA	NA	NA	susceptible	susceptible	resistant	NA
562.22555	susceptible	NA	susceptible	susceptible	NA	NA	susceptible	intermediate	NA	susceptible	susceptible	NA	susceptible	susceptible	NA	NA	susceptible	NA	susceptible	NA	NA	NA	susceptible	NA	susceptible	NA	NA	susceptible	NA	NA	NA	susceptible	NA	NA	NA	susceptible	susceptible	susceptible	NA
562.22556	susceptible	NA	susceptible	susceptible	NA	NA	susceptible	susceptible	NA	susceptible	susceptible	NA	susceptible	susceptible	NA	NA	susceptible	NA	susceptible	NA	NA	NA	susceptible	NA	susceptible	NA	NA	susceptible	NA	NA	NA	susceptible	NA	NA	NA	susceptible	susceptible	susceptible	NA
562.22557	susceptible	NA	resistant	resistant	NA	NA	susceptible	susceptible	NA	susceptible	susceptible	NA	susceptible	susceptible	NA	NA	susceptible	NA	susceptible	NA	NA	NA	susceptible	NA	susceptible	NA	NA	susceptible	NA	NA	NA	susceptible	NA	NA	NA	susceptible	susceptible	susceptible	NA
562.22558	susceptible	NA	susceptible	susceptible	NA	NA	susceptible	susceptible	NA	susceptible	susceptible	NA	susceptible	susceptible	NA	NA	susceptible	NA	susceptible	NA	NA	NA	susceptible	NA	susceptible	NA	NA	susceptible	NA	NA	NA	susceptible	NA	NA	NA	susceptible	susceptible	susceptible	NA
562.22559	susceptible	NA	susceptible	resistant	NA	NA	susceptible	susceptible	NA	susceptible	susceptible	NA	susceptible	susceptible	NA	NA	susceptible	NA	susceptible	NA	NA	NA	susceptible	NA	susceptible	NA	NA	susceptible	NA	NA	NA	susceptible	NA	NA	NA	susceptible	susceptible	susceptible	NA
562.22581	susceptible	NA	resistant	resistant	NA	NA	susceptible	intermediate	NA	susceptible	susceptible	NA	susceptible	susceptible	NA	NA	susceptible	NA	susceptible	NA	NA	NA	susceptible	NA	susceptible	NA	NA	susceptible	NA	NA	NA	susceptible	NA	NA	NA	susceptible	susceptible	resistant	NA
562.22582	susceptible	NA	resistant	resistant	NA	NA	susceptible	intermediate	NA	susceptible	susceptible	NA	susceptible	susceptible	NA	NA	resistant	NA	resistant	NA	NA	NA	susceptible	NA	resistant	NA	NA	susceptible	NA	NA	NA	susceptible	NA	NA	NA	susceptible	resistant	susceptible	NA
562.22583	susceptible	NA	susceptible	resistant	NA	NA	susceptible	susceptible	NA	susceptible	susceptible	NA	susceptible	susceptible	NA	NA	susceptible	NA	resistant	NA	NA	NA	susceptible	NA	susceptible	NA	NA	susceptible	NA	NA	NA	susceptible	NA	NA	NA	susceptible	susceptible	resistant	NA
562.22584	susceptible	NA	susceptible	resistant	NA	NA	susceptible	intermediate	NA	susceptible	susceptible	NA	susceptible	susceptible	NA	NA	susceptible	NA	susceptible	NA	NA	NA	susceptible	NA	susceptible	NA	NA	susceptible	NA	NA	NA	resistant	NA	NA	NA	susceptible	susceptible	susceptible	NA
562.22606	susceptible	NA	susceptible	susceptible	NA	NA	susceptible	susceptible	NA	susceptible	susceptible	NA	susceptible	susceptible	NA	NA	susceptible	NA	susceptible	NA	NA	NA	susceptible	NA	susceptible	NA	NA	susceptible	NA	NA	NA	susceptible	NA	NA	NA	susceptible	susceptible	susceptible	NA
562.22607	susceptible	NA	susceptible	resistant	NA	NA	susceptible	susceptible	NA	susceptible	susceptible	NA	susceptible	susceptible	NA	NA	susceptible	NA	susceptible	NA	NA	NA	susceptible	NA	susceptible	NA	NA	susceptible	NA	NA	NA	susceptible	NA	NA	NA	susceptible	susceptible	resistant	NA
562.22608	susceptible	NA	susceptible	susceptible	NA	NA	susceptible	susceptible	NA	susceptible	susceptible	NA	susceptible	susceptible	NA	NA	susceptible	NA	susceptible	NA	NA	NA	susceptible	NA	susceptible	NA	NA	susceptible	NA	NA	NA	susceptible	NA	NA	NA	susceptible	susceptible	susceptible	NA
562.22609	susceptible	NA	susceptible	susceptible	NA	NA	susceptible	intermediate	NA	susceptible	susceptible	NA	susceptible	susceptible	NA	NA	susceptible	NA	susceptible	NA	NA	NA	susceptible	NA	susceptible	NA	NA	susceptible	NA	NA	NA	susceptible	NA	NA	NA	susceptible	susceptible	susceptible	NA
562.2261	susceptible	NA	susceptible	susceptible	NA	NA	susceptible	susceptible	NA	susceptible	susceptible	NA	susceptible	susceptible	NA	NA	susceptible	NA	susceptible	NA	NA	NA	susceptible	NA	susceptible	NA	NA	susceptible	NA	NA	NA	susceptible	NA	NA	NA	susceptible	susceptible	susceptible	NA
562.22611	intermediate	NA	resistant	resistant	NA	NA	susceptible	resistant	NA	susceptible	resistant	NA	susceptible	susceptible	NA	NA	resistant	NA	resistant	NA	NA	NA	susceptible	NA	susceptible	NA	NA	susceptible	NA	NA	NA	susceptible	NA	NA	NA	susceptible	resistant	resistant	NA
562.22612	susceptible	NA	susceptible	resistant	NA	NA	susceptible	intermediate	NA	susceptible	susceptible	NA	susceptible	susceptible	NA	NA	susceptible	NA	susceptible	NA	NA	NA	susceptible	NA	susceptible	NA	NA	susceptible	NA	NA	NA	susceptible	NA	NA	NA	susceptible	susceptible	susceptible	NA
562.22613	susceptible	NA	susceptible	susceptible	NA	NA	susceptible	susceptible	NA	susceptible	susceptible	NA	susceptible	susceptible	NA	NA	susceptible	NA	susceptible	NA	NA	NA	susceptible	NA	susceptible	NA	NA	susceptible	NA	NA	NA	susceptible	NA	NA	NA	susceptible	susceptible	susceptible	NA
562.22614	susceptible	NA	susceptible	susceptible	NA	NA	susceptible	intermediate	NA	susceptible	susceptible	NA	susceptible	susceptible	NA	NA	susceptible	NA	susceptible	NA	NA	NA	susceptible	NA	susceptible	NA	NA	susceptible	NA	NA	NA	susceptible	NA	NA	NA	susceptible	susceptible	susceptible	NA
562.22615	susceptible	NA	susceptible	susceptible	NA	NA	susceptible	susceptible	NA	susceptible	susceptible	NA	susceptible	susceptible	NA	NA	susceptible	NA	susceptible	NA	NA	NA	susceptible	NA	susceptible	NA	NA	susceptible	NA	NA	NA	susceptible	NA	NA	NA	susceptible	susceptible	susceptible	NA
562.22617	susceptible	NA	susceptible	susceptible	NA	NA	susceptible	susceptible	NA	susceptible	susceptible	NA	susceptible	susceptible	NA	NA	susceptible	NA	susceptible	NA	NA	NA	susceptible	NA	susceptible	NA	NA	susceptible	NA	NA	NA	susceptible	NA	NA	NA	susceptible	susceptible	susceptible	NA
562.22618	susceptible	NA	resistant	resistant	NA	NA	susceptible	resistant	NA	intermediate	intermediate	NA	susceptible	susceptible	NA	NA	resistant	NA	susceptible	NA	NA	NA	susceptible	NA	susceptible	NA	NA	susceptible	NA	NA	NA	susceptible	NA	NA	NA	susceptible	susceptible	resistant	NA
562.22619	susceptible	NA	susceptible	resistant	NA	NA	susceptible	susceptible	NA	susceptible	susceptible	NA	susceptible	susceptible	NA	NA	susceptible	NA	intermediate	NA	NA	NA	susceptible	NA	susceptible	NA	NA	susceptible	NA	NA	NA	susceptible	NA	NA	NA	susceptible	susceptible	resistant	NA
562.2262	susceptible	NA	resistant	resistant	NA	NA	susceptible	intermediate	NA	susceptible	susceptible	NA	susceptible	susceptible	NA	NA	susceptible	NA	resistant	NA	NA	NA	susceptible	NA	susceptible	NA	NA	susceptible	NA	NA	NA	susceptible	NA	NA	NA	susceptible	susceptible	resistant	NA
562.22621	susceptible	NA	susceptible	susceptible	NA	NA	susceptible	susceptible	NA	susceptible	susceptible	NA	susceptible	susceptible	NA	NA	susceptible	NA	susceptible	NA	NA	NA	susceptible	NA	susceptible	NA	NA	susceptible	NA	NA	NA	susceptible	NA	NA	NA	susceptible	susceptible	susceptible	NA
562.22622	susceptible	NA	susceptible	susceptible	NA	NA	susceptible	intermediate	NA	susceptible	susceptible	NA	susceptible	susceptible	NA	NA	susceptible	NA	resistant	NA	NA	NA	susceptible	NA	susceptible	NA	NA	susceptible	NA	NA	NA	susceptible	NA	NA	NA	susceptible	susceptible	susceptible	NA
562.22623	susceptible	NA	susceptible	susceptible	NA	NA	susceptible	susceptible	NA	susceptible	susceptible	NA	susceptible	susceptible	NA	NA	susceptible	NA	susceptible	NA	NA	NA	susceptible	NA	susceptible	NA	NA	susceptible	NA	NA	NA	susceptible	NA	NA	NA	susceptible	susceptible	susceptible	NA
562.22605	susceptible	NA	susceptible	resistant	NA	NA	susceptible	susceptible	NA	susceptible	susceptible	NA	susceptible	susceptible	NA	NA	susceptible	NA	susceptible	NA	NA	NA	susceptible	NA	susceptible	NA	NA	susceptible	NA	NA	NA	susceptible	NA	NA	NA	susceptible	susceptible	resistant	NA
562.22542	susceptible	NA	susceptible	susceptible	NA	NA	susceptible	susceptible	NA	susceptible	susceptible	NA	susceptible	susceptible	NA	NA	susceptible	NA	susceptible	NA	NA	NA	susceptible	NA	susceptible	NA	NA	susceptible	NA	NA	NA	susceptible	NA	NA	NA	susceptible	susceptible	susceptible	NA
562.22604	susceptible	NA	susceptible	susceptible	NA	NA	susceptible	susceptible	NA	susceptible	susceptible	NA	susceptible	susceptible	NA	NA	susceptible	NA	susceptible	NA	NA	NA	susceptible	NA	susceptible	NA	NA	susceptible	NA	NA	NA	susceptible	NA	NA	NA	susceptible	susceptible	susceptible	NA
562.22602	susceptible	NA	susceptible	susceptible	NA	NA	susceptible	susceptible	NA	susceptible	susceptible	NA	susceptible	susceptible	NA	NA	susceptible	NA	resistant	NA	NA	NA	susceptible	NA	susceptible	NA	NA	susceptible	NA	NA	NA	susceptible	NA	NA	NA	susceptible	susceptible	resistant	NA
562.22585	susceptible	NA	susceptible	susceptible	NA	NA	susceptible	susceptible	NA	susceptible	susceptible	NA	susceptible	susceptible	NA	NA	susceptible	NA	susceptible	NA	NA	NA	susceptible	NA	susceptible	NA	NA	susceptible	NA	NA	NA	susceptible	NA	NA	NA	susceptible	susceptible	susceptible	NA
562.22586	susceptible	NA	resistant	resistant	NA	NA	intermediate	resistant	NA	susceptible	susceptible	NA	resistant	intermediate	NA	NA	resistant	NA	resistant	NA	NA	NA	susceptible	NA	susceptible	NA	NA	susceptible	NA	NA	NA	susceptible	NA	NA	NA	susceptible	susceptible	resistant	NA
562.22587	susceptible	NA	resistant	resistant	NA	NA	susceptible	intermediate	NA	susceptible	susceptible	NA	susceptible	susceptible	NA	NA	susceptible	NA	susceptible	NA	NA	NA	susceptible	NA	susceptible	NA	NA	susceptible	NA	NA	NA	resistant	NA	NA	NA	susceptible	susceptible	resistant	NA
562.22588	intermediate	NA	resistant	resistant	NA	NA	susceptible	resistant	NA	susceptible	resistant	NA	susceptible	susceptible	NA	NA	resistant	NA	resistant	NA	NA	NA	susceptible	NA	susceptible	NA	NA	susceptible	NA	NA	NA	susceptible	NA	NA	NA	susceptible	resistant	resistant	NA
562.22589	susceptible	NA	susceptible	susceptible	NA	NA	susceptible	intermediate	NA	susceptible	susceptible	NA	susceptible	susceptible	NA	NA	susceptible	NA	susceptible	NA	NA	NA	susceptible	NA	susceptible	NA	NA	susceptible	NA	NA	NA	susceptible	NA	NA	NA	susceptible	susceptible	susceptible	NA
562.2259	susceptible	NA	susceptible	susceptible	NA	NA	susceptible	susceptible	NA	susceptible	susceptible	NA	susceptible	susceptible	NA	NA	susceptible	NA	susceptible	NA	NA	NA	susceptible	NA	susceptible	NA	NA	susceptible	NA	NA	NA	susceptible	NA	NA	NA	susceptible	susceptible	susceptible	NA
562.22591	susceptible	NA	susceptible	susceptible	NA	NA	susceptible	susceptible	NA	susceptible	susceptible	NA	susceptible	susceptible	NA	NA	susceptible	NA	susceptible	NA	NA	NA	susceptible	NA	susceptible	NA	NA	susceptible	NA	NA	NA	susceptible	NA	NA	NA	susceptible	susceptible	susceptible	NA
562.22592	susceptible	NA	resistant	resistant	NA	NA	susceptible	intermediate	NA	susceptible	susceptible	NA	intermediate	susceptible	NA	NA	resistant	NA	susceptible	NA	NA	NA	susceptible	NA	susceptible	NA	NA	susceptible	NA	NA	NA	resistant	NA	NA	NA	susceptible	susceptible	susceptible	NA
562.22593	susceptible	NA	susceptible	resistant	NA	NA	susceptible	susceptible	NA	susceptible	susceptible	NA	susceptible	susceptible	NA	NA	susceptible	NA	susceptible	NA	NA	NA	susceptible	NA	susceptible	NA	NA	susceptible	NA	NA	NA	susceptible	NA	NA	NA	susceptible	susceptible	susceptible	NA
562.22594	susceptible	NA	susceptible	susceptible	NA	NA	susceptible	susceptible	NA	susceptible	susceptible	NA	susceptible	susceptible	NA	NA	susceptible	NA	susceptible	NA	NA	NA	susceptible	NA	susceptible	NA	NA	susceptible	NA	NA	NA	susceptible	NA	NA	NA	susceptible	susceptible	susceptible	NA
562.22595	susceptible	NA	resistant	resistant	NA	NA	susceptible	intermediate	NA	susceptible	susceptible	NA	susceptible	susceptible	NA	NA	resistant	NA	resistant	NA	NA	NA	susceptible	NA	susceptible	NA	NA	susceptible	NA	NA	NA	susceptible	NA	NA	NA	susceptible	resistant	resistant	NA
562.22596	susceptible	NA	resistant	resistant	NA	NA	susceptible	resistant	NA	susceptible	susceptible	NA	intermediate	susceptible	NA	NA	resistant	NA	resistant	NA	NA	NA	susceptible	NA	resistant	NA	NA	susceptible	NA	NA	NA	susceptible	NA	NA	NA	susceptible	resistant	resistant	NA
562.22597	susceptible	NA	susceptible	resistant	NA	NA	susceptible	intermediate	NA	susceptible	susceptible	NA	susceptible	susceptible	NA	NA	susceptible	NA	susceptible	NA	NA	NA	susceptible	NA	susceptible	NA	NA	susceptible	NA	NA	NA	susceptible	NA	NA	NA	susceptible	susceptible	susceptible	NA
562.22598	susceptible	NA	susceptible	susceptible	NA	NA	susceptible	susceptible	NA	susceptible	susceptible	NA	susceptible	susceptible	NA	NA	susceptible	NA	susceptible	NA	NA	NA	susceptible	NA	susceptible	NA	NA	susceptible	NA	NA	NA	susceptible	NA	NA	NA	susceptible	susceptible	susceptible	NA
562.22599	susceptible	NA	susceptible	susceptible	NA	NA	susceptible	susceptible	NA	susceptible	susceptible	NA	susceptible	susceptible	NA	NA	susceptible	NA	susceptible	NA	NA	NA	susceptible	NA	susceptible	NA	NA	susceptible	NA	NA	NA	susceptible	NA	NA	NA	susceptible	susceptible	susceptible	NA
562.226	susceptible	NA	susceptible	susceptible	NA	NA	susceptible	susceptible	NA	susceptible	susceptible	NA	susceptible	susceptible	NA	NA	susceptible	NA	susceptible	NA	NA	NA	susceptible	NA	susceptible	NA	NA	susceptible	NA	NA	NA	susceptible	NA	NA	NA	susceptible	susceptible	susceptible	NA
562.22601	susceptible	NA	susceptible	susceptible	NA	NA	susceptible	intermediate	NA	susceptible	susceptible	NA	susceptible	susceptible	NA	NA	susceptible	NA	resistant	NA	NA	NA	susceptible	NA	susceptible	NA	NA	susceptible	NA	NA	NA	susceptible	NA	NA	NA	susceptible	susceptible	resistant	NA
562.22603	susceptible	NA	susceptible	susceptible	NA	NA	susceptible	susceptible	NA	susceptible	susceptible	NA	susceptible	susceptible	NA	NA	susceptible	NA	susceptible	NA	NA	NA	susceptible	NA	susceptible	NA	NA	susceptible	NA	NA	NA	susceptible	NA	NA	NA	susceptible	susceptible	susceptible	NA
562.22541	intermediate	NA	resistant	resistant	NA	NA	resistant	resistant	NA	intermediate	resistant	NA	susceptible	intermediate	NA	NA	resistant	NA	resistant	NA	NA	NA	susceptible	NA	susceptible	NA	NA	susceptible	NA	NA	NA	susceptible	NA	NA	NA	susceptible	resistant	resistant	NA
562.2254	susceptible	NA	resistant	resistant	NA	NA	susceptible	intermediate	NA	susceptible	susceptible	NA	susceptible	susceptible	NA	NA	susceptible	NA	susceptible	NA	NA	NA	susceptible	NA	susceptible	NA	NA	susceptible	NA	NA	NA	susceptible	NA	NA	NA	susceptible	susceptible	susceptible	NA
562.22539	intermediate	NA	resistant	resistant	NA	NA	susceptible	intermediate	NA	susceptible	susceptible	NA	susceptible	susceptible	NA	NA	resistant	NA	resistant	NA	NA	NA	susceptible	NA	susceptible	NA	NA	susceptible	NA	NA	NA	susceptible	NA	NA	NA	susceptible	resistant	resistant	NA
562.2248	susceptible	NA	resistant	resistant	NA	NA	susceptible	susceptible	NA	susceptible	susceptible	NA	susceptible	susceptible	NA	NA	susceptible	NA	susceptible	NA	NA	NA	susceptible	NA	susceptible	NA	NA	susceptible	NA	NA	NA	susceptible	NA	NA	NA	susceptible	susceptible	resistant	NA
562.22481	susceptible	NA	resistant	resistant	NA	NA	resistant	resistant	NA	intermediate	resistant	NA	intermediate	intermediate	NA	NA	resistant	NA	resistant	NA	NA	NA	susceptible	NA	susceptible	NA	NA	susceptible	NA	NA	NA	susceptible	NA	NA	NA	susceptible	susceptible	resistant	NA
562.22482	susceptible	NA	susceptible	susceptible	NA	NA	susceptible	susceptible	NA	susceptible	susceptible	NA	susceptible	susceptible	NA	NA	susceptible	NA	susceptible	NA	NA	NA	susceptible	NA	susceptible	NA	NA	susceptible	NA	NA	NA	susceptible	NA	NA	NA	susceptible	susceptible	susceptible	NA
562.22483	susceptible	NA	susceptible	susceptible	NA	NA	susceptible	intermediate	NA	susceptible	susceptible	NA	susceptible	susceptible	NA	NA	susceptible	NA	resistant	NA	NA	NA	susceptible	NA	susceptible	NA	NA	susceptible	NA	NA	NA	susceptible	NA	NA	NA	susceptible	susceptible	resistant	NA
562.22484	susceptible	NA	susceptible	susceptible	NA	NA	susceptible	intermediate	NA	susceptible	susceptible	NA	susceptible	susceptible	NA	NA	susceptible	NA	resistant	NA	NA	NA	susceptible	NA	susceptible	NA	NA	susceptible	NA	NA	NA	susceptible	NA	NA	NA	susceptible	susceptible	resistant	NA
562.22485	susceptible	NA	susceptible	resistant	NA	NA	susceptible	susceptible	NA	susceptible	susceptible	NA	susceptible	susceptible	NA	NA	susceptible	NA	susceptible	NA	NA	NA	susceptible	NA	susceptible	NA	NA	susceptible	NA	NA	NA	susceptible	NA	NA	NA	susceptible	susceptible	resistant	NA
562.22486	susceptible	NA	susceptible	susceptible	NA	NA	susceptible	intermediate	NA	susceptible	susceptible	NA	susceptible	susceptible	NA	NA	susceptible	NA	susceptible	NA	NA	NA	susceptible	NA	susceptible	NA	NA	susceptible	NA	NA	NA	susceptible	NA	NA	NA	susceptible	susceptible	susceptible	NA
562.22487	susceptible	NA	susceptible	susceptible	NA	NA	susceptible	intermediate	NA	susceptible	susceptible	NA	susceptible	susceptible	NA	NA	susceptible	NA	susceptible	NA	NA	NA	susceptible	NA	susceptible	NA	NA	susceptible	NA	NA	NA	susceptible	NA	NA	NA	susceptible	susceptible	susceptible	NA
562.22488	susceptible	NA	susceptible	resistant	NA	NA	resistant	resistant	NA	intermediate	resistant	NA	susceptible	resistant	NA	NA	resistant	NA	resistant	NA	NA	NA	susceptible	NA	susceptible	NA	NA	susceptible	NA	NA	NA	susceptible	NA	NA	NA	susceptible	susceptible	resistant	NA
562.22489	susceptible	NA	susceptible	susceptible	NA	NA	susceptible	susceptible	NA	susceptible	susceptible	NA	susceptible	susceptible	NA	NA	susceptible	NA	susceptible	NA	NA	NA	susceptible	NA	susceptible	NA	NA	susceptible	NA	NA	NA	susceptible	NA	NA	NA	susceptible	susceptible	susceptible	NA
562.2249	susceptible	NA	susceptible	resistant	NA	NA	susceptible	susceptible	NA	susceptible	susceptible	NA	susceptible	susceptible	NA	NA	susceptible	NA	susceptible	NA	NA	NA	susceptible	NA	susceptible	NA	NA	susceptible	NA	NA	NA	susceptible	NA	NA	NA	susceptible	susceptible	susceptible	NA
562.22491	intermediate	NA	resistant	resistant	NA	NA	susceptible	resistant	NA	susceptible	resistant	NA	susceptible	susceptible	NA	NA	resistant	NA	resistant	NA	NA	NA	susceptible	NA	susceptible	NA	NA	susceptible	NA	NA	NA	susceptible	NA	NA	NA	susceptible	resistant	resistant	NA
562.22492	susceptible	NA	susceptible	susceptible	NA	NA	susceptible	susceptible	NA	susceptible	susceptible	NA	susceptible	susceptible	NA	NA	susceptible	NA	susceptible	NA	NA	NA	susceptible	NA	susceptible	NA	NA	susceptible	NA	NA	NA	susceptible	NA	NA	NA	susceptible	susceptible	susceptible	NA
562.22493	susceptible	NA	susceptible	susceptible	NA	NA	susceptible	intermediate	NA	susceptible	susceptible	NA	susceptible	susceptible	NA	NA	susceptible	NA	susceptible	NA	NA	NA	susceptible	NA	susceptible	NA	NA	susceptible	NA	NA	NA	susceptible	NA	NA	NA	susceptible	susceptible	susceptible	NA
562.22494	susceptible	NA	susceptible	susceptible	NA	NA	susceptible	susceptible	NA	susceptible	susceptible	NA	susceptible	susceptible	NA	NA	susceptible	NA	susceptible	NA	NA	NA	susceptible	NA	susceptible	NA	NA	susceptible	NA	NA	NA	susceptible	NA	NA	NA	susceptible	susceptible	susceptible	NA
562.22495	susceptible	NA	susceptible	susceptible	NA	NA	susceptible	susceptible	NA	susceptible	susceptible	NA	susceptible	susceptible	NA	NA	susceptible	NA	resistant	NA	NA	NA	susceptible	NA	susceptible	NA	NA	susceptible	NA	NA	NA	susceptible	NA	NA	NA	susceptible	susceptible	resistant	NA
562.22496	susceptible	NA	susceptible	resistant	NA	NA	susceptible	intermediate	NA	susceptible	susceptible	NA	susceptible	susceptible	NA	NA	susceptible	NA	resistant	NA	NA	NA	susceptible	NA	susceptible	NA	NA	susceptible	NA	NA	NA	susceptible	NA	NA	NA	susceptible	susceptible	resistant	NA
562.22479	susceptible	NA	resistant	resistant	NA	NA	resistant	resistant	NA	resistant	resistant	NA	susceptible	resistant	NA	NA	resistant	NA	resistant	NA	NA	NA	susceptible	NA	susceptible	NA	NA	susceptible	NA	NA	NA	susceptible	NA	NA	NA	susceptible	resistant	resistant	NA
562.22497	susceptible	NA	susceptible	susceptible	NA	NA	susceptible	susceptible	NA	susceptible	susceptible	NA	susceptible	susceptible	NA	NA	susceptible	NA	susceptible	NA	NA	NA	susceptible	NA	susceptible	NA	NA	susceptible	NA	NA	NA	susceptible	NA	NA	NA	susceptible	susceptible	susceptible	NA
562.22478	susceptible	NA	susceptible	resistant	NA	NA	resistant	resistant	NA	resistant	resistant	NA	susceptible	resistant	NA	NA	resistant	NA	resistant	NA	NA	NA	susceptible	NA	susceptible	NA	NA	susceptible	NA	NA	NA	susceptible	NA	NA	NA	susceptible	susceptible	susceptible	NA
562.22476	susceptible	NA	susceptible	resistant	NA	NA	susceptible	intermediate	NA	susceptible	susceptible	NA	susceptible	susceptible	NA	NA	susceptible	NA	susceptible	NA	NA	NA	susceptible	NA	resistant	NA	NA	susceptible	NA	NA	NA	susceptible	NA	NA	NA	susceptible	resistant	resistant	NA
562.22458	susceptible	NA	susceptible	susceptible	NA	NA	susceptible	intermediate	NA	susceptible	susceptible	NA	susceptible	susceptible	NA	NA	susceptible	NA	susceptible	NA	NA	NA	susceptible	NA	susceptible	NA	NA	susceptible	NA	NA	NA	susceptible	NA	NA	NA	susceptible	susceptible	susceptible	NA
562.22459	susceptible	NA	susceptible	susceptible	NA	NA	susceptible	susceptible	NA	susceptible	susceptible	NA	susceptible	susceptible	NA	NA	susceptible	NA	susceptible	NA	NA	NA	susceptible	NA	susceptible	NA	NA	susceptible	NA	NA	NA	NA	NA	NA	NA	susceptible	susceptible	susceptible	NA
562.2246	susceptible	NA	susceptible	resistant	NA	NA	susceptible	intermediate	NA	susceptible	susceptible	NA	susceptible	susceptible	NA	NA	susceptible	NA	resistant	NA	NA	NA	susceptible	NA	susceptible	NA	NA	susceptible	NA	NA	NA	susceptible	NA	NA	NA	susceptible	susceptible	resistant	NA
562.22461	susceptible	NA	resistant	resistant	NA	NA	susceptible	intermediate	NA	susceptible	susceptible	NA	susceptible	susceptible	NA	NA	susceptible	NA	susceptible	NA	NA	NA	susceptible	NA	susceptible	NA	NA	susceptible	NA	NA	NA	susceptible	NA	NA	NA	susceptible	susceptible	resistant	NA
562.22462	susceptible	NA	susceptible	resistant	NA	NA	susceptible	intermediate	NA	susceptible	susceptible	NA	susceptible	susceptible	NA	NA	susceptible	NA	susceptible	NA	NA	NA	susceptible	NA	susceptible	NA	NA	susceptible	NA	NA	NA	susceptible	NA	NA	NA	susceptible	susceptible	susceptible	NA
562.22463	susceptible	NA	susceptible	susceptible	NA	NA	susceptible	intermediate	NA	susceptible	susceptible	NA	susceptible	susceptible	NA	NA	susceptible	NA	susceptible	NA	NA	NA	susceptible	NA	susceptible	NA	NA	susceptible	NA	NA	NA	susceptible	NA	NA	NA	susceptible	susceptible	susceptible	NA
562.22464	susceptible	NA	susceptible	resistant	NA	NA	susceptible	intermediate	NA	susceptible	susceptible	NA	intermediate	susceptible	NA	NA	susceptible	NA	susceptible	NA	NA	NA	susceptible	NA	susceptible	NA	NA	susceptible	NA	NA	NA	susceptible	NA	NA	NA	susceptible	susceptible	susceptible	NA
562.22465	susceptible	NA	resistant	resistant	NA	NA	susceptible	intermediate	NA	susceptible	susceptible	NA	susceptible	susceptible	NA	NA	susceptible	NA	resistant	NA	NA	NA	susceptible	NA	resistant	NA	NA	susceptible	NA	NA	NA	susceptible	NA	NA	NA	susceptible	intermediate	resistant	NA
562.22466	susceptible	NA	susceptible	resistant	NA	NA	susceptible	intermediate	NA	susceptible	susceptible	NA	susceptible	susceptible	NA	NA	susceptible	NA	susceptible	NA	NA	NA	susceptible	NA	susceptible	NA	NA	susceptible	NA	NA	NA	susceptible	NA	NA	NA	susceptible	susceptible	resistant	NA
562.22467	susceptible	NA	susceptible	resistant	NA	NA	susceptible	intermediate	NA	susceptible	susceptible	NA	susceptible	susceptible	NA	NA	susceptible	NA	susceptible	NA	NA	NA	susceptible	NA	susceptible	NA	NA	susceptible	NA	NA	NA	susceptible	NA	NA	NA	susceptible	susceptible	susceptible	NA
562.22468	susceptible	NA	susceptible	susceptible	NA	NA	susceptible	susceptible	NA	susceptible	susceptible	NA	susceptible	susceptible	NA	NA	susceptible	NA	susceptible	NA	NA	NA	susceptible	NA	susceptible	NA	NA	susceptible	NA	NA	NA	susceptible	NA	NA	NA	susceptible	susceptible	susceptible	NA
562.22469	susceptible	NA	resistant	resistant	NA	NA	susceptible	intermediate	NA	susceptible	susceptible	NA	susceptible	susceptible	NA	NA	susceptible	NA	intermediate	NA	NA	NA	susceptible	NA	susceptible	NA	NA	susceptible	NA	NA	NA	susceptible	NA	NA	NA	susceptible	susceptible	susceptible	NA
562.2247	susceptible	NA	susceptible	susceptible	NA	NA	susceptible	intermediate	NA	susceptible	susceptible	NA	susceptible	susceptible	NA	NA	susceptible	NA	susceptible	NA	NA	NA	susceptible	NA	susceptible	NA	NA	susceptible	NA	NA	NA	susceptible	NA	NA	NA	susceptible	susceptible	resistant	NA
562.22471	susceptible	NA	susceptible	resistant	NA	NA	susceptible	susceptible	NA	susceptible	susceptible	NA	susceptible	susceptible	NA	NA	susceptible	NA	resistant	NA	NA	NA	susceptible	NA	susceptible	NA	NA	susceptible	NA	NA	NA	susceptible	NA	NA	NA	susceptible	susceptible	resistant	NA
562.22472	susceptible	NA	resistant	resistant	NA	NA	susceptible	intermediate	NA	susceptible	susceptible	NA	susceptible	susceptible	NA	NA	susceptible	NA	intermediate	NA	NA	NA	susceptible	NA	susceptible	NA	NA	susceptible	NA	NA	NA	susceptible	NA	NA	NA	susceptible	susceptible	susceptible	NA
562.22473	susceptible	NA	susceptible	susceptible	NA	NA	susceptible	susceptible	NA	susceptible	susceptible	NA	susceptible	susceptible	NA	NA	susceptible	NA	susceptible	NA	NA	NA	susceptible	NA	susceptible	NA	NA	susceptible	NA	NA	NA	susceptible	NA	NA	NA	susceptible	susceptible	susceptible	NA
562.22474	susceptible	NA	resistant	resistant	NA	NA	susceptible	intermediate	NA	susceptible	susceptible	NA	susceptible	susceptible	NA	NA	susceptible	NA	susceptible	NA	NA	NA	susceptible	NA	susceptible	NA	NA	susceptible	NA	NA	NA	susceptible	NA	NA	NA	susceptible	susceptible	susceptible	NA
562.22477	susceptible	NA	susceptible	susceptible	NA	NA	susceptible	susceptible	NA	susceptible	susceptible	NA	susceptible	susceptible	NA	NA	susceptible	NA	susceptible	NA	NA	NA	susceptible	NA	susceptible	NA	NA	susceptible	NA	NA	NA	susceptible	NA	NA	NA	susceptible	susceptible	susceptible	NA
562.22624	susceptible	NA	susceptible	susceptible	NA	NA	susceptible	susceptible	NA	susceptible	susceptible	NA	susceptible	susceptible	NA	NA	susceptible	NA	susceptible	NA	NA	NA	susceptible	NA	susceptible	NA	NA	susceptible	NA	NA	NA	susceptible	NA	NA	NA	susceptible	susceptible	susceptible	NA
562.22498	susceptible	NA	susceptible	susceptible	NA	NA	susceptible	susceptible	NA	susceptible	susceptible	NA	susceptible	susceptible	NA	NA	susceptible	NA	susceptible	NA	NA	NA	susceptible	NA	susceptible	NA	NA	susceptible	NA	NA	NA	susceptible	NA	NA	NA	susceptible	susceptible	susceptible	NA
562.225	susceptible	NA	susceptible	resistant	NA	NA	susceptible	intermediate	NA	susceptible	susceptible	NA	susceptible	susceptible	NA	NA	susceptible	NA	susceptible	NA	NA	NA	susceptible	NA	susceptible	NA	NA	susceptible	NA	NA	NA	susceptible	NA	NA	NA	susceptible	susceptible	intermediate	NA
562.22522	susceptible	NA	susceptible	susceptible	NA	NA	susceptible	intermediate	NA	susceptible	susceptible	NA	susceptible	susceptible	NA	NA	susceptible	NA	susceptible	NA	NA	NA	susceptible	NA	susceptible	NA	NA	susceptible	NA	NA	NA	susceptible	NA	NA	NA	susceptible	susceptible	susceptible	NA
562.22523	intermediate	NA	susceptible	susceptible	NA	NA	susceptible	intermediate	NA	susceptible	susceptible	NA	susceptible	susceptible	NA	NA	susceptible	NA	susceptible	NA	NA	NA	susceptible	NA	intermediate	NA	NA	susceptible	NA	NA	NA	susceptible	NA	NA	NA	susceptible	intermediate	susceptible	NA
562.22524	susceptible	NA	susceptible	resistant	NA	NA	susceptible	susceptible	NA	susceptible	susceptible	NA	susceptible	susceptible	NA	NA	susceptible	NA	susceptible	NA	NA	NA	susceptible	NA	susceptible	NA	NA	susceptible	NA	NA	NA	susceptible	NA	NA	NA	susceptible	susceptible	susceptible	NA
562.22525	susceptible	NA	susceptible	resistant	NA	NA	susceptible	susceptible	NA	susceptible	susceptible	NA	susceptible	susceptible	NA	NA	susceptible	NA	susceptible	NA	NA	NA	susceptible	NA	susceptible	NA	NA	susceptible	NA	NA	NA	susceptible	NA	NA	NA	susceptible	susceptible	susceptible	NA
562.22526	susceptible	NA	susceptible	susceptible	NA	NA	susceptible	susceptible	NA	susceptible	susceptible	NA	susceptible	susceptible	NA	NA	susceptible	NA	susceptible	NA	NA	NA	susceptible	NA	susceptible	NA	NA	susceptible	NA	NA	NA	susceptible	NA	NA	NA	susceptible	susceptible	susceptible	NA
562.22527	susceptible	NA	resistant	resistant	NA	NA	susceptible	intermediate	NA	susceptible	susceptible	NA	susceptible	susceptible	NA	NA	susceptible	NA	resistant	NA	NA	NA	susceptible	NA	susceptible	NA	NA	susceptible	NA	NA	NA	susceptible	NA	NA	NA	susceptible	susceptible	resistant	NA
562.22528	susceptible	NA	susceptible	resistant	NA	NA	susceptible	susceptible	NA	susceptible	susceptible	NA	susceptible	susceptible	NA	NA	susceptible	NA	susceptible	NA	NA	NA	susceptible	NA	susceptible	NA	NA	susceptible	NA	NA	NA	susceptible	NA	NA	NA	susceptible	susceptible	susceptible	NA
562.22529	susceptible	NA	susceptible	resistant	NA	NA	resistant	resistant	NA	susceptible	resistant	NA	susceptible	resistant	NA	NA	resistant	NA	susceptible	NA	NA	NA	susceptible	NA	susceptible	NA	NA	susceptible	NA	NA	NA	susceptible	NA	NA	NA	susceptible	susceptible	susceptible	NA
562.2253	susceptible	NA	susceptible	susceptible	NA	NA	susceptible	susceptible	NA	susceptible	susceptible	NA	susceptible	susceptible	NA	NA	susceptible	NA	susceptible	NA	NA	NA	susceptible	NA	susceptible	NA	NA	susceptible	NA	NA	NA	susceptible	NA	NA	NA	susceptible	susceptible	susceptible	NA
562.22531	susceptible	NA	susceptible	resistant	NA	NA	susceptible	susceptible	NA	susceptible	susceptible	NA	susceptible	susceptible	NA	NA	susceptible	NA	resistant	NA	NA	NA	susceptible	NA	susceptible	NA	NA	susceptible	NA	NA	NA	susceptible	NA	NA	NA	susceptible	susceptible	resistant	NA
562.22532	susceptible	NA	susceptible	susceptible	NA	NA	susceptible	susceptible	NA	susceptible	susceptible	NA	susceptible	susceptible	NA	NA	susceptible	NA	susceptible	NA	NA	NA	susceptible	NA	susceptible	NA	NA	susceptible	NA	NA	NA	susceptible	NA	NA	NA	susceptible	susceptible	susceptible	NA
562.22533	susceptible	NA	susceptible	susceptible	NA	NA	susceptible	susceptible	NA	susceptible	susceptible	NA	susceptible	susceptible	NA	NA	susceptible	NA	susceptible	NA	NA	NA	susceptible	NA	susceptible	NA	NA	susceptible	NA	NA	NA	susceptible	NA	NA	NA	susceptible	susceptible	susceptible	NA
562.22534	susceptible	NA	susceptible	resistant	NA	NA	susceptible	susceptible	NA	susceptible	susceptible	NA	susceptible	susceptible	NA	NA	susceptible	NA	susceptible	NA	NA	NA	susceptible	NA	susceptible	NA	NA	susceptible	NA	NA	NA	susceptible	NA	NA	NA	susceptible	susceptible	susceptible	NA
562.22535	susceptible	NA	resistant	resistant	NA	NA	intermediate	resistant	NA	intermediate	resistant	NA	susceptible	susceptible	NA	NA	resistant	NA	susceptible	NA	NA	NA	susceptible	NA	susceptible	NA	NA	susceptible	NA	NA	NA	susceptible	NA	NA	NA	susceptible	susceptible	susceptible	NA
562.22536	susceptible	NA	resistant	resistant	NA	NA	resistant	resistant	NA	resistant	resistant	NA	susceptible	resistant	NA	NA	resistant	NA	resistant	NA	NA	NA	susceptible	NA	susceptible	NA	NA	susceptible	NA	NA	NA	susceptible	NA	NA	NA	susceptible	resistant	resistant	NA
562.22537	susceptible	NA	resistant	resistant	NA	NA	susceptible	resistant	NA	susceptible	susceptible	NA	intermediate	susceptible	NA	NA	resistant	NA	susceptible	NA	NA	NA	susceptible	NA	susceptible	NA	NA	susceptible	NA	NA	NA	susceptible	NA	NA	NA	susceptible	susceptible	susceptible	NA
562.22538	susceptible	NA	susceptible	resistant	NA	NA	susceptible	susceptible	NA	susceptible	susceptible	NA	susceptible	susceptible	NA	NA	susceptible	NA	susceptible	NA	NA	NA	susceptible	NA	susceptible	NA	NA	susceptible	NA	NA	NA	susceptible	NA	NA	NA	susceptible	susceptible	resistant	NA
562.22521	susceptible	NA	resistant	resistant	NA	NA	susceptible	intermediate	NA	susceptible	susceptible	NA	susceptible	susceptible	NA	NA	resistant	NA	susceptible	NA	NA	NA	susceptible	NA	susceptible	NA	NA	susceptible	NA	NA	NA	resistant	NA	NA	NA	susceptible	susceptible	resistant	NA
562.22499	susceptible	NA	resistant	resistant	NA	NA	susceptible	intermediate	NA	susceptible	susceptible	NA	susceptible	susceptible	NA	NA	susceptible	NA	resistant	NA	NA	NA	susceptible	NA	resistant	NA	NA	susceptible	NA	NA	NA	susceptible	NA	NA	NA	susceptible	resistant	resistant	NA
562.2252	susceptible	NA	susceptible	resistant	NA	NA	susceptible	intermediate	NA	susceptible	susceptible	NA	susceptible	susceptible	NA	NA	susceptible	NA	susceptible	NA	NA	NA	susceptible	NA	susceptible	NA	NA	susceptible	NA	NA	NA	susceptible	NA	NA	NA	susceptible	susceptible	resistant	NA
562.22518	intermediate	NA	resistant	resistant	NA	NA	susceptible	resistant	NA	susceptible	resistant	NA	susceptible	susceptible	NA	NA	resistant	NA	resistant	NA	NA	NA	susceptible	NA	susceptible	NA	NA	susceptible	NA	NA	NA	susceptible	NA	NA	NA	susceptible	resistant	resistant	NA
562.22501	susceptible	NA	resistant	resistant	NA	NA	susceptible	resistant	NA	susceptible	resistant	NA	intermediate	resistant	NA	NA	resistant	NA	resistant	NA	NA	NA	susceptible	NA	susceptible	NA	NA	susceptible	NA	NA	NA	intermediate	NA	NA	NA	susceptible	susceptible	resistant	NA
562.22502	susceptible	NA	susceptible	susceptible	NA	NA	susceptible	susceptible	NA	susceptible	susceptible	NA	susceptible	susceptible	NA	NA	susceptible	NA	susceptible	NA	NA	NA	susceptible	NA	susceptible	NA	NA	susceptible	NA	NA	NA	susceptible	NA	NA	NA	susceptible	susceptible	susceptible	NA
562.22503	intermediate	NA	resistant	resistant	NA	NA	resistant	resistant	NA	resistant	resistant	NA	intermediate	resistant	NA	NA	resistant	NA	resistant	NA	NA	NA	susceptible	NA	resistant	NA	NA	susceptible	NA	NA	NA	susceptible	NA	NA	NA	susceptible	resistant	susceptible	NA
562.22504	susceptible	NA	susceptible	susceptible	NA	NA	susceptible	susceptible	NA	susceptible	susceptible	NA	susceptible	susceptible	NA	NA	susceptible	NA	susceptible	NA	NA	NA	susceptible	NA	susceptible	NA	NA	susceptible	NA	NA	NA	susceptible	NA	NA	NA	susceptible	susceptible	susceptible	NA
562.22505	susceptible	NA	resistant	resistant	NA	NA	susceptible	intermediate	NA	susceptible	susceptible	NA	susceptible	susceptible	NA	NA	susceptible	NA	susceptible	NA	NA	NA	susceptible	NA	susceptible	NA	NA	susceptible	NA	NA	NA	resistant	NA	NA	NA	susceptible	susceptible	susceptible	NA
562.22506	susceptible	NA	susceptible	susceptible	NA	NA	susceptible	susceptible	NA	susceptible	susceptible	NA	susceptible	susceptible	NA	NA	susceptible	NA	susceptible	NA	NA	NA	susceptible	NA	susceptible	NA	NA	susceptible	NA	NA	NA	susceptible	NA	NA	NA	susceptible	susceptible	susceptible	NA
562.22507	susceptible	NA	susceptible	susceptible	NA	NA	susceptible	intermediate	NA	susceptible	susceptible	NA	susceptible	susceptible	NA	NA	susceptible	NA	susceptible	NA	NA	NA	susceptible	NA	susceptible	NA	NA	susceptible	NA	NA	NA	susceptible	NA	NA	NA	susceptible	susceptible	susceptible	NA
562.22508	susceptible	NA	susceptible	resistant	NA	NA	susceptible	susceptible	NA	susceptible	susceptible	NA	susceptible	susceptible	NA	NA	susceptible	NA	susceptible	NA	NA	NA	susceptible	NA	susceptible	NA	NA	susceptible	NA	NA	NA	susceptible	NA	NA	NA	susceptible	susceptible	resistant	NA
562.22509	susceptible	NA	susceptible	susceptible	NA	NA	susceptible	susceptible	NA	susceptible	susceptible	NA	susceptible	susceptible	NA	NA	susceptible	NA	susceptible	NA	NA	NA	susceptible	NA	susceptible	NA	NA	susceptible	NA	NA	NA	susceptible	NA	NA	NA	susceptible	susceptible	susceptible	NA
562.2251	susceptible	NA	susceptible	susceptible	NA	NA	susceptible	susceptible	NA	susceptible	susceptible	NA	susceptible	susceptible	NA	NA	susceptible	NA	susceptible	NA	NA	NA	susceptible	NA	susceptible	NA	NA	susceptible	NA	NA	NA	susceptible	NA	NA	NA	susceptible	susceptible	susceptible	NA
562.22511	susceptible	NA	susceptible	susceptible	NA	NA	susceptible	susceptible	NA	susceptible	susceptible	NA	susceptible	susceptible	NA	NA	susceptible	NA	susceptible	NA	NA	NA	susceptible	NA	susceptible	NA	NA	susceptible	NA	NA	NA	susceptible	NA	NA	NA	susceptible	susceptible	susceptible	NA
562.22512	susceptible	NA	resistant	resistant	NA	NA	susceptible	intermediate	NA	susceptible	susceptible	NA	susceptible	susceptible	NA	NA	susceptible	NA	susceptible	NA	NA	NA	susceptible	NA	susceptible	NA	NA	susceptible	NA	NA	NA	susceptible	NA	NA	NA	susceptible	susceptible	susceptible	NA
562.22513	susceptible	NA	susceptible	susceptible	NA	NA	susceptible	susceptible	NA	susceptible	susceptible	NA	susceptible	susceptible	NA	NA	susceptible	NA	susceptible	NA	NA	NA	susceptible	NA	susceptible	NA	NA	susceptible	NA	NA	NA	susceptible	NA	NA	NA	susceptible	susceptible	susceptible	NA
562.22514	susceptible	NA	susceptible	susceptible	NA	NA	susceptible	intermediate	NA	susceptible	susceptible	NA	susceptible	susceptible	NA	NA	susceptible	NA	susceptible	NA	NA	NA	susceptible	NA	susceptible	NA	NA	susceptible	NA	NA	NA	susceptible	NA	NA	NA	susceptible	susceptible	susceptible	NA
562.22515	susceptible	NA	susceptible	resistant	NA	NA	susceptible	susceptible	NA	susceptible	susceptible	NA	susceptible	susceptible	NA	NA	susceptible	NA	susceptible	NA	NA	NA	susceptible	NA	susceptible	NA	NA	susceptible	NA	NA	NA	susceptible	NA	NA	NA	susceptible	susceptible	susceptible	NA
562.22516	susceptible	NA	susceptible	resistant	NA	NA	susceptible	susceptible	NA	susceptible	susceptible	NA	susceptible	susceptible	NA	NA	susceptible	NA	susceptible	NA	NA	NA	susceptible	NA	susceptible	NA	NA	susceptible	NA	NA	NA	susceptible	NA	NA	NA	susceptible	susceptible	resistant	NA
562.22517	susceptible	NA	susceptible	susceptible	NA	NA	susceptible	susceptible	NA	susceptible	susceptible	NA	susceptible	susceptible	NA	NA	susceptible	NA	susceptible	NA	NA	NA	susceptible	NA	susceptible	NA	NA	susceptible	NA	NA	NA	susceptible	NA	NA	NA	susceptible	susceptible	susceptible	NA
562.22519	susceptible	NA	susceptible	resistant	NA	NA	susceptible	intermediate	NA	susceptible	susceptible	NA	susceptible	susceptible	NA	NA	susceptible	NA	susceptible	NA	NA	NA	susceptible	NA	susceptible	NA	NA	susceptible	NA	NA	NA	susceptible	NA	NA	NA	susceptible	susceptible	susceptible	NA
562.22457	resistant	NA	resistant	resistant	NA	NA	susceptible	resistant	NA	susceptible	susceptible	NA	intermediate	susceptible	NA	NA	resistant	NA	resistant	NA	NA	NA	susceptible	NA	susceptible	NA	NA	susceptible	NA	NA	NA	resistant	NA	NA	NA	susceptible	resistant	resistant	NA
562.22625	susceptible	NA	susceptible	susceptible	NA	NA	susceptible	intermediate	NA	susceptible	susceptible	NA	susceptible	susceptible	NA	NA	susceptible	NA	susceptible	NA	NA	NA	susceptible	NA	susceptible	NA	NA	susceptible	NA	NA	NA	susceptible	NA	NA	NA	susceptible	susceptible	susceptible	NA
562.22627	susceptible	NA	susceptible	susceptible	NA	NA	susceptible	susceptible	NA	susceptible	susceptible	NA	susceptible	susceptible	NA	NA	susceptible	NA	susceptible	NA	NA	NA	susceptible	NA	susceptible	NA	NA	susceptible	NA	NA	NA	susceptible	NA	NA	NA	susceptible	susceptible	susceptible	NA
562.22733	susceptible	NA	susceptible	resistant	NA	NA	resistant	resistant	NA	intermediate	resistant	NA	susceptible	intermediate	NA	NA	resistant	NA	resistant	NA	NA	NA	susceptible	NA	susceptible	NA	NA	susceptible	NA	NA	NA	susceptible	NA	NA	NA	susceptible	susceptible	susceptible	NA
562.22734	susceptible	NA	susceptible	resistant	NA	NA	susceptible	susceptible	NA	susceptible	susceptible	NA	susceptible	susceptible	NA	NA	susceptible	NA	susceptible	NA	NA	NA	susceptible	NA	susceptible	NA	NA	susceptible	NA	NA	NA	susceptible	NA	NA	NA	susceptible	susceptible	resistant	NA
562.22735	susceptible	NA	resistant	resistant	NA	NA	susceptible	intermediate	NA	susceptible	susceptible	NA	susceptible	susceptible	NA	NA	susceptible	NA	susceptible	NA	NA	NA	susceptible	NA	susceptible	NA	NA	susceptible	NA	NA	NA	susceptible	NA	NA	NA	susceptible	susceptible	susceptible	NA
562.22736	susceptible	NA	susceptible	susceptible	NA	NA	susceptible	susceptible	NA	susceptible	susceptible	NA	susceptible	susceptible	NA	NA	susceptible	NA	susceptible	NA	NA	NA	susceptible	NA	susceptible	NA	NA	susceptible	NA	NA	NA	susceptible	NA	NA	NA	susceptible	susceptible	susceptible	NA
562.22737	susceptible	NA	susceptible	susceptible	NA	NA	susceptible	intermediate	NA	susceptible	susceptible	NA	susceptible	susceptible	NA	NA	susceptible	NA	susceptible	NA	NA	NA	susceptible	NA	susceptible	NA	NA	susceptible	NA	NA	NA	susceptible	NA	NA	NA	susceptible	susceptible	susceptible	NA
562.22738	susceptible	NA	susceptible	susceptible	NA	NA	susceptible	susceptible	NA	susceptible	susceptible	NA	susceptible	susceptible	NA	NA	susceptible	NA	susceptible	NA	NA	NA	susceptible	NA	susceptible	NA	NA	susceptible	NA	NA	NA	susceptible	NA	NA	NA	susceptible	susceptible	susceptible	NA
562.2274	susceptible	NA	susceptible	susceptible	NA	NA	susceptible	intermediate	NA	susceptible	susceptible	NA	susceptible	susceptible	NA	NA	susceptible	NA	susceptible	NA	NA	NA	susceptible	NA	susceptible	NA	NA	susceptible	NA	NA	NA	susceptible	NA	NA	NA	susceptible	susceptible	susceptible	NA
562.22732	susceptible	NA	susceptible	susceptible	NA	NA	susceptible	susceptible	NA	susceptible	susceptible	NA	susceptible	susceptible	NA	NA	susceptible	NA	susceptible	NA	NA	NA	susceptible	NA	susceptible	NA	NA	susceptible	NA	NA	NA	susceptible	NA	NA	NA	susceptible	susceptible	susceptible	NA
562.22741	susceptible	NA	susceptible	resistant	NA	NA	susceptible	intermediate	NA	susceptible	susceptible	NA	susceptible	susceptible	NA	NA	susceptible	NA	susceptible	NA	NA	NA	susceptible	NA	susceptible	NA	NA	susceptible	NA	NA	NA	susceptible	NA	NA	NA	susceptible	susceptible	resistant	NA
562.22743	susceptible	NA	susceptible	resistant	NA	NA	susceptible	resistant	NA	susceptible	susceptible	NA	resistant	susceptible	NA	NA	resistant	NA	susceptible	NA	NA	NA	susceptible	NA	susceptible	NA	NA	susceptible	NA	NA	NA	susceptible	NA	NA	NA	intermediate	susceptible	susceptible	NA
562.22744	susceptible	NA	susceptible	resistant	NA	NA	susceptible	susceptible	NA	susceptible	susceptible	NA	susceptible	susceptible	NA	NA	susceptible	NA	susceptible	NA	NA	NA	susceptible	NA	susceptible	NA	NA	susceptible	NA	NA	NA	susceptible	NA	NA	NA	susceptible	susceptible	susceptible	NA
562.22745	susceptible	NA	resistant	resistant	NA	NA	susceptible	resistant	NA	susceptible	susceptible	NA	susceptible	susceptible	NA	NA	susceptible	NA	susceptible	NA	NA	NA	susceptible	NA	susceptible	NA	NA	susceptible	NA	NA	NA	resistant	NA	NA	NA	susceptible	susceptible	susceptible	NA
562.22746	susceptible	NA	susceptible	resistant	NA	NA	susceptible	susceptible	NA	susceptible	susceptible	NA	susceptible	susceptible	NA	NA	susceptible	NA	resistant	NA	NA	NA	susceptible	NA	susceptible	NA	NA	susceptible	NA	NA	NA	susceptible	NA	NA	NA	susceptible	susceptible	susceptible	NA
562.22747	susceptible	NA	susceptible	resistant	NA	NA	susceptible	intermediate	NA	susceptible	susceptible	NA	susceptible	susceptible	NA	NA	susceptible	NA	susceptible	NA	NA	NA	susceptible	NA	susceptible	NA	NA	susceptible	NA	NA	NA	susceptible	NA	NA	NA	susceptible	susceptible	resistant	NA
562.22748	susceptible	NA	susceptible	resistant	NA	NA	susceptible	susceptible	NA	susceptible	susceptible	NA	susceptible	susceptible	NA	NA	susceptible	NA	susceptible	NA	NA	NA	susceptible	NA	susceptible	NA	NA	susceptible	NA	NA	NA	susceptible	NA	NA	NA	susceptible	susceptible	resistant	NA
562.22749	susceptible	NA	susceptible	resistant	NA	NA	susceptible	susceptible	NA	susceptible	susceptible	NA	susceptible	susceptible	NA	NA	susceptible	NA	susceptible	NA	NA	NA	susceptible	NA	susceptible	NA	NA	susceptible	NA	NA	NA	susceptible	NA	NA	NA	susceptible	susceptible	susceptible	NA
562.22742	susceptible	NA	susceptible	resistant	NA	NA	susceptible	intermediate	NA	susceptible	susceptible	NA	susceptible	susceptible	NA	NA	susceptible	NA	susceptible	NA	NA	NA	susceptible	NA	susceptible	NA	NA	susceptible	NA	NA	NA	susceptible	NA	NA	NA	susceptible	susceptible	resistant	NA
562.22731	susceptible	NA	susceptible	susceptible	NA	NA	susceptible	intermediate	NA	susceptible	susceptible	NA	susceptible	susceptible	NA	NA	susceptible	NA	susceptible	NA	NA	NA	susceptible	NA	susceptible	NA	NA	susceptible	NA	NA	NA	susceptible	NA	NA	NA	susceptible	susceptible	susceptible	NA
562.2273	susceptible	NA	susceptible	susceptible	NA	NA	susceptible	susceptible	NA	susceptible	susceptible	NA	susceptible	susceptible	NA	NA	susceptible	NA	susceptible	NA	NA	NA	susceptible	NA	susceptible	NA	NA	susceptible	NA	NA	NA	susceptible	NA	NA	NA	susceptible	susceptible	susceptible	NA
562.22729	susceptible	NA	susceptible	resistant	NA	NA	susceptible	intermediate	NA	susceptible	susceptible	NA	susceptible	susceptible	NA	NA	susceptible	NA	susceptible	NA	NA	NA	susceptible	NA	susceptible	NA	NA	susceptible	NA	NA	NA	susceptible	NA	NA	NA	susceptible	susceptible	susceptible	NA
562.22712	susceptible	NA	susceptible	susceptible	NA	NA	susceptible	susceptible	NA	susceptible	susceptible	NA	susceptible	susceptible	NA	NA	susceptible	NA	susceptible	NA	NA	NA	susceptible	NA	susceptible	NA	NA	susceptible	NA	NA	NA	susceptible	NA	NA	NA	susceptible	susceptible	susceptible	NA
562.22713	susceptible	NA	susceptible	resistant	NA	NA	susceptible	intermediate	NA	susceptible	susceptible	NA	susceptible	susceptible	NA	NA	susceptible	NA	susceptible	NA	NA	NA	susceptible	NA	susceptible	NA	NA	susceptible	NA	NA	NA	susceptible	NA	NA	NA	susceptible	susceptible	susceptible	NA
562.22714	susceptible	NA	resistant	resistant	NA	NA	susceptible	intermediate	NA	susceptible	susceptible	NA	susceptible	susceptible	NA	NA	susceptible	NA	susceptible	NA	NA	NA	susceptible	NA	susceptible	NA	NA	susceptible	NA	NA	NA	susceptible	NA	NA	NA	susceptible	susceptible	resistant	NA
562.22715	susceptible	NA	resistant	resistant	NA	NA	susceptible	susceptible	NA	susceptible	susceptible	NA	susceptible	susceptible	NA	NA	susceptible	NA	susceptible	NA	NA	NA	susceptible	NA	susceptible	NA	NA	susceptible	NA	NA	NA	susceptible	NA	NA	NA	susceptible	susceptible	susceptible	NA
562.22716	susceptible	NA	susceptible	resistant	NA	NA	susceptible	intermediate	NA	susceptible	susceptible	NA	susceptible	susceptible	NA	NA	susceptible	NA	susceptible	NA	NA	NA	susceptible	NA	susceptible	NA	NA	susceptible	NA	NA	NA	susceptible	NA	NA	NA	susceptible	susceptible	susceptible	NA
562.22717	susceptible	NA	resistant	resistant	NA	NA	resistant	resistant	NA	intermediate	resistant	NA	susceptible	intermediate	NA	NA	resistant	NA	resistant	NA	NA	NA	susceptible	NA	resistant	NA	NA	susceptible	NA	NA	NA	susceptible	NA	NA	NA	susceptible	resistant	susceptible	NA
562.22718	susceptible	NA	susceptible	resistant	NA	NA	susceptible	intermediate	NA	susceptible	susceptible	NA	susceptible	susceptible	NA	NA	susceptible	NA	resistant	NA	NA	NA	susceptible	NA	susceptible	NA	NA	susceptible	NA	NA	NA	susceptible	NA	NA	NA	susceptible	susceptible	resistant	NA
562.22719	susceptible	NA	susceptible	susceptible	NA	NA	susceptible	susceptible	NA	susceptible	susceptible	NA	susceptible	susceptible	NA	NA	susceptible	NA	susceptible	NA	NA	NA	susceptible	NA	susceptible	NA	NA	susceptible	NA	NA	NA	susceptible	NA	NA	NA	susceptible	susceptible	susceptible	NA
562.2272	susceptible	NA	susceptible	susceptible	NA	NA	susceptible	susceptible	NA	susceptible	susceptible	NA	susceptible	susceptible	NA	NA	susceptible	NA	susceptible	NA	NA	NA	susceptible	NA	susceptible	NA	NA	susceptible	NA	NA	NA	susceptible	NA	NA	NA	susceptible	susceptible	susceptible	NA
562.22721	susceptible	NA	susceptible	resistant	NA	NA	susceptible	susceptible	NA	susceptible	susceptible	NA	susceptible	susceptible	NA	NA	susceptible	NA	resistant	NA	NA	NA	susceptible	NA	susceptible	NA	NA	susceptible	NA	NA	NA	susceptible	NA	NA	NA	susceptible	susceptible	resistant	NA
562.22722	susceptible	NA	resistant	resistant	NA	NA	susceptible	resistant	NA	susceptible	susceptible	NA	susceptible	susceptible	NA	NA	susceptible	NA	susceptible	NA	NA	NA	susceptible	NA	susceptible	NA	NA	susceptible	NA	NA	NA	resistant	NA	NA	NA	susceptible	susceptible	resistant	NA
562.22723	susceptible	NA	susceptible	resistant	NA	NA	susceptible	susceptible	NA	susceptible	susceptible	NA	susceptible	susceptible	NA	NA	susceptible	NA	susceptible	NA	NA	NA	susceptible	NA	susceptible	NA	NA	susceptible	NA	NA	NA	susceptible	NA	NA	NA	susceptible	susceptible	resistant	NA
562.22724	susceptible	NA	resistant	resistant	NA	NA	susceptible	intermediate	NA	susceptible	susceptible	NA	susceptible	susceptible	NA	NA	susceptible	NA	resistant	NA	NA	NA	susceptible	NA	susceptible	NA	NA	susceptible	NA	NA	NA	susceptible	NA	NA	NA	susceptible	susceptible	resistant	NA
562.22725	susceptible	NA	susceptible	susceptible	NA	NA	susceptible	susceptible	NA	susceptible	susceptible	NA	susceptible	susceptible	NA	NA	susceptible	NA	susceptible	NA	NA	NA	susceptible	NA	susceptible	NA	NA	susceptible	NA	NA	NA	susceptible	NA	NA	NA	susceptible	susceptible	susceptible	NA
562.22726	susceptible	NA	susceptible	susceptible	NA	NA	susceptible	susceptible	NA	susceptible	susceptible	NA	susceptible	susceptible	NA	NA	susceptible	NA	susceptible	NA	NA	NA	susceptible	NA	susceptible	NA	NA	susceptible	NA	NA	NA	susceptible	NA	NA	NA	susceptible	susceptible	susceptible	NA
562.22727	susceptible	NA	resistant	resistant	NA	NA	susceptible	susceptible	NA	susceptible	susceptible	NA	susceptible	susceptible	NA	NA	susceptible	NA	susceptible	NA	NA	NA	susceptible	NA	susceptible	NA	NA	susceptible	NA	NA	NA	susceptible	NA	NA	NA	susceptible	susceptible	susceptible	NA
562.22728	susceptible	NA	resistant	resistant	NA	NA	susceptible	intermediate	NA	susceptible	susceptible	NA	susceptible	susceptible	NA	NA	susceptible	NA	susceptible	NA	NA	NA	susceptible	NA	susceptible	NA	NA	susceptible	NA	NA	NA	susceptible	NA	NA	NA	susceptible	susceptible	resistant	NA
562.2275	susceptible	NA	resistant	resistant	NA	NA	susceptible	intermediate	NA	susceptible	susceptible	NA	susceptible	susceptible	NA	NA	susceptible	NA	susceptible	NA	NA	NA	susceptible	NA	susceptible	NA	NA	susceptible	NA	NA	NA	resistant	NA	NA	NA	susceptible	susceptible	susceptible	NA
562.22751	susceptible	NA	resistant	resistant	NA	NA	susceptible	intermediate	NA	susceptible	susceptible	NA	susceptible	susceptible	NA	NA	susceptible	NA	susceptible	NA	NA	NA	susceptible	NA	susceptible	NA	NA	susceptible	NA	NA	NA	susceptible	NA	NA	NA	susceptible	susceptible	resistant	NA
562.22752	susceptible	NA	susceptible	resistant	NA	NA	susceptible	intermediate	NA	susceptible	susceptible	NA	susceptible	susceptible	NA	NA	susceptible	NA	susceptible	NA	NA	NA	susceptible	NA	susceptible	NA	NA	susceptible	NA	NA	NA	susceptible	NA	NA	NA	susceptible	susceptible	resistant	NA
562.22753	susceptible	NA	susceptible	susceptible	NA	NA	susceptible	intermediate	NA	susceptible	susceptible	NA	susceptible	susceptible	NA	NA	susceptible	NA	susceptible	NA	NA	NA	susceptible	NA	susceptible	NA	NA	susceptible	NA	NA	NA	susceptible	NA	NA	NA	susceptible	susceptible	susceptible	NA
562.22775	susceptible	NA	susceptible	resistant	NA	NA	susceptible	susceptible	NA	susceptible	susceptible	NA	susceptible	susceptible	NA	NA	susceptible	NA	susceptible	NA	NA	NA	susceptible	NA	susceptible	NA	NA	susceptible	NA	NA	NA	susceptible	NA	NA	NA	susceptible	susceptible	resistant	NA
562.22776	susceptible	NA	susceptible	susceptible	NA	NA	susceptible	susceptible	NA	susceptible	susceptible	NA	susceptible	susceptible	NA	NA	susceptible	NA	susceptible	NA	NA	NA	susceptible	NA	susceptible	NA	NA	susceptible	NA	NA	NA	susceptible	NA	NA	NA	susceptible	susceptible	susceptible	NA
562.22777	susceptible	NA	susceptible	susceptible	NA	NA	susceptible	susceptible	NA	susceptible	susceptible	NA	susceptible	susceptible	NA	NA	susceptible	NA	susceptible	NA	NA	NA	susceptible	NA	susceptible	NA	NA	susceptible	NA	NA	NA	susceptible	NA	NA	NA	susceptible	susceptible	susceptible	NA
562.22778	susceptible	NA	susceptible	resistant	NA	NA	susceptible	intermediate	NA	susceptible	susceptible	NA	susceptible	susceptible	NA	NA	susceptible	NA	susceptible	NA	NA	NA	susceptible	NA	resistant	NA	NA	susceptible	NA	NA	NA	susceptible	NA	NA	NA	susceptible	resistant	susceptible	NA
562.22779	susceptible	NA	susceptible	susceptible	NA	NA	susceptible	susceptible	NA	susceptible	susceptible	NA	susceptible	susceptible	NA	NA	susceptible	NA	susceptible	NA	NA	NA	susceptible	NA	susceptible	NA	NA	susceptible	NA	NA	NA	susceptible	NA	NA	NA	susceptible	susceptible	susceptible	NA
562.2278	susceptible	NA	susceptible	resistant	NA	NA	susceptible	susceptible	NA	susceptible	susceptible	NA	susceptible	susceptible	NA	NA	susceptible	NA	susceptible	NA	NA	NA	susceptible	NA	susceptible	NA	NA	susceptible	NA	NA	NA	susceptible	NA	NA	NA	susceptible	susceptible	susceptible	NA
562.22781	susceptible	NA	susceptible	susceptible	NA	NA	susceptible	susceptible	NA	susceptible	susceptible	NA	susceptible	susceptible	NA	NA	susceptible	NA	susceptible	NA	NA	NA	susceptible	NA	susceptible	NA	NA	susceptible	NA	NA	NA	susceptible	NA	NA	NA	susceptible	susceptible	susceptible	NA
562.22782	susceptible	NA	resistant	resistant	NA	NA	susceptible	intermediate	NA	susceptible	susceptible	NA	susceptible	susceptible	NA	NA	susceptible	NA	susceptible	NA	NA	NA	susceptible	NA	susceptible	NA	NA	susceptible	NA	NA	NA	susceptible	NA	NA	NA	susceptible	susceptible	susceptible	NA
562.22783	intermediate	NA	resistant	resistant	NA	NA	susceptible	resistant	NA	susceptible	resistant	NA	susceptible	susceptible	NA	NA	resistant	NA	resistant	NA	NA	NA	susceptible	NA	susceptible	NA	NA	susceptible	NA	NA	NA	susceptible	NA	NA	NA	susceptible	resistant	resistant	NA
562.22784	susceptible	NA	resistant	resistant	NA	NA	susceptible	intermediate	NA	susceptible	susceptible	NA	susceptible	susceptible	NA	NA	susceptible	NA	susceptible	NA	NA	NA	susceptible	NA	susceptible	NA	NA	susceptible	NA	NA	NA	susceptible	NA	NA	NA	susceptible	susceptible	susceptible	NA
562.22785	susceptible	NA	susceptible	resistant	NA	NA	susceptible	intermediate	NA	susceptible	susceptible	NA	susceptible	susceptible	NA	NA	susceptible	NA	susceptible	NA	NA	NA	susceptible	NA	susceptible	NA	NA	susceptible	NA	NA	NA	susceptible	NA	NA	NA	susceptible	susceptible	susceptible	NA
562.22786	susceptible	NA	susceptible	resistant	NA	NA	susceptible	susceptible	NA	susceptible	susceptible	NA	susceptible	susceptible	NA	NA	susceptible	NA	susceptible	NA	NA	NA	susceptible	NA	susceptible	NA	NA	susceptible	NA	NA	NA	susceptible	NA	NA	NA	susceptible	susceptible	resistant	NA
562.22787	susceptible	NA	susceptible	resistant	NA	NA	intermediate	resistant	NA	susceptible	resistant	NA	susceptible	intermediate	NA	NA	resistant	NA	resistant	NA	NA	NA	susceptible	NA	susceptible	NA	NA	susceptible	NA	NA	NA	susceptible	NA	NA	NA	susceptible	susceptible	resistant	NA
562.22788	susceptible	NA	resistant	resistant	NA	NA	susceptible	susceptible	NA	susceptible	susceptible	NA	susceptible	susceptible	NA	NA	susceptible	NA	susceptible	NA	NA	NA	susceptible	NA	susceptible	NA	NA	susceptible	NA	NA	NA	susceptible	NA	NA	NA	susceptible	susceptible	susceptible	NA
562.22789	susceptible	NA	susceptible	resistant	NA	NA	susceptible	susceptible	NA	susceptible	susceptible	NA	susceptible	susceptible	NA	NA	susceptible	NA	susceptible	NA	NA	NA	susceptible	NA	susceptible	NA	NA	susceptible	NA	NA	NA	susceptible	NA	NA	NA	susceptible	susceptible	susceptible	NA
562.2279	susceptible	NA	susceptible	susceptible	NA	NA	susceptible	susceptible	NA	susceptible	susceptible	NA	susceptible	susceptible	NA	NA	susceptible	NA	susceptible	NA	NA	NA	susceptible	NA	susceptible	NA	NA	susceptible	NA	NA	NA	susceptible	NA	NA	NA	susceptible	susceptible	susceptible	NA
562.22791	susceptible	NA	susceptible	susceptible	NA	NA	susceptible	susceptible	NA	susceptible	susceptible	NA	susceptible	susceptible	NA	NA	susceptible	NA	susceptible	NA	NA	NA	susceptible	NA	susceptible	NA	NA	susceptible	NA	NA	NA	susceptible	NA	NA	NA	susceptible	susceptible	susceptible	NA
562.22774	susceptible	NA	resistant	resistant	NA	NA	susceptible	resistant	NA	susceptible	susceptible	NA	susceptible	susceptible	NA	NA	susceptible	NA	susceptible	NA	NA	NA	susceptible	NA	susceptible	NA	NA	susceptible	NA	NA	NA	resistant	NA	NA	NA	susceptible	susceptible	susceptible	NA
562.22711	susceptible	NA	resistant	resistant	NA	NA	susceptible	intermediate	NA	susceptible	susceptible	NA	susceptible	susceptible	NA	NA	susceptible	NA	susceptible	NA	NA	NA	susceptible	NA	susceptible	NA	NA	susceptible	NA	NA	NA	resistant	NA	NA	NA	susceptible	susceptible	susceptible	NA
562.22773	susceptible	NA	susceptible	susceptible	NA	NA	susceptible	intermediate	NA	susceptible	susceptible	NA	susceptible	susceptible	NA	NA	susceptible	NA	susceptible	NA	NA	NA	susceptible	NA	susceptible	NA	NA	susceptible	NA	NA	NA	susceptible	NA	NA	NA	susceptible	susceptible	susceptible	NA
562.22771	susceptible	NA	resistant	resistant	NA	NA	susceptible	intermediate	NA	susceptible	susceptible	NA	susceptible	susceptible	NA	NA	susceptible	NA	susceptible	NA	NA	NA	susceptible	NA	susceptible	NA	NA	susceptible	NA	NA	NA	susceptible	NA	NA	NA	susceptible	susceptible	resistant	NA
562.22754	susceptible	NA	resistant	resistant	NA	NA	resistant	resistant	NA	intermediate	resistant	NA	susceptible	intermediate	NA	NA	resistant	NA	resistant	NA	NA	NA	susceptible	NA	resistant	NA	NA	susceptible	NA	NA	NA	susceptible	NA	NA	NA	susceptible	resistant	resistant	NA
562.22755	susceptible	NA	susceptible	resistant	NA	NA	susceptible	intermediate	NA	susceptible	susceptible	NA	susceptible	susceptible	NA	NA	susceptible	NA	susceptible	NA	NA	NA	susceptible	NA	susceptible	NA	NA	susceptible	NA	NA	NA	susceptible	NA	NA	NA	susceptible	susceptible	resistant	NA
562.22756	susceptible	NA	susceptible	resistant	NA	NA	susceptible	susceptible	NA	susceptible	susceptible	NA	susceptible	susceptible	NA	NA	susceptible	NA	susceptible	NA	NA	NA	susceptible	NA	susceptible	NA	NA	susceptible	NA	NA	NA	susceptible	NA	NA	NA	susceptible	susceptible	susceptible	NA
562.22757	susceptible	NA	susceptible	resistant	NA	NA	susceptible	susceptible	NA	susceptible	susceptible	NA	susceptible	susceptible	NA	NA	susceptible	NA	susceptible	NA	NA	NA	susceptible	NA	susceptible	NA	NA	susceptible	NA	NA	NA	susceptible	NA	NA	NA	susceptible	susceptible	susceptible	NA
562.22758	susceptible	NA	resistant	resistant	NA	NA	susceptible	intermediate	NA	susceptible	susceptible	NA	susceptible	susceptible	NA	NA	susceptible	NA	susceptible	NA	NA	NA	susceptible	NA	susceptible	NA	NA	susceptible	NA	NA	NA	intermediate	NA	NA	NA	susceptible	susceptible	resistant	NA
562.22759	susceptible	NA	resistant	resistant	NA	NA	susceptible	resistant	NA	susceptible	susceptible	NA	susceptible	susceptible	NA	NA	susceptible	NA	susceptible	NA	NA	NA	susceptible	NA	susceptible	NA	NA	susceptible	NA	NA	NA	resistant	NA	NA	NA	susceptible	susceptible	susceptible	NA
562.2276	susceptible	NA	susceptible	susceptible	NA	NA	susceptible	intermediate	NA	susceptible	susceptible	NA	susceptible	susceptible	NA	NA	susceptible	NA	susceptible	NA	NA	NA	susceptible	NA	susceptible	NA	NA	susceptible	NA	NA	NA	susceptible	NA	NA	NA	susceptible	susceptible	susceptible	NA
562.22761	susceptible	NA	resistant	resistant	NA	NA	susceptible	resistant	NA	susceptible	susceptible	NA	susceptible	susceptible	NA	NA	susceptible	NA	resistant	NA	NA	NA	susceptible	NA	susceptible	NA	NA	susceptible	NA	NA	NA	NA	NA	NA	NA	susceptible	susceptible	intermediate	NA
562.22762	susceptible	NA	susceptible	susceptible	NA	NA	susceptible	susceptible	NA	susceptible	susceptible	NA	susceptible	susceptible	NA	NA	susceptible	NA	susceptible	NA	NA	NA	susceptible	NA	susceptible	NA	NA	susceptible	NA	NA	NA	susceptible	NA	NA	NA	susceptible	susceptible	susceptible	NA
562.22763	susceptible	NA	susceptible	susceptible	NA	NA	susceptible	resistant	NA	susceptible	susceptible	NA	susceptible	susceptible	NA	NA	susceptible	NA	susceptible	NA	NA	NA	susceptible	NA	susceptible	NA	NA	susceptible	NA	NA	NA	susceptible	NA	NA	NA	susceptible	susceptible	susceptible	NA
562.22764	susceptible	NA	resistant	resistant	NA	NA	resistant	resistant	NA	resistant	resistant	NA	intermediate	intermediate	NA	NA	resistant	NA	susceptible	NA	NA	NA	susceptible	NA	susceptible	NA	NA	susceptible	NA	NA	NA	susceptible	NA	NA	NA	susceptible	susceptible	resistant	NA
562.22765	susceptible	NA	susceptible	resistant	NA	NA	susceptible	intermediate	NA	susceptible	susceptible	NA	susceptible	susceptible	NA	NA	susceptible	NA	resistant	NA	NA	NA	susceptible	NA	susceptible	NA	NA	susceptible	NA	NA	NA	susceptible	NA	NA	NA	susceptible	susceptible	resistant	NA
562.22766	susceptible	NA	susceptible	resistant	NA	NA	susceptible	susceptible	NA	susceptible	susceptible	NA	susceptible	susceptible	NA	NA	susceptible	NA	susceptible	NA	NA	NA	susceptible	NA	resistant	NA	NA	susceptible	NA	NA	NA	susceptible	NA	NA	NA	susceptible	resistant	resistant	NA
562.22767	susceptible	NA	susceptible	resistant	NA	NA	susceptible	susceptible	NA	susceptible	susceptible	NA	susceptible	susceptible	NA	NA	susceptible	NA	resistant	NA	NA	NA	susceptible	NA	susceptible	NA	NA	susceptible	NA	NA	NA	susceptible	NA	NA	NA	susceptible	susceptible	resistant	NA
562.22768	susceptible	NA	resistant	resistant	NA	NA	resistant	resistant	NA	resistant	resistant	NA	susceptible	resistant	NA	NA	resistant	NA	resistant	NA	NA	NA	susceptible	NA	susceptible	NA	NA	susceptible	NA	NA	NA	susceptible	NA	NA	NA	susceptible	resistant	resistant	NA
562.22769	susceptible	NA	susceptible	susceptible	NA	NA	susceptible	susceptible	NA	susceptible	susceptible	NA	susceptible	susceptible	NA	NA	susceptible	NA	susceptible	NA	NA	NA	susceptible	NA	susceptible	NA	NA	susceptible	NA	NA	NA	susceptible	NA	NA	NA	susceptible	susceptible	resistant	NA
562.2277	susceptible	NA	resistant	resistant	NA	NA	susceptible	intermediate	NA	susceptible	susceptible	NA	susceptible	susceptible	NA	NA	susceptible	NA	resistant	NA	NA	NA	susceptible	NA	susceptible	NA	NA	susceptible	NA	NA	NA	NA	NA	NA	NA	susceptible	susceptible	susceptible	NA
562.22772	susceptible	NA	susceptible	resistant	NA	NA	susceptible	susceptible	NA	susceptible	susceptible	NA	susceptible	susceptible	NA	NA	susceptible	NA	susceptible	NA	NA	NA	susceptible	NA	susceptible	NA	NA	susceptible	NA	NA	NA	susceptible	NA	NA	NA	susceptible	susceptible	resistant	NA
562.2271	susceptible	NA	susceptible	susceptible	NA	NA	susceptible	intermediate	NA	susceptible	susceptible	NA	susceptible	susceptible	NA	NA	susceptible	NA	susceptible	NA	NA	NA	susceptible	NA	susceptible	NA	NA	susceptible	NA	NA	NA	susceptible	NA	NA	NA	susceptible	susceptible	susceptible	NA
562.22709	susceptible	NA	susceptible	susceptible	NA	NA	susceptible	susceptible	NA	susceptible	susceptible	NA	susceptible	susceptible	NA	NA	susceptible	NA	susceptible	NA	NA	NA	susceptible	NA	susceptible	NA	NA	susceptible	NA	NA	NA	susceptible	NA	NA	NA	susceptible	susceptible	susceptible	NA
562.22708	susceptible	NA	resistant	resistant	NA	NA	susceptible	resistant	NA	susceptible	susceptible	NA	intermediate	susceptible	NA	NA	resistant	NA	resistant	NA	NA	NA	susceptible	NA	resistant	NA	NA	susceptible	NA	NA	NA	susceptible	NA	NA	NA	susceptible	resistant	resistant	NA
562.22649	susceptible	NA	susceptible	susceptible	NA	NA	susceptible	susceptible	NA	susceptible	susceptible	NA	susceptible	susceptible	NA	NA	susceptible	NA	susceptible	NA	NA	NA	susceptible	NA	susceptible	NA	NA	susceptible	NA	NA	NA	susceptible	NA	NA	NA	susceptible	susceptible	susceptible	NA
562.2265	susceptible	NA	resistant	resistant	NA	NA	susceptible	intermediate	NA	susceptible	susceptible	NA	susceptible	susceptible	NA	NA	susceptible	NA	resistant	NA	NA	NA	susceptible	NA	resistant	NA	NA	susceptible	NA	NA	NA	resistant	NA	NA	NA	susceptible	intermediate	resistant	NA
562.22651	susceptible	NA	susceptible	resistant	NA	NA	susceptible	susceptible	NA	susceptible	susceptible	NA	susceptible	susceptible	NA	NA	susceptible	NA	resistant	NA	NA	NA	susceptible	NA	susceptible	NA	NA	susceptible	NA	NA	NA	susceptible	NA	NA	NA	susceptible	susceptible	susceptible	NA
562.22652	susceptible	NA	susceptible	resistant	NA	NA	susceptible	susceptible	NA	susceptible	susceptible	NA	susceptible	susceptible	NA	NA	susceptible	NA	susceptible	NA	NA	NA	susceptible	NA	susceptible	NA	NA	susceptible	NA	NA	NA	susceptible	NA	NA	NA	susceptible	susceptible	resistant	NA
562.22653	susceptible	NA	susceptible	resistant	NA	NA	susceptible	intermediate	NA	susceptible	susceptible	NA	susceptible	susceptible	NA	NA	susceptible	NA	susceptible	NA	NA	NA	susceptible	NA	susceptible	NA	NA	susceptible	NA	NA	NA	susceptible	NA	NA	NA	susceptible	susceptible	susceptible	NA
562.22654	susceptible	NA	susceptible	resistant	NA	NA	susceptible	intermediate	NA	susceptible	susceptible	NA	susceptible	susceptible	NA	NA	susceptible	NA	susceptible	NA	NA	NA	susceptible	NA	susceptible	NA	NA	susceptible	NA	NA	NA	susceptible	NA	NA	NA	susceptible	susceptible	susceptible	NA
562.22655	intermediate	NA	resistant	resistant	NA	NA	resistant	resistant	NA	intermediate	resistant	NA	susceptible	intermediate	NA	NA	resistant	NA	resistant	NA	NA	NA	susceptible	NA	resistant	NA	NA	susceptible	NA	NA	NA	susceptible	NA	NA	NA	susceptible	resistant	resistant	NA
562.22656	susceptible	NA	susceptible	resistant	NA	NA	susceptible	susceptible	NA	susceptible	susceptible	NA	susceptible	susceptible	NA	NA	susceptible	NA	susceptible	NA	NA	NA	susceptible	NA	susceptible	NA	NA	susceptible	NA	NA	NA	susceptible	NA	NA	NA	susceptible	susceptible	susceptible	NA
562.22657	susceptible	NA	resistant	resistant	NA	NA	susceptible	intermediate	NA	susceptible	susceptible	NA	susceptible	susceptible	NA	NA	susceptible	NA	resistant	NA	NA	NA	susceptible	NA	susceptible	NA	NA	susceptible	NA	NA	NA	intermediate	NA	NA	NA	susceptible	susceptible	susceptible	NA
562.22658	susceptible	NA	susceptible	resistant	NA	NA	susceptible	susceptible	NA	susceptible	susceptible	NA	susceptible	susceptible	NA	NA	susceptible	NA	susceptible	NA	NA	NA	susceptible	NA	susceptible	NA	NA	susceptible	NA	NA	NA	susceptible	NA	NA	NA	susceptible	susceptible	susceptible	NA
562.22659	susceptible	NA	susceptible	susceptible	NA	NA	susceptible	susceptible	NA	susceptible	susceptible	NA	susceptible	susceptible	NA	NA	susceptible	NA	susceptible	NA	NA	NA	susceptible	NA	susceptible	NA	NA	susceptible	NA	NA	NA	susceptible	NA	NA	NA	susceptible	susceptible	susceptible	NA
562.2266	susceptible	NA	susceptible	susceptible	NA	NA	susceptible	susceptible	NA	susceptible	susceptible	NA	susceptible	susceptible	NA	NA	susceptible	NA	susceptible	NA	NA	NA	susceptible	NA	susceptible	NA	NA	susceptible	NA	NA	NA	susceptible	NA	NA	NA	susceptible	susceptible	susceptible	NA
562.22661	susceptible	NA	resistant	resistant	NA	NA	susceptible	resistant	NA	susceptible	susceptible	NA	intermediate	susceptible	NA	NA	resistant	NA	susceptible	NA	NA	NA	susceptible	NA	susceptible	NA	NA	susceptible	NA	NA	NA	susceptible	NA	NA	NA	susceptible	susceptible	susceptible	NA
562.22662	susceptible	NA	susceptible	resistant	NA	NA	susceptible	susceptible	NA	susceptible	susceptible	NA	susceptible	susceptible	NA	NA	susceptible	NA	susceptible	NA	NA	NA	susceptible	NA	susceptible	NA	NA	susceptible	NA	NA	NA	susceptible	NA	NA	NA	susceptible	susceptible	susceptible	NA
562.22663	susceptible	NA	susceptible	susceptible	NA	NA	susceptible	susceptible	NA	susceptible	susceptible	NA	susceptible	susceptible	NA	NA	susceptible	NA	susceptible	NA	NA	NA	susceptible	NA	susceptible	NA	NA	susceptible	NA	NA	NA	susceptible	NA	NA	NA	susceptible	susceptible	susceptible	NA
562.22664	susceptible	NA	susceptible	susceptible	NA	NA	susceptible	intermediate	NA	susceptible	susceptible	NA	susceptible	susceptible	NA	NA	susceptible	NA	susceptible	NA	NA	NA	susceptible	NA	susceptible	NA	NA	susceptible	NA	NA	NA	susceptible	NA	NA	NA	susceptible	susceptible	susceptible	NA
562.22665	susceptible	NA	susceptible	susceptible	NA	NA	susceptible	susceptible	NA	susceptible	susceptible	NA	susceptible	susceptible	NA	NA	susceptible	NA	susceptible	NA	NA	NA	susceptible	NA	susceptible	NA	NA	susceptible	NA	NA	NA	susceptible	NA	NA	NA	susceptible	susceptible	susceptible	NA
562.22648	susceptible	NA	susceptible	resistant	NA	NA	susceptible	susceptible	NA	susceptible	susceptible	NA	susceptible	susceptible	NA	NA	susceptible	NA	susceptible	NA	NA	NA	susceptible	NA	susceptible	NA	NA	susceptible	NA	NA	NA	susceptible	NA	NA	NA	susceptible	susceptible	susceptible	NA
562.22666	susceptible	NA	susceptible	susceptible	NA	NA	susceptible	susceptible	NA	susceptible	susceptible	NA	susceptible	susceptible	NA	NA	susceptible	NA	susceptible	NA	NA	NA	susceptible	NA	susceptible	NA	NA	susceptible	NA	NA	NA	susceptible	NA	NA	NA	susceptible	susceptible	susceptible	NA
562.22647	susceptible	NA	susceptible	resistant	NA	NA	susceptible	intermediate	NA	susceptible	susceptible	NA	susceptible	susceptible	NA	NA	susceptible	NA	resistant	NA	NA	NA	susceptible	NA	susceptible	NA	NA	susceptible	NA	NA	NA	susceptible	NA	NA	NA	susceptible	susceptible	resistant	NA
562.22645	susceptible	NA	susceptible	susceptible	NA	NA	susceptible	susceptible	NA	susceptible	susceptible	NA	susceptible	susceptible	NA	NA	susceptible	NA	susceptible	NA	NA	NA	susceptible	NA	susceptible	NA	NA	susceptible	NA	NA	NA	susceptible	NA	NA	NA	susceptible	susceptible	susceptible	NA
562.22628	susceptible	NA	susceptible	susceptible	NA	NA	susceptible	intermediate	NA	susceptible	susceptible	NA	intermediate	susceptible	NA	NA	susceptible	NA	susceptible	NA	NA	NA	susceptible	NA	susceptible	NA	NA	susceptible	NA	NA	NA	susceptible	NA	NA	NA	susceptible	susceptible	susceptible	NA
562.22629	susceptible	NA	susceptible	susceptible	NA	NA	susceptible	susceptible	NA	susceptible	susceptible	NA	susceptible	susceptible	NA	NA	susceptible	NA	susceptible	NA	NA	NA	susceptible	NA	susceptible	NA	NA	susceptible	NA	NA	NA	susceptible	NA	NA	NA	susceptible	susceptible	susceptible	NA
562.2263	susceptible	NA	resistant	resistant	NA	NA	susceptible	intermediate	NA	susceptible	susceptible	NA	intermediate	susceptible	NA	NA	resistant	NA	resistant	NA	NA	NA	susceptible	NA	susceptible	NA	NA	susceptible	NA	NA	NA	susceptible	NA	NA	NA	susceptible	susceptible	resistant	NA
562.22631	susceptible	NA	susceptible	susceptible	NA	NA	susceptible	susceptible	NA	susceptible	susceptible	NA	susceptible	susceptible	NA	NA	susceptible	NA	resistant	NA	NA	NA	susceptible	NA	susceptible	NA	NA	susceptible	NA	NA	NA	susceptible	NA	NA	NA	susceptible	susceptible	susceptible	NA
562.22632	susceptible	NA	resistant	resistant	NA	NA	susceptible	intermediate	NA	susceptible	susceptible	NA	susceptible	susceptible	NA	NA	susceptible	NA	susceptible	NA	NA	NA	susceptible	NA	susceptible	NA	NA	susceptible	NA	NA	NA	resistant	NA	NA	NA	susceptible	susceptible	susceptible	NA
562.22633	susceptible	NA	susceptible	susceptible	NA	NA	susceptible	intermediate	NA	susceptible	susceptible	NA	susceptible	susceptible	NA	NA	susceptible	NA	susceptible	NA	NA	NA	susceptible	NA	susceptible	NA	NA	susceptible	NA	NA	NA	susceptible	NA	NA	NA	susceptible	susceptible	susceptible	NA
562.22634	susceptible	NA	resistant	resistant	NA	NA	susceptible	intermediate	NA	susceptible	susceptible	NA	susceptible	susceptible	NA	NA	susceptible	NA	susceptible	NA	NA	NA	susceptible	NA	susceptible	NA	NA	susceptible	NA	NA	NA	susceptible	NA	NA	NA	susceptible	susceptible	resistant	NA
562.22635	susceptible	NA	resistant	resistant	NA	NA	susceptible	resistant	NA	susceptible	susceptible	NA	intermediate	susceptible	NA	NA	resistant	NA	susceptible	NA	NA	NA	susceptible	NA	resistant	NA	NA	susceptible	NA	NA	NA	susceptible	NA	NA	NA	susceptible	resistant	resistant	NA
562.22636	susceptible	NA	susceptible	susceptible	NA	NA	susceptible	susceptible	NA	susceptible	susceptible	NA	susceptible	susceptible	NA	NA	susceptible	NA	resistant	NA	NA	NA	susceptible	NA	susceptible	NA	NA	susceptible	NA	NA	NA	susceptible	NA	NA	NA	susceptible	susceptible	resistant	NA
562.22637	susceptible	NA	susceptible	susceptible	NA	NA	susceptible	intermediate	NA	susceptible	susceptible	NA	susceptible	susceptible	NA	NA	susceptible	NA	susceptible	NA	NA	NA	susceptible	NA	susceptible	NA	NA	susceptible	NA	NA	NA	susceptible	NA	NA	NA	susceptible	susceptible	susceptible	NA
562.22638	susceptible	NA	susceptible	resistant	NA	NA	susceptible	susceptible	NA	susceptible	susceptible	NA	susceptible	susceptible	NA	NA	susceptible	NA	susceptible	NA	NA	NA	susceptible	NA	susceptible	NA	NA	susceptible	NA	NA	NA	susceptible	NA	NA	NA	susceptible	susceptible	susceptible	NA
562.22639	susceptible	NA	resistant	resistant	NA	NA	susceptible	intermediate	NA	susceptible	susceptible	NA	susceptible	susceptible	NA	NA	susceptible	NA	susceptible	NA	NA	NA	susceptible	NA	susceptible	NA	NA	susceptible	NA	NA	NA	susceptible	NA	NA	NA	susceptible	susceptible	resistant	NA
562.2264	susceptible	NA	susceptible	resistant	NA	NA	susceptible	susceptible	NA	susceptible	susceptible	NA	susceptible	susceptible	NA	NA	susceptible	NA	susceptible	NA	NA	NA	susceptible	NA	susceptible	NA	NA	susceptible	NA	NA	NA	susceptible	NA	NA	NA	susceptible	susceptible	resistant	NA
562.22641	susceptible	NA	susceptible	susceptible	NA	NA	susceptible	susceptible	NA	susceptible	susceptible	NA	susceptible	susceptible	NA	NA	susceptible	NA	susceptible	NA	NA	NA	susceptible	NA	susceptible	NA	NA	susceptible	NA	NA	NA	susceptible	NA	NA	NA	susceptible	susceptible	susceptible	NA
562.22642	susceptible	NA	susceptible	resistant	NA	NA	susceptible	intermediate	NA	susceptible	susceptible	NA	susceptible	susceptible	NA	NA	susceptible	NA	resistant	NA	NA	NA	susceptible	NA	susceptible	NA	NA	susceptible	NA	NA	NA	susceptible	NA	NA	NA	susceptible	susceptible	susceptible	NA
562.22643	susceptible	NA	resistant	resistant	NA	NA	intermediate	resistant	NA	susceptible	susceptible	NA	intermediate	susceptible	NA	NA	resistant	NA	susceptible	NA	NA	NA	susceptible	NA	susceptible	NA	NA	susceptible	NA	NA	NA	susceptible	NA	NA	NA	susceptible	susceptible	susceptible	NA
562.22644	susceptible	NA	susceptible	resistant	NA	NA	susceptible	susceptible	NA	susceptible	susceptible	NA	susceptible	susceptible	NA	NA	susceptible	NA	susceptible	NA	NA	NA	susceptible	NA	susceptible	NA	NA	susceptible	NA	NA	NA	susceptible	NA	NA	NA	susceptible	susceptible	susceptible	NA
562.22646	susceptible	NA	susceptible	resistant	NA	NA	susceptible	intermediate	NA	susceptible	susceptible	NA	susceptible	susceptible	NA	NA	susceptible	NA	susceptible	NA	NA	NA	susceptible	NA	susceptible	NA	NA	susceptible	NA	NA	NA	susceptible	NA	NA	NA	susceptible	susceptible	resistant	NA
562.22626	susceptible	NA	resistant	resistant	NA	NA	susceptible	intermediate	NA	susceptible	susceptible	NA	susceptible	susceptible	NA	NA	susceptible	NA	resistant	NA	NA	NA	susceptible	NA	susceptible	NA	NA	susceptible	NA	NA	NA	susceptible	NA	NA	NA	susceptible	susceptible	susceptible	NA
562.22667	susceptible	NA	resistant	resistant	NA	NA	susceptible	resistant	NA	susceptible	susceptible	NA	intermediate	susceptible	NA	NA	resistant	NA	susceptible	NA	NA	NA	susceptible	NA	susceptible	NA	NA	susceptible	NA	NA	NA	susceptible	NA	NA	NA	susceptible	susceptible	susceptible	NA
562.22669	intermediate	NA	resistant	resistant	NA	NA	intermediate	resistant	NA	susceptible	resistant	NA	susceptible	intermediate	NA	NA	resistant	NA	resistant	NA	NA	NA	susceptible	NA	susceptible	NA	NA	susceptible	NA	NA	NA	susceptible	NA	NA	NA	susceptible	resistant	resistant	NA
562.22691	susceptible	NA	susceptible	resistant	NA	NA	susceptible	intermediate	NA	susceptible	susceptible	NA	susceptible	susceptible	NA	NA	susceptible	NA	resistant	NA	NA	NA	susceptible	NA	resistant	NA	NA	susceptible	NA	NA	NA	susceptible	NA	NA	NA	susceptible	resistant	susceptible	NA
562.22692	susceptible	NA	resistant	resistant	NA	NA	susceptible	intermediate	NA	susceptible	susceptible	NA	susceptible	susceptible	NA	NA	susceptible	NA	susceptible	NA	NA	NA	susceptible	NA	susceptible	NA	NA	susceptible	NA	NA	NA	susceptible	NA	NA	NA	susceptible	susceptible	resistant	NA
562.22693	susceptible	NA	susceptible	resistant	NA	NA	susceptible	intermediate	NA	susceptible	susceptible	NA	susceptible	susceptible	NA	NA	susceptible	NA	susceptible	NA	NA	NA	susceptible	NA	susceptible	NA	NA	susceptible	NA	NA	NA	susceptible	NA	NA	NA	susceptible	susceptible	resistant	NA
562.22694	susceptible	NA	susceptible	resistant	NA	NA	susceptible	intermediate	NA	susceptible	susceptible	NA	susceptible	susceptible	NA	NA	susceptible	NA	resistant	NA	NA	NA	susceptible	NA	susceptible	NA	NA	susceptible	NA	NA	NA	susceptible	NA	NA	NA	susceptible	susceptible	resistant	NA
562.22695	susceptible	NA	resistant	resistant	NA	NA	susceptible	intermediate	NA	susceptible	susceptible	NA	susceptible	susceptible	NA	NA	susceptible	NA	susceptible	NA	NA	NA	susceptible	NA	susceptible	NA	NA	susceptible	NA	NA	NA	susceptible	NA	NA	NA	susceptible	susceptible	resistant	NA
562.22696	susceptible	NA	susceptible	resistant	NA	NA	intermediate	resistant	NA	intermediate	resistant	NA	susceptible	susceptible	NA	NA	resistant	NA	susceptible	NA	NA	NA	susceptible	NA	susceptible	NA	NA	susceptible	NA	NA	NA	susceptible	NA	NA	NA	susceptible	susceptible	susceptible	NA
562.22697	susceptible	NA	susceptible	susceptible	NA	NA	susceptible	intermediate	NA	susceptible	susceptible	NA	susceptible	susceptible	NA	NA	susceptible	NA	susceptible	NA	NA	NA	susceptible	NA	susceptible	NA	NA	susceptible	NA	NA	NA	susceptible	NA	NA	NA	susceptible	susceptible	susceptible	NA
562.22698	susceptible	NA	susceptible	susceptible	NA	NA	susceptible	susceptible	NA	susceptible	susceptible	NA	susceptible	susceptible	NA	NA	susceptible	NA	susceptible	NA	NA	NA	susceptible	NA	susceptible	NA	NA	susceptible	NA	NA	NA	susceptible	NA	NA	NA	susceptible	susceptible	susceptible	NA
562.22699	susceptible	NA	susceptible	susceptible	NA	NA	susceptible	intermediate	NA	susceptible	susceptible	NA	susceptible	susceptible	NA	NA	susceptible	NA	susceptible	NA	NA	NA	susceptible	NA	susceptible	NA	NA	susceptible	NA	NA	NA	susceptible	NA	NA	NA	susceptible	susceptible	susceptible	NA
562.227	susceptible	NA	resistant	resistant	NA	NA	resistant	resistant	NA	intermediate	resistant	NA	susceptible	resistant	NA	NA	resistant	NA	resistant	NA	NA	NA	susceptible	NA	resistant	NA	NA	susceptible	NA	NA	NA	susceptible	NA	NA	NA	susceptible	resistant	resistant	NA
562.22701	susceptible	NA	susceptible	resistant	NA	NA	susceptible	susceptible	NA	susceptible	susceptible	NA	susceptible	susceptible	NA	NA	susceptible	NA	susceptible	NA	NA	NA	susceptible	NA	susceptible	NA	NA	susceptible	NA	NA	NA	susceptible	NA	NA	NA	susceptible	susceptible	susceptible	NA
562.22702	susceptible	NA	resistant	resistant	NA	NA	susceptible	susceptible	NA	susceptible	susceptible	NA	susceptible	susceptible	NA	NA	susceptible	NA	susceptible	NA	NA	NA	susceptible	NA	susceptible	NA	NA	susceptible	NA	NA	NA	susceptible	NA	NA	NA	susceptible	susceptible	susceptible	NA
562.22703	susceptible	NA	susceptible	resistant	NA	NA	susceptible	susceptible	NA	susceptible	susceptible	NA	susceptible	susceptible	NA	NA	susceptible	NA	susceptible	NA	NA	NA	susceptible	NA	susceptible	NA	NA	susceptible	NA	NA	NA	susceptible	NA	NA	NA	susceptible	susceptible	resistant	NA
562.22704	susceptible	NA	susceptible	susceptible	NA	NA	susceptible	susceptible	NA	susceptible	susceptible	NA	susceptible	susceptible	NA	NA	susceptible	NA	susceptible	NA	NA	NA	susceptible	NA	susceptible	NA	NA	susceptible	NA	NA	NA	susceptible	NA	NA	NA	susceptible	susceptible	susceptible	NA
562.22705	susceptible	NA	susceptible	susceptible	NA	NA	susceptible	susceptible	NA	susceptible	susceptible	NA	susceptible	susceptible	NA	NA	susceptible	NA	susceptible	NA	NA	NA	susceptible	NA	susceptible	NA	NA	susceptible	NA	NA	NA	susceptible	NA	NA	NA	susceptible	susceptible	susceptible	NA
562.22706	susceptible	NA	susceptible	susceptible	NA	NA	susceptible	susceptible	NA	susceptible	susceptible	NA	susceptible	susceptible	NA	NA	susceptible	NA	susceptible	NA	NA	NA	susceptible	NA	susceptible	NA	NA	susceptible	NA	NA	NA	susceptible	NA	NA	NA	susceptible	susceptible	resistant	NA
562.22707	susceptible	NA	resistant	resistant	NA	NA	susceptible	intermediate	NA	susceptible	susceptible	NA	susceptible	susceptible	NA	NA	susceptible	NA	susceptible	NA	NA	NA	susceptible	NA	susceptible	NA	NA	susceptible	NA	NA	NA	resistant	NA	NA	NA	susceptible	susceptible	resistant	NA
562.2269	susceptible	NA	susceptible	susceptible	NA	NA	susceptible	susceptible	NA	susceptible	susceptible	NA	susceptible	susceptible	NA	NA	susceptible	NA	susceptible	NA	NA	NA	susceptible	NA	susceptible	NA	NA	susceptible	NA	NA	NA	susceptible	NA	NA	NA	susceptible	susceptible	susceptible	NA
562.22668	susceptible	NA	susceptible	susceptible	NA	NA	susceptible	susceptible	NA	susceptible	susceptible	NA	susceptible	susceptible	NA	NA	susceptible	NA	susceptible	NA	NA	NA	susceptible	NA	susceptible	NA	NA	susceptible	NA	NA	NA	susceptible	NA	NA	NA	susceptible	susceptible	susceptible	NA
562.22689	susceptible	NA	resistant	resistant	NA	NA	susceptible	susceptible	NA	susceptible	susceptible	NA	susceptible	susceptible	NA	NA	susceptible	NA	susceptible	NA	NA	NA	susceptible	NA	intermediate	NA	NA	susceptible	NA	NA	NA	susceptible	NA	NA	NA	susceptible	intermediate	resistant	NA
562.22687	susceptible	NA	resistant	resistant	NA	NA	susceptible	susceptible	NA	susceptible	susceptible	NA	susceptible	susceptible	NA	NA	susceptible	NA	susceptible	NA	NA	NA	susceptible	NA	susceptible	NA	NA	susceptible	NA	NA	NA	susceptible	NA	NA	NA	susceptible	susceptible	susceptible	NA
562.2267	susceptible	NA	susceptible	susceptible	NA	NA	susceptible	intermediate	NA	susceptible	susceptible	NA	susceptible	susceptible	NA	NA	susceptible	NA	susceptible	NA	NA	NA	susceptible	NA	susceptible	NA	NA	susceptible	NA	NA	NA	susceptible	NA	NA	NA	susceptible	susceptible	susceptible	NA
562.22671	susceptible	NA	susceptible	resistant	NA	NA	susceptible	susceptible	NA	susceptible	susceptible	NA	susceptible	susceptible	NA	NA	susceptible	NA	susceptible	NA	NA	NA	susceptible	NA	susceptible	NA	NA	susceptible	NA	NA	NA	susceptible	NA	NA	NA	susceptible	susceptible	susceptible	NA
562.22672	susceptible	NA	susceptible	resistant	NA	NA	susceptible	susceptible	NA	susceptible	susceptible	NA	susceptible	susceptible	NA	NA	susceptible	NA	resistant	NA	NA	NA	susceptible	NA	resistant	NA	NA	susceptible	NA	NA	NA	susceptible	NA	NA	NA	susceptible	resistant	resistant	NA
562.22673	susceptible	NA	susceptible	susceptible	NA	NA	susceptible	susceptible	NA	susceptible	susceptible	NA	susceptible	susceptible	NA	NA	susceptible	NA	susceptible	NA	NA	NA	susceptible	NA	susceptible	NA	NA	susceptible	NA	NA	NA	susceptible	NA	NA	NA	susceptible	susceptible	susceptible	NA
562.22674	susceptible	NA	susceptible	susceptible	NA	NA	susceptible	susceptible	NA	susceptible	susceptible	NA	susceptible	susceptible	NA	NA	susceptible	NA	susceptible	NA	NA	NA	susceptible	NA	susceptible	NA	NA	susceptible	NA	NA	NA	susceptible	NA	NA	NA	susceptible	susceptible	susceptible	NA
562.22675	susceptible	NA	susceptible	susceptible	NA	NA	susceptible	susceptible	NA	susceptible	susceptible	NA	susceptible	susceptible	NA	NA	susceptible	NA	susceptible	NA	NA	NA	susceptible	NA	susceptible	NA	NA	susceptible	NA	NA	NA	susceptible	NA	NA	NA	susceptible	susceptible	susceptible	NA
562.22676	susceptible	NA	susceptible	resistant	NA	NA	susceptible	susceptible	NA	susceptible	susceptible	NA	susceptible	susceptible	NA	NA	susceptible	NA	susceptible	NA	NA	NA	susceptible	NA	susceptible	NA	NA	susceptible	NA	NA	NA	susceptible	NA	NA	NA	susceptible	susceptible	resistant	NA
562.22677	susceptible	NA	resistant	resistant	NA	NA	susceptible	intermediate	NA	susceptible	susceptible	NA	susceptible	susceptible	NA	NA	resistant	NA	resistant	NA	NA	NA	susceptible	NA	resistant	NA	NA	susceptible	NA	NA	NA	intermediate	NA	NA	NA	susceptible	resistant	resistant	NA
562.22678	susceptible	NA	susceptible	susceptible	NA	NA	susceptible	intermediate	NA	susceptible	susceptible	NA	susceptible	susceptible	NA	NA	resistant	NA	susceptible	NA	NA	NA	susceptible	NA	susceptible	NA	NA	susceptible	NA	NA	NA	susceptible	NA	NA	NA	susceptible	susceptible	susceptible	NA
562.22679	susceptible	NA	susceptible	susceptible	NA	NA	susceptible	intermediate	NA	susceptible	susceptible	NA	intermediate	susceptible	NA	NA	susceptible	NA	susceptible	NA	NA	NA	susceptible	NA	susceptible	NA	NA	susceptible	NA	NA	NA	susceptible	NA	NA	NA	susceptible	susceptible	susceptible	NA
562.2268	susceptible	NA	resistant	resistant	NA	NA	resistant	resistant	NA	resistant	resistant	NA	susceptible	resistant	NA	NA	resistant	NA	resistant	NA	NA	NA	susceptible	NA	susceptible	NA	NA	susceptible	NA	NA	NA	resistant	NA	NA	NA	susceptible	resistant	resistant	NA
562.22681	susceptible	NA	susceptible	resistant	NA	NA	susceptible	intermediate	NA	susceptible	susceptible	NA	susceptible	susceptible	NA	NA	susceptible	NA	susceptible	NA	NA	NA	susceptible	NA	susceptible	NA	NA	susceptible	NA	NA	NA	susceptible	NA	NA	NA	susceptible	susceptible	susceptible	NA
562.22682	susceptible	NA	susceptible	resistant	NA	NA	susceptible	intermediate	NA	susceptible	susceptible	NA	susceptible	susceptible	NA	NA	susceptible	NA	susceptible	NA	NA	NA	susceptible	NA	susceptible	NA	NA	susceptible	NA	NA	NA	susceptible	NA	NA	NA	susceptible	susceptible	susceptible	NA
562.22683	susceptible	NA	resistant	resistant	NA	NA	susceptible	intermediate	NA	susceptible	susceptible	NA	susceptible	susceptible	NA	NA	susceptible	NA	susceptible	NA	NA	NA	susceptible	NA	susceptible	NA	NA	susceptible	NA	NA	NA	susceptible	NA	NA	NA	susceptible	susceptible	susceptible	NA
562.22684	susceptible	NA	susceptible	resistant	NA	NA	susceptible	intermediate	NA	susceptible	susceptible	NA	susceptible	susceptible	NA	NA	susceptible	NA	susceptible	NA	NA	NA	susceptible	NA	susceptible	NA	NA	susceptible	NA	NA	NA	susceptible	NA	NA	NA	susceptible	susceptible	susceptible	NA
562.22685	susceptible	NA	resistant	resistant	NA	NA	susceptible	intermediate	NA	susceptible	susceptible	NA	susceptible	susceptible	NA	NA	susceptible	NA	intermediate	NA	NA	NA	susceptible	NA	resistant	NA	NA	susceptible	NA	NA	NA	susceptible	NA	NA	NA	susceptible	resistant	resistant	NA
562.22686	susceptible	NA	resistant	resistant	NA	NA	susceptible	intermediate	NA	susceptible	susceptible	NA	susceptible	susceptible	NA	NA	susceptible	NA	susceptible	NA	NA	NA	susceptible	NA	susceptible	NA	NA	susceptible	NA	NA	NA	susceptible	NA	NA	NA	susceptible	susceptible	susceptible	NA
562.22688	susceptible	NA	susceptible	resistant	NA	NA	susceptible	intermediate	NA	susceptible	susceptible	NA	susceptible	susceptible	NA	NA	susceptible	NA	susceptible	NA	NA	NA	susceptible	NA	susceptible	NA	NA	susceptible	NA	NA	NA	susceptible	NA	NA	NA	susceptible	susceptible	resistant	NA
562.23715	NA	resistant	susceptible	NA	NA	NA	NA	NA	NA	NA	susceptible	NA	NA	susceptible	NA	NA	susceptible	NA	susceptible	NA	NA	NA	NA	NA	susceptible	susceptible	NA	NA	NA	NA	NA	susceptible	NA	NA	NA	susceptible	NA	NA	NA
562.22455	susceptible	NA	susceptible	resistant	NA	NA	susceptible	intermediate	NA	susceptible	susceptible	NA	susceptible	susceptible	NA	NA	susceptible	NA	resistant	NA	NA	NA	susceptible	NA	resistant	NA	NA	susceptible	NA	NA	NA	susceptible	NA	NA	NA	susceptible	resistant	resistant	NA
562.22453	susceptible	NA	susceptible	susceptible	NA	NA	susceptible	susceptible	NA	susceptible	susceptible	NA	susceptible	susceptible	NA	NA	susceptible	NA	susceptible	NA	NA	NA	susceptible	NA	susceptible	NA	NA	susceptible	NA	NA	NA	susceptible	NA	NA	NA	susceptible	susceptible	susceptible	NA
562.22942	NA	resistant	resistant	NA	NA	NA	NA	NA	NA	NA	susceptible	NA	NA	susceptible	NA	NA	susceptible	NA	resistant	NA	NA	NA	NA	NA	susceptible	susceptible	NA	NA	NA	NA	NA	resistant	NA	NA	NA	susceptible	NA	NA	NA
562.22941	NA	resistant	resistant	NA	NA	NA	NA	NA	NA	NA	susceptible	NA	NA	susceptible	NA	NA	resistant	NA	susceptible	NA	NA	NA	NA	NA	susceptible	susceptible	NA	NA	NA	NA	NA	resistant	NA	NA	NA	susceptible	NA	NA	NA
562.2294	NA	susceptible	susceptible	NA	NA	NA	NA	NA	NA	NA	susceptible	NA	NA	susceptible	NA	NA	susceptible	NA	susceptible	NA	NA	NA	NA	NA	susceptible	susceptible	NA	NA	NA	NA	NA	susceptible	NA	NA	NA	susceptible	NA	NA	NA
562.22939	NA	susceptible	resistant	NA	NA	NA	NA	NA	NA	NA	susceptible	NA	NA	susceptible	NA	NA	susceptible	NA	susceptible	NA	NA	NA	NA	NA	susceptible	susceptible	NA	NA	NA	NA	NA	resistant	NA	NA	NA	susceptible	NA	NA	NA
562.22938	NA	susceptible	susceptible	NA	NA	NA	NA	NA	NA	NA	susceptible	NA	NA	susceptible	NA	NA	susceptible	NA	susceptible	NA	NA	NA	NA	NA	susceptible	susceptible	NA	NA	NA	NA	NA	susceptible	NA	NA	NA	susceptible	NA	NA	NA
562.22937	NA	susceptible	susceptible	NA	NA	NA	NA	NA	NA	NA	susceptible	NA	NA	susceptible	NA	NA	susceptible	NA	susceptible	NA	NA	NA	NA	NA	susceptible	susceptible	NA	NA	NA	NA	NA	susceptible	NA	NA	NA	susceptible	NA	NA	NA
562.22936	NA	susceptible	susceptible	NA	NA	NA	NA	NA	NA	NA	susceptible	NA	NA	susceptible	NA	NA	susceptible	NA	susceptible	NA	NA	NA	NA	NA	susceptible	susceptible	NA	NA	NA	NA	NA	susceptible	NA	NA	NA	susceptible	NA	NA	NA
562.22943	NA	susceptible	susceptible	NA	NA	NA	NA	NA	NA	NA	susceptible	NA	NA	susceptible	NA	NA	susceptible	NA	susceptible	NA	NA	NA	NA	NA	susceptible	susceptible	NA	NA	NA	NA	NA	susceptible	NA	NA	NA	intermediate	NA	NA	NA
562.22935	NA	susceptible	susceptible	NA	NA	NA	NA	NA	NA	NA	susceptible	NA	NA	susceptible	NA	NA	susceptible	NA	susceptible	NA	NA	NA	NA	NA	susceptible	susceptible	NA	NA	NA	NA	NA	susceptible	NA	NA	NA	susceptible	NA	NA	NA
562.22933	NA	resistant	resistant	NA	NA	NA	NA	NA	NA	NA	susceptible	NA	NA	susceptible	NA	NA	resistant	NA	resistant	NA	NA	NA	NA	NA	susceptible	susceptible	NA	NA	NA	NA	NA	intermediate	NA	NA	NA	susceptible	NA	NA	NA
562.22932	NA	resistant	susceptible	NA	NA	NA	NA	NA	NA	NA	susceptible	NA	NA	susceptible	NA	NA	susceptible	NA	susceptible	NA	NA	NA	NA	NA	susceptible	susceptible	NA	NA	NA	NA	NA	susceptible	NA	NA	NA	susceptible	NA	NA	NA
562.22931	NA	resistant	susceptible	NA	NA	NA	NA	NA	NA	NA	susceptible	NA	NA	susceptible	NA	NA	susceptible	NA	susceptible	NA	NA	NA	NA	NA	susceptible	susceptible	NA	NA	NA	NA	NA	susceptible	NA	NA	NA	susceptible	NA	NA	NA
562.2293	NA	resistant	resistant	NA	NA	NA	NA	NA	NA	NA	susceptible	NA	NA	susceptible	NA	NA	susceptible	NA	susceptible	NA	NA	NA	NA	NA	susceptible	susceptible	NA	NA	NA	NA	NA	susceptible	NA	NA	NA	susceptible	NA	NA	NA
562.22929	NA	resistant	susceptible	NA	NA	NA	NA	NA	NA	NA	susceptible	NA	NA	susceptible	NA	NA	susceptible	NA	susceptible	NA	NA	NA	NA	NA	susceptible	susceptible	NA	NA	NA	NA	NA	susceptible	NA	NA	NA	susceptible	NA	NA	NA
562.22928	NA	susceptible	susceptible	NA	NA	NA	NA	NA	NA	NA	susceptible	NA	NA	susceptible	NA	NA	susceptible	NA	susceptible	NA	NA	NA	NA	NA	susceptible	susceptible	NA	NA	NA	NA	NA	susceptible	NA	NA	NA	susceptible	NA	NA	NA
562.22927	NA	resistant	resistant	NA	NA	NA	NA	NA	NA	NA	susceptible	NA	NA	susceptible	NA	NA	susceptible	NA	resistant	NA	NA	NA	NA	NA	susceptible	susceptible	NA	NA	NA	NA	NA	susceptible	NA	NA	NA	susceptible	NA	NA	NA
562.22934	NA	resistant	resistant	NA	NA	NA	NA	NA	NA	NA	susceptible	NA	NA	susceptible	NA	NA	susceptible	NA	susceptible	NA	NA	NA	NA	NA	susceptible	susceptible	NA	NA	NA	NA	NA	susceptible	NA	NA	NA	susceptible	NA	NA	NA
562.22944	NA	resistant	susceptible	NA	NA	NA	NA	NA	NA	NA	susceptible	NA	NA	susceptible	NA	NA	susceptible	NA	susceptible	NA	NA	NA	NA	NA	susceptible	susceptible	NA	NA	NA	NA	NA	susceptible	NA	NA	NA	susceptible	NA	NA	NA
562.22945	NA	susceptible	susceptible	NA	NA	NA	NA	NA	NA	NA	susceptible	NA	NA	susceptible	NA	NA	susceptible	NA	susceptible	NA	NA	NA	NA	NA	susceptible	susceptible	NA	NA	NA	NA	NA	susceptible	NA	NA	NA	susceptible	NA	NA	NA
562.22946	NA	resistant	resistant	NA	NA	NA	NA	NA	NA	NA	susceptible	NA	NA	susceptible	NA	NA	susceptible	NA	susceptible	NA	NA	NA	NA	NA	susceptible	susceptible	NA	NA	NA	NA	NA	susceptible	NA	NA	NA	susceptible	NA	NA	NA
562.22963	NA	resistant	susceptible	NA	NA	NA	NA	NA	NA	NA	susceptible	NA	NA	susceptible	NA	NA	susceptible	NA	susceptible	NA	NA	NA	NA	NA	intermediate	susceptible	NA	NA	NA	NA	NA	susceptible	NA	NA	NA	susceptible	NA	NA	NA
562.22962	NA	resistant	susceptible	NA	NA	NA	NA	NA	NA	NA	susceptible	NA	NA	susceptible	NA	NA	susceptible	NA	susceptible	NA	NA	NA	NA	NA	susceptible	susceptible	NA	NA	NA	NA	NA	susceptible	NA	NA	NA	susceptible	NA	NA	NA
562.22961	NA	resistant	susceptible	NA	NA	NA	NA	NA	NA	NA	susceptible	NA	NA	susceptible	NA	NA	susceptible	NA	susceptible	NA	NA	NA	NA	NA	susceptible	susceptible	NA	NA	NA	NA	NA	susceptible	NA	NA	NA	susceptible	NA	NA	NA
562.2296	NA	resistant	resistant	NA	NA	NA	NA	NA	NA	NA	susceptible	NA	NA	susceptible	NA	NA	susceptible	NA	susceptible	NA	NA	NA	NA	NA	susceptible	susceptible	NA	NA	NA	NA	NA	susceptible	NA	NA	NA	susceptible	NA	NA	NA
562.22959	NA	resistant	resistant	NA	NA	NA	NA	NA	NA	NA	susceptible	NA	NA	susceptible	NA	NA	susceptible	NA	susceptible	NA	NA	NA	NA	NA	susceptible	susceptible	NA	NA	NA	NA	NA	susceptible	NA	NA	NA	susceptible	NA	NA	NA
562.22958	NA	resistant	susceptible	NA	NA	NA	NA	NA	NA	NA	susceptible	NA	NA	susceptible	NA	NA	susceptible	NA	susceptible	NA	NA	NA	NA	NA	susceptible	susceptible	NA	NA	NA	NA	NA	susceptible	NA	NA	NA	susceptible	NA	NA	NA
562.22957	NA	resistant	susceptible	NA	NA	NA	NA	NA	NA	NA	susceptible	NA	NA	susceptible	NA	NA	susceptible	NA	susceptible	NA	NA	NA	NA	NA	susceptible	susceptible	NA	NA	NA	NA	NA	susceptible	NA	NA	NA	susceptible	NA	NA	NA
562.22956	NA	susceptible	susceptible	NA	NA	NA	NA	NA	NA	NA	susceptible	NA	NA	susceptible	NA	NA	susceptible	NA	susceptible	NA	NA	NA	NA	NA	susceptible	susceptible	NA	NA	NA	NA	NA	susceptible	NA	NA	NA	susceptible	NA	NA	NA
562.22955	NA	resistant	susceptible	NA	NA	NA	NA	NA	NA	NA	susceptible	NA	NA	susceptible	NA	NA	susceptible	NA	susceptible	NA	NA	NA	NA	NA	susceptible	susceptible	NA	NA	NA	NA	NA	susceptible	NA	NA	NA	susceptible	NA	NA	NA
562.22954	NA	susceptible	susceptible	NA	NA	NA	NA	NA	NA	NA	susceptible	NA	NA	susceptible	NA	NA	susceptible	NA	susceptible	NA	NA	NA	NA	NA	susceptible	susceptible	NA	NA	NA	NA	NA	susceptible	NA	NA	NA	susceptible	NA	NA	NA
562.22953	NA	susceptible	susceptible	NA	NA	NA	NA	NA	NA	NA	susceptible	NA	NA	susceptible	NA	NA	susceptible	NA	susceptible	NA	NA	NA	NA	NA	susceptible	susceptible	NA	NA	NA	NA	NA	susceptible	NA	NA	NA	susceptible	NA	NA	NA
562.22952	NA	susceptible	susceptible	NA	NA	NA	NA	NA	NA	NA	susceptible	NA	NA	susceptible	NA	NA	susceptible	NA	susceptible	NA	NA	NA	NA	NA	susceptible	susceptible	NA	NA	NA	NA	NA	susceptible	NA	NA	NA	susceptible	NA	NA	NA
562.22951	NA	susceptible	susceptible	NA	NA	NA	NA	NA	NA	NA	susceptible	NA	NA	susceptible	NA	NA	susceptible	NA	susceptible	NA	NA	NA	NA	NA	susceptible	susceptible	NA	NA	NA	NA	NA	susceptible	NA	NA	NA	susceptible	NA	NA	NA
562.2295	NA	susceptible	susceptible	NA	NA	NA	NA	NA	NA	NA	susceptible	NA	NA	susceptible	NA	NA	susceptible	NA	susceptible	NA	NA	NA	NA	NA	susceptible	susceptible	NA	NA	NA	NA	NA	susceptible	NA	NA	NA	susceptible	NA	NA	NA
562.22949	NA	resistant	susceptible	NA	NA	NA	NA	NA	NA	NA	susceptible	NA	NA	susceptible	NA	NA	susceptible	NA	susceptible	NA	NA	NA	NA	NA	susceptible	susceptible	NA	NA	NA	NA	NA	susceptible	NA	NA	NA	susceptible	NA	NA	NA
562.22948	NA	susceptible	susceptible	NA	NA	NA	NA	NA	NA	NA	susceptible	NA	NA	susceptible	NA	NA	susceptible	NA	susceptible	NA	NA	NA	NA	NA	susceptible	susceptible	NA	NA	NA	NA	NA	susceptible	NA	NA	NA	susceptible	NA	NA	NA
562.22947	NA	susceptible	susceptible	NA	NA	NA	NA	NA	NA	NA	susceptible	NA	NA	susceptible	NA	NA	susceptible	NA	susceptible	NA	NA	NA	NA	NA	susceptible	susceptible	NA	NA	NA	NA	NA	susceptible	NA	NA	NA	susceptible	NA	NA	NA
562.22926	NA	susceptible	susceptible	NA	NA	NA	NA	NA	NA	NA	susceptible	NA	NA	susceptible	NA	NA	susceptible	NA	susceptible	NA	NA	NA	NA	NA	susceptible	susceptible	NA	NA	NA	NA	NA	susceptible	NA	NA	NA	susceptible	NA	NA	NA
562.22925	NA	resistant	resistant	NA	NA	NA	NA	NA	NA	NA	susceptible	NA	NA	susceptible	NA	NA	susceptible	NA	susceptible	NA	NA	NA	NA	NA	susceptible	susceptible	NA	NA	NA	NA	NA	susceptible	NA	NA	NA	susceptible	NA	NA	NA
562.22924	NA	susceptible	susceptible	NA	NA	NA	NA	NA	NA	NA	susceptible	NA	NA	susceptible	NA	NA	susceptible	NA	susceptible	NA	NA	NA	NA	NA	susceptible	susceptible	NA	NA	NA	NA	NA	susceptible	NA	NA	NA	susceptible	NA	NA	NA
562.22923	NA	susceptible	susceptible	NA	NA	NA	NA	NA	NA	NA	susceptible	NA	NA	susceptible	NA	NA	susceptible	NA	resistant	NA	NA	NA	NA	NA	resistant	susceptible	NA	NA	NA	NA	NA	susceptible	NA	NA	NA	susceptible	NA	NA	NA
562.22901	NA	resistant	susceptible	NA	NA	NA	NA	NA	NA	NA	NA	NA	NA	susceptible	NA	NA	susceptible	NA	susceptible	NA	NA	NA	NA	NA	susceptible	susceptible	NA	NA	NA	NA	NA	susceptible	NA	NA	NA	NA	NA	NA	NA
562.229	NA	resistant	resistant	NA	NA	NA	NA	NA	NA	NA	NA	NA	NA	susceptible	NA	NA	susceptible	NA	susceptible	NA	NA	NA	NA	NA	susceptible	susceptible	NA	NA	NA	NA	NA	susceptible	NA	NA	NA	NA	NA	NA	NA
562.22899	NA	susceptible	susceptible	NA	NA	NA	NA	NA	NA	NA	NA	NA	NA	susceptible	NA	NA	susceptible	NA	susceptible	NA	NA	NA	NA	NA	susceptible	susceptible	NA	NA	NA	NA	NA	susceptible	NA	NA	NA	NA	NA	NA	NA
562.22898	NA	resistant	susceptible	NA	NA	NA	NA	NA	NA	NA	NA	NA	NA	susceptible	NA	NA	susceptible	NA	susceptible	NA	NA	NA	NA	NA	susceptible	susceptible	NA	NA	NA	NA	NA	susceptible	NA	NA	NA	NA	NA	NA	NA
562.22897	NA	resistant	resistant	NA	NA	NA	NA	NA	NA	NA	NA	NA	NA	susceptible	NA	NA	susceptible	NA	susceptible	NA	NA	NA	NA	NA	susceptible	susceptible	NA	NA	NA	NA	NA	susceptible	NA	NA	NA	NA	NA	NA	NA
562.22896	NA	resistant	susceptible	NA	NA	NA	NA	NA	NA	NA	NA	NA	NA	susceptible	NA	NA	susceptible	NA	susceptible	NA	NA	NA	NA	NA	susceptible	susceptible	NA	NA	NA	NA	NA	susceptible	NA	NA	NA	NA	NA	NA	NA
562.22895	NA	resistant	susceptible	NA	NA	NA	NA	NA	NA	NA	NA	NA	NA	susceptible	NA	NA	susceptible	NA	susceptible	NA	NA	NA	NA	NA	susceptible	susceptible	NA	NA	NA	NA	NA	susceptible	NA	NA	NA	NA	NA	NA	NA
562.22894	NA	resistant	susceptible	NA	NA	NA	NA	NA	NA	NA	NA	NA	NA	susceptible	NA	NA	susceptible	NA	susceptible	NA	NA	NA	NA	NA	susceptible	susceptible	NA	NA	NA	NA	NA	susceptible	NA	NA	NA	NA	NA	NA	NA
562.22893	NA	resistant	resistant	NA	NA	NA	NA	NA	NA	NA	NA	NA	NA	susceptible	NA	NA	susceptible	NA	susceptible	NA	NA	NA	NA	NA	susceptible	susceptible	NA	NA	NA	NA	NA	susceptible	NA	NA	NA	NA	NA	NA	NA
562.22892	NA	resistant	susceptible	NA	NA	NA	NA	NA	NA	NA	NA	NA	NA	susceptible	NA	NA	susceptible	NA	susceptible	NA	NA	NA	NA	NA	resistant	susceptible	NA	NA	NA	NA	NA	susceptible	NA	NA	NA	NA	NA	NA	NA
562.22891	NA	susceptible	susceptible	NA	NA	NA	NA	NA	NA	NA	NA	NA	NA	susceptible	NA	NA	resistant	NA	susceptible	NA	NA	NA	NA	NA	susceptible	susceptible	NA	NA	NA	NA	NA	susceptible	NA	NA	NA	NA	NA	NA	NA
562.2289	NA	susceptible	susceptible	NA	NA	NA	NA	NA	NA	NA	NA	NA	NA	susceptible	NA	NA	susceptible	NA	susceptible	NA	NA	NA	NA	NA	susceptible	susceptible	NA	NA	NA	NA	NA	intermediate	NA	NA	NA	NA	NA	NA	NA
562.22889	NA	susceptible	susceptible	NA	NA	NA	NA	NA	NA	NA	NA	NA	NA	susceptible	NA	NA	susceptible	NA	susceptible	NA	NA	NA	NA	NA	susceptible	susceptible	NA	NA	NA	NA	NA	susceptible	NA	NA	NA	NA	NA	NA	NA
562.22888	NA	resistant	susceptible	NA	NA	NA	NA	NA	NA	NA	NA	NA	NA	susceptible	NA	NA	susceptible	NA	susceptible	NA	NA	NA	NA	NA	susceptible	susceptible	NA	NA	NA	NA	NA	susceptible	NA	NA	NA	NA	NA	NA	NA
562.22887	NA	susceptible	susceptible	NA	NA	NA	NA	NA	NA	NA	NA	NA	NA	susceptible	NA	NA	susceptible	NA	susceptible	NA	NA	NA	NA	NA	resistant	susceptible	NA	NA	NA	NA	NA	susceptible	NA	NA	NA	NA	NA	NA	NA
562.22886	NA	susceptible	susceptible	NA	NA	NA	NA	NA	NA	NA	NA	NA	NA	susceptible	NA	NA	susceptible	NA	susceptible	NA	NA	NA	NA	NA	susceptible	susceptible	NA	NA	NA	NA	NA	susceptible	NA	NA	NA	NA	NA	NA	NA
562.22885	NA	resistant	susceptible	NA	NA	NA	NA	NA	NA	NA	NA	NA	NA	susceptible	NA	NA	resistant	NA	susceptible	NA	NA	NA	NA	NA	susceptible	susceptible	NA	NA	NA	NA	NA	susceptible	NA	NA	NA	NA	NA	NA	NA
562.22902	NA	resistant	susceptible	NA	NA	NA	NA	NA	NA	NA	NA	NA	NA	susceptible	NA	NA	susceptible	NA	susceptible	NA	NA	NA	NA	NA	susceptible	susceptible	NA	NA	NA	NA	NA	susceptible	NA	NA	NA	NA	NA	NA	NA
562.22964	NA	resistant	susceptible	NA	NA	NA	NA	NA	NA	NA	susceptible	NA	NA	susceptible	NA	NA	susceptible	NA	susceptible	NA	NA	NA	NA	NA	susceptible	susceptible	NA	NA	NA	NA	NA	susceptible	NA	NA	NA	susceptible	NA	NA	NA
562.22903	NA	resistant	resistant	NA	NA	NA	NA	NA	NA	NA	NA	NA	NA	susceptible	NA	NA	susceptible	NA	susceptible	NA	NA	NA	NA	NA	susceptible	susceptible	NA	NA	NA	NA	NA	susceptible	NA	NA	NA	NA	NA	NA	NA
562.22905	NA	susceptible	susceptible	NA	NA	NA	NA	NA	NA	NA	NA	NA	NA	susceptible	NA	NA	susceptible	NA	susceptible	NA	NA	NA	NA	NA	susceptible	susceptible	NA	NA	NA	NA	NA	susceptible	NA	NA	NA	NA	NA	NA	NA
562.22922	NA	susceptible	susceptible	NA	NA	NA	NA	NA	NA	NA	susceptible	NA	NA	susceptible	NA	NA	susceptible	NA	susceptible	NA	NA	NA	NA	NA	susceptible	susceptible	NA	NA	NA	NA	NA	susceptible	NA	NA	NA	susceptible	NA	NA	NA
562.22921	NA	susceptible	susceptible	NA	NA	NA	NA	NA	NA	NA	susceptible	NA	NA	susceptible	NA	NA	susceptible	NA	susceptible	NA	NA	NA	NA	NA	susceptible	susceptible	NA	NA	NA	NA	NA	susceptible	NA	NA	NA	susceptible	NA	NA	NA
562.2292	NA	resistant	resistant	NA	NA	NA	NA	NA	NA	NA	susceptible	NA	NA	susceptible	NA	NA	susceptible	NA	resistant	NA	NA	NA	NA	NA	susceptible	susceptible	NA	NA	NA	NA	NA	susceptible	NA	NA	NA	susceptible	NA	NA	NA
562.22919	NA	resistant	susceptible	NA	NA	NA	NA	NA	NA	NA	susceptible	NA	NA	susceptible	NA	NA	susceptible	NA	susceptible	NA	NA	NA	NA	NA	susceptible	susceptible	NA	NA	NA	NA	NA	susceptible	NA	NA	NA	susceptible	NA	NA	NA
562.22918	NA	resistant	susceptible	NA	NA	NA	NA	NA	NA	NA	susceptible	NA	NA	susceptible	NA	NA	susceptible	NA	resistant	NA	NA	NA	NA	NA	resistant	susceptible	NA	NA	NA	NA	NA	susceptible	NA	NA	NA	susceptible	NA	NA	NA
562.22917	NA	susceptible	susceptible	NA	NA	NA	NA	NA	NA	NA	susceptible	NA	NA	susceptible	NA	NA	susceptible	NA	susceptible	NA	NA	NA	NA	NA	susceptible	susceptible	NA	NA	NA	NA	NA	susceptible	NA	NA	NA	susceptible	NA	NA	NA
562.22916	NA	susceptible	susceptible	NA	NA	NA	NA	NA	NA	NA	susceptible	NA	NA	susceptible	NA	NA	susceptible	NA	susceptible	NA	NA	NA	NA	NA	susceptible	susceptible	NA	NA	NA	NA	NA	susceptible	NA	NA	NA	susceptible	NA	NA	NA
562.22915	NA	resistant	susceptible	NA	NA	NA	NA	NA	NA	NA	susceptible	NA	NA	susceptible	NA	NA	resistant	NA	susceptible	NA	NA	NA	NA	NA	susceptible	susceptible	NA	NA	NA	NA	NA	intermediate	NA	NA	NA	susceptible	NA	NA	NA
562.22914	NA	resistant	resistant	NA	NA	NA	NA	NA	NA	NA	susceptible	NA	NA	susceptible	NA	NA	susceptible	NA	susceptible	NA	NA	NA	NA	NA	susceptible	susceptible	NA	NA	NA	NA	NA	resistant	NA	NA	NA	susceptible	NA	NA	NA
562.22913	NA	susceptible	susceptible	NA	NA	NA	NA	NA	NA	NA	susceptible	NA	NA	susceptible	NA	NA	susceptible	NA	susceptible	NA	NA	NA	NA	NA	susceptible	susceptible	NA	NA	NA	NA	NA	susceptible	NA	NA	NA	susceptible	NA	NA	NA
562.22912	NA	susceptible	susceptible	NA	NA	NA	NA	NA	NA	NA	susceptible	NA	NA	susceptible	NA	NA	susceptible	NA	susceptible	NA	NA	NA	NA	NA	susceptible	susceptible	NA	NA	NA	NA	NA	susceptible	NA	NA	NA	susceptible	NA	NA	NA
562.22911	NA	susceptible	susceptible	NA	NA	NA	NA	NA	NA	NA	susceptible	NA	NA	susceptible	NA	NA	susceptible	NA	susceptible	NA	NA	NA	NA	NA	susceptible	susceptible	NA	NA	NA	NA	NA	susceptible	NA	NA	NA	susceptible	NA	NA	NA
562.2291	NA	susceptible	susceptible	NA	NA	NA	NA	NA	NA	NA	susceptible	NA	NA	susceptible	NA	NA	susceptible	NA	susceptible	NA	NA	NA	NA	NA	susceptible	susceptible	NA	NA	NA	NA	NA	susceptible	NA	NA	NA	susceptible	NA	NA	NA
562.22909	NA	resistant	resistant	NA	NA	NA	NA	NA	NA	NA	susceptible	NA	NA	intermediate	NA	NA	resistant	NA	susceptible	NA	NA	NA	NA	NA	susceptible	susceptible	NA	NA	NA	NA	NA	intermediate	NA	NA	NA	susceptible	NA	NA	NA
562.22908	NA	resistant	susceptible	NA	NA	NA	NA	NA	NA	NA	NA	NA	NA	susceptible	NA	NA	susceptible	NA	susceptible	NA	NA	NA	NA	NA	susceptible	susceptible	NA	NA	NA	NA	NA	susceptible	NA	NA	NA	NA	NA	NA	NA
562.22907	NA	susceptible	susceptible	NA	NA	NA	NA	NA	NA	NA	NA	NA	NA	susceptible	NA	NA	susceptible	NA	susceptible	NA	NA	NA	NA	NA	susceptible	susceptible	NA	NA	NA	NA	NA	susceptible	NA	NA	NA	NA	NA	NA	NA
562.22906	NA	susceptible	susceptible	NA	NA	NA	NA	NA	NA	NA	NA	NA	NA	susceptible	NA	NA	susceptible	NA	susceptible	NA	NA	NA	NA	NA	susceptible	susceptible	NA	NA	NA	NA	NA	susceptible	NA	NA	NA	NA	NA	NA	NA
562.22904	NA	susceptible	susceptible	NA	NA	NA	NA	NA	NA	NA	NA	NA	NA	susceptible	NA	NA	susceptible	NA	susceptible	NA	NA	NA	NA	NA	susceptible	susceptible	NA	NA	NA	NA	NA	susceptible	NA	NA	NA	NA	NA	NA	NA
562.22965	NA	resistant	resistant	NA	NA	NA	NA	NA	NA	NA	susceptible	NA	NA	susceptible	NA	NA	susceptible	NA	susceptible	NA	NA	NA	NA	NA	susceptible	susceptible	NA	NA	NA	NA	NA	susceptible	NA	NA	NA	susceptible	NA	NA	NA
562.22966	NA	resistant	resistant	NA	NA	NA	NA	NA	NA	NA	susceptible	NA	NA	susceptible	NA	NA	susceptible	NA	susceptible	NA	NA	NA	NA	NA	susceptible	susceptible	NA	NA	NA	NA	NA	susceptible	NA	NA	NA	susceptible	NA	NA	NA
562.22967	NA	resistant	resistant	NA	NA	NA	NA	NA	NA	NA	susceptible	NA	NA	susceptible	NA	NA	susceptible	NA	susceptible	NA	NA	NA	NA	NA	susceptible	susceptible	NA	NA	NA	NA	NA	susceptible	NA	NA	NA	susceptible	NA	NA	NA
562.23026	NA	resistant	susceptible	NA	NA	NA	NA	NA	NA	NA	susceptible	NA	NA	susceptible	NA	NA	susceptible	NA	susceptible	NA	NA	NA	NA	NA	susceptible	susceptible	NA	NA	NA	NA	NA	susceptible	NA	NA	NA	susceptible	NA	NA	NA
562.23025	NA	resistant	susceptible	NA	NA	NA	NA	NA	NA	NA	susceptible	NA	NA	susceptible	NA	NA	susceptible	NA	susceptible	NA	NA	NA	NA	NA	susceptible	susceptible	NA	NA	NA	NA	NA	susceptible	NA	NA	NA	susceptible	NA	NA	NA
562.23024	NA	resistant	susceptible	NA	NA	NA	NA	NA	NA	NA	susceptible	NA	NA	susceptible	NA	NA	susceptible	NA	intermediate	NA	NA	NA	NA	NA	resistant	susceptible	NA	NA	NA	NA	NA	susceptible	NA	NA	NA	susceptible	NA	NA	NA
562.23023	NA	resistant	resistant	NA	NA	NA	NA	NA	NA	NA	susceptible	NA	NA	susceptible	NA	NA	resistant	NA	susceptible	NA	NA	NA	NA	NA	susceptible	susceptible	NA	NA	NA	NA	NA	resistant	NA	NA	NA	susceptible	NA	NA	NA
562.23022	NA	resistant	susceptible	NA	NA	NA	NA	NA	NA	NA	susceptible	NA	NA	susceptible	NA	NA	susceptible	NA	susceptible	NA	NA	NA	NA	NA	susceptible	susceptible	NA	NA	NA	NA	NA	susceptible	NA	NA	NA	susceptible	NA	NA	NA
562.23021	NA	susceptible	susceptible	NA	NA	NA	NA	NA	NA	NA	susceptible	NA	NA	susceptible	NA	NA	susceptible	NA	susceptible	NA	NA	NA	NA	NA	susceptible	susceptible	NA	NA	NA	NA	NA	susceptible	NA	NA	NA	susceptible	NA	NA	NA
562.2302	NA	resistant	resistant	NA	NA	NA	NA	NA	NA	NA	susceptible	NA	NA	susceptible	NA	NA	susceptible	NA	susceptible	NA	NA	NA	NA	NA	susceptible	susceptible	NA	NA	NA	NA	NA	resistant	NA	NA	NA	susceptible	NA	NA	NA
562.23019	NA	resistant	susceptible	NA	NA	NA	NA	NA	NA	NA	susceptible	NA	NA	susceptible	NA	NA	susceptible	NA	susceptible	NA	NA	NA	NA	NA	susceptible	susceptible	NA	NA	NA	NA	NA	susceptible	NA	NA	NA	susceptible	NA	NA	NA
562.23018	NA	resistant	resistant	NA	NA	NA	NA	NA	NA	NA	susceptible	NA	NA	susceptible	NA	NA	susceptible	NA	susceptible	NA	NA	NA	NA	NA	susceptible	susceptible	NA	NA	NA	NA	NA	susceptible	NA	NA	NA	susceptible	NA	NA	NA
562.23017	NA	susceptible	susceptible	NA	NA	NA	NA	NA	NA	NA	susceptible	NA	NA	susceptible	NA	NA	susceptible	NA	susceptible	NA	NA	NA	NA	NA	susceptible	susceptible	NA	NA	NA	NA	NA	susceptible	NA	NA	NA	susceptible	NA	NA	NA
562.23016	NA	susceptible	susceptible	NA	NA	NA	NA	NA	NA	NA	susceptible	NA	NA	susceptible	NA	NA	susceptible	NA	susceptible	NA	NA	NA	NA	NA	susceptible	susceptible	NA	NA	NA	NA	NA	susceptible	NA	NA	NA	susceptible	NA	NA	NA
562.23015	NA	susceptible	susceptible	NA	NA	NA	NA	NA	NA	NA	susceptible	NA	NA	susceptible	NA	NA	susceptible	NA	susceptible	NA	NA	NA	NA	NA	susceptible	susceptible	NA	NA	NA	NA	NA	susceptible	NA	NA	NA	susceptible	NA	NA	NA
562.23014	NA	susceptible	susceptible	NA	NA	NA	NA	NA	NA	NA	susceptible	NA	NA	susceptible	NA	NA	susceptible	NA	susceptible	NA	NA	NA	NA	NA	susceptible	susceptible	NA	NA	NA	NA	NA	susceptible	NA	NA	NA	susceptible	NA	NA	NA
562.23013	NA	resistant	susceptible	NA	NA	NA	NA	NA	NA	NA	susceptible	NA	NA	susceptible	NA	NA	susceptible	NA	susceptible	NA	NA	NA	NA	NA	susceptible	susceptible	NA	NA	NA	NA	NA	susceptible	NA	NA	NA	susceptible	NA	NA	NA
562.23012	NA	resistant	resistant	NA	NA	NA	NA	NA	NA	NA	susceptible	NA	NA	susceptible	NA	NA	susceptible	NA	susceptible	NA	NA	NA	NA	NA	susceptible	susceptible	NA	NA	NA	NA	NA	susceptible	NA	NA	NA	susceptible	NA	NA	NA
562.23011	NA	resistant	resistant	NA	NA	NA	NA	NA	NA	NA	susceptible	NA	NA	susceptible	NA	NA	resistant	NA	susceptible	NA	NA	NA	NA	NA	intermediate	susceptible	NA	NA	NA	NA	NA	resistant	NA	NA	NA	susceptible	NA	NA	NA
562.2301	NA	resistant	resistant	NA	NA	NA	NA	NA	NA	NA	susceptible	NA	NA	susceptible	NA	NA	susceptible	NA	susceptible	NA	NA	NA	NA	NA	susceptible	susceptible	NA	NA	NA	NA	NA	susceptible	NA	NA	NA	susceptible	NA	NA	NA
562.23027	NA	susceptible	susceptible	NA	NA	NA	NA	NA	NA	NA	susceptible	NA	NA	susceptible	NA	NA	susceptible	NA	susceptible	NA	NA	NA	NA	NA	susceptible	susceptible	NA	NA	NA	NA	NA	susceptible	NA	NA	NA	susceptible	NA	NA	NA
562.23009	NA	susceptible	susceptible	NA	NA	NA	NA	NA	NA	NA	susceptible	NA	NA	susceptible	NA	NA	susceptible	NA	susceptible	NA	NA	NA	NA	NA	susceptible	susceptible	NA	NA	NA	NA	NA	susceptible	NA	NA	NA	susceptible	NA	NA	NA
562.23028	NA	resistant	susceptible	NA	NA	NA	NA	NA	NA	NA	susceptible	NA	NA	susceptible	NA	NA	resistant	NA	resistant	NA	NA	NA	NA	NA	susceptible	susceptible	NA	NA	NA	NA	NA	susceptible	NA	NA	NA	susceptible	NA	NA	NA
562.2303	NA	resistant	susceptible	NA	NA	NA	NA	NA	NA	NA	susceptible	NA	NA	susceptible	NA	NA	susceptible	NA	susceptible	NA	NA	NA	NA	NA	susceptible	susceptible	NA	NA	NA	NA	NA	susceptible	NA	NA	NA	susceptible	NA	NA	NA
562.23047	NA	resistant	resistant	NA	NA	NA	NA	NA	NA	NA	resistant	NA	NA	resistant	NA	NA	resistant	NA	resistant	NA	NA	NA	NA	NA	resistant	susceptible	NA	NA	NA	NA	NA	resistant	NA	NA	NA	susceptible	NA	NA	NA
562.23046	NA	resistant	resistant	NA	NA	NA	NA	NA	NA	NA	resistant	NA	NA	resistant	NA	NA	resistant	NA	susceptible	NA	NA	NA	NA	NA	susceptible	susceptible	NA	NA	NA	NA	NA	susceptible	NA	NA	NA	susceptible	NA	NA	NA
562.23045	NA	susceptible	susceptible	NA	NA	NA	NA	NA	NA	NA	susceptible	NA	NA	susceptible	NA	NA	resistant	NA	susceptible	NA	NA	NA	NA	NA	susceptible	susceptible	NA	NA	NA	NA	NA	susceptible	NA	NA	NA	susceptible	NA	NA	NA
562.23044	NA	susceptible	susceptible	NA	NA	NA	NA	NA	NA	NA	susceptible	NA	NA	susceptible	NA	NA	susceptible	NA	susceptible	NA	NA	NA	NA	NA	susceptible	susceptible	NA	NA	NA	NA	NA	susceptible	NA	NA	NA	susceptible	NA	NA	NA
562.23043	NA	susceptible	susceptible	NA	NA	NA	NA	NA	NA	NA	susceptible	NA	NA	susceptible	NA	NA	susceptible	NA	susceptible	NA	NA	NA	NA	NA	susceptible	susceptible	NA	NA	NA	NA	NA	susceptible	NA	NA	NA	susceptible	NA	NA	NA
562.23042	NA	susceptible	susceptible	NA	NA	NA	NA	NA	NA	NA	susceptible	NA	NA	susceptible	NA	NA	susceptible	NA	susceptible	NA	NA	NA	NA	NA	susceptible	susceptible	NA	NA	NA	NA	NA	susceptible	NA	NA	NA	susceptible	NA	NA	NA
562.23041	NA	resistant	susceptible	NA	NA	NA	NA	NA	NA	NA	susceptible	NA	NA	susceptible	NA	NA	susceptible	NA	susceptible	NA	NA	NA	NA	NA	susceptible	susceptible	NA	NA	NA	NA	NA	susceptible	NA	NA	NA	susceptible	NA	NA	NA
562.2304	NA	resistant	susceptible	NA	NA	NA	NA	NA	NA	NA	susceptible	NA	NA	susceptible	NA	NA	susceptible	NA	susceptible	NA	NA	NA	NA	NA	susceptible	susceptible	NA	NA	NA	NA	NA	susceptible	NA	NA	NA	susceptible	NA	NA	NA
562.23039000000006	NA	resistant	susceptible	NA	NA	NA	NA	NA	NA	NA	susceptible	NA	NA	susceptible	NA	NA	susceptible	NA	susceptible	NA	NA	NA	NA	NA	susceptible	susceptible	NA	NA	NA	NA	NA	susceptible	NA	NA	NA	susceptible	NA	NA	NA
562.23038	NA	susceptible	susceptible	NA	NA	NA	NA	NA	NA	NA	susceptible	NA	NA	susceptible	NA	NA	susceptible	NA	susceptible	NA	NA	NA	NA	NA	susceptible	susceptible	NA	NA	NA	NA	NA	susceptible	NA	NA	NA	susceptible	NA	NA	NA
562.23037	NA	susceptible	susceptible	NA	NA	NA	NA	NA	NA	NA	susceptible	NA	NA	susceptible	NA	NA	susceptible	NA	susceptible	NA	NA	NA	NA	NA	susceptible	susceptible	NA	NA	NA	NA	NA	susceptible	NA	NA	NA	susceptible	NA	NA	NA
562.23036	NA	resistant	resistant	NA	NA	NA	NA	NA	NA	NA	susceptible	NA	NA	susceptible	NA	NA	susceptible	NA	susceptible	NA	NA	NA	NA	NA	susceptible	susceptible	NA	NA	NA	NA	NA	susceptible	NA	NA	NA	susceptible	NA	NA	NA
562.23035	NA	resistant	resistant	NA	NA	NA	NA	NA	NA	NA	susceptible	NA	NA	susceptible	NA	NA	susceptible	NA	susceptible	NA	NA	NA	NA	NA	susceptible	susceptible	NA	NA	NA	NA	NA	susceptible	NA	NA	NA	susceptible	NA	NA	NA
562.23034	NA	susceptible	susceptible	NA	NA	NA	NA	NA	NA	NA	susceptible	NA	NA	susceptible	NA	NA	susceptible	NA	susceptible	NA	NA	NA	NA	NA	susceptible	susceptible	NA	NA	NA	NA	NA	susceptible	NA	NA	NA	susceptible	NA	NA	NA
562.23033	NA	susceptible	susceptible	NA	NA	NA	NA	NA	NA	NA	susceptible	NA	NA	susceptible	NA	NA	susceptible	NA	susceptible	NA	NA	NA	NA	NA	susceptible	susceptible	NA	NA	NA	NA	NA	susceptible	NA	NA	NA	susceptible	NA	NA	NA
562.23032	NA	resistant	resistant	NA	NA	NA	NA	NA	NA	NA	susceptible	NA	NA	susceptible	NA	NA	susceptible	NA	susceptible	NA	NA	NA	NA	NA	susceptible	susceptible	NA	NA	NA	NA	NA	resistant	NA	NA	NA	susceptible	NA	NA	NA
562.23031	NA	resistant	resistant	NA	NA	NA	NA	NA	NA	NA	susceptible	NA	NA	susceptible	NA	NA	susceptible	NA	susceptible	NA	NA	NA	NA	NA	susceptible	susceptible	NA	NA	NA	NA	NA	resistant	NA	NA	NA	susceptible	NA	NA	NA
562.23029	NA	resistant	resistant	NA	NA	NA	NA	NA	NA	NA	susceptible	NA	NA	susceptible	NA	NA	susceptible	NA	resistant	NA	NA	NA	NA	NA	susceptible	susceptible	NA	NA	NA	NA	NA	susceptible	NA	NA	NA	susceptible	NA	NA	NA
562.22884	NA	resistant	susceptible	NA	NA	NA	NA	NA	NA	NA	NA	NA	NA	susceptible	NA	NA	susceptible	NA	susceptible	NA	NA	NA	NA	NA	susceptible	susceptible	NA	NA	NA	NA	NA	susceptible	NA	NA	NA	NA	NA	NA	NA
562.23008	NA	resistant	resistant	NA	NA	NA	NA	NA	NA	NA	susceptible	NA	NA	susceptible	NA	NA	susceptible	NA	susceptible	NA	NA	NA	NA	NA	susceptible	susceptible	NA	NA	NA	NA	NA	susceptible	NA	NA	NA	susceptible	NA	NA	NA
562.23006	NA	susceptible	susceptible	NA	NA	NA	NA	NA	NA	NA	susceptible	NA	NA	susceptible	NA	NA	susceptible	NA	susceptible	NA	NA	NA	NA	NA	susceptible	susceptible	NA	NA	NA	NA	NA	susceptible	NA	NA	NA	susceptible	NA	NA	NA
562.22984	NA	resistant	resistant	NA	NA	NA	NA	NA	NA	NA	resistant	NA	NA	resistant	NA	NA	resistant	NA	susceptible	NA	NA	NA	NA	NA	intermediate	susceptible	NA	NA	NA	NA	NA	susceptible	NA	NA	NA	susceptible	NA	NA	NA
562.22983	NA	resistant	resistant	NA	NA	NA	NA	NA	NA	NA	susceptible	NA	NA	susceptible	NA	NA	susceptible	NA	susceptible	NA	NA	NA	NA	NA	susceptible	susceptible	NA	NA	NA	NA	NA	susceptible	NA	NA	NA	susceptible	NA	NA	NA
562.22982	NA	resistant	susceptible	NA	NA	NA	NA	NA	NA	NA	susceptible	NA	NA	susceptible	NA	NA	susceptible	NA	susceptible	NA	NA	NA	NA	NA	susceptible	susceptible	NA	NA	NA	NA	NA	susceptible	NA	NA	NA	susceptible	NA	NA	NA
562.22981	NA	resistant	susceptible	NA	NA	NA	NA	NA	NA	NA	susceptible	NA	NA	susceptible	NA	NA	susceptible	NA	susceptible	NA	NA	NA	NA	NA	susceptible	susceptible	NA	NA	NA	NA	NA	susceptible	NA	NA	NA	susceptible	NA	NA	NA
562.2298	NA	susceptible	susceptible	NA	NA	NA	NA	NA	NA	NA	susceptible	NA	NA	susceptible	NA	NA	susceptible	NA	susceptible	NA	NA	NA	NA	NA	susceptible	susceptible	NA	NA	NA	NA	NA	susceptible	NA	NA	NA	susceptible	NA	NA	NA
562.22979	NA	resistant	resistant	NA	NA	NA	NA	NA	NA	NA	susceptible	NA	NA	susceptible	NA	NA	susceptible	NA	susceptible	NA	NA	NA	NA	NA	resistant	susceptible	NA	NA	NA	NA	NA	susceptible	NA	NA	NA	susceptible	NA	NA	NA
562.22978	NA	resistant	susceptible	NA	NA	NA	NA	NA	NA	NA	susceptible	NA	NA	susceptible	NA	NA	susceptible	NA	susceptible	NA	NA	NA	NA	NA	susceptible	susceptible	NA	NA	NA	NA	NA	susceptible	NA	NA	NA	susceptible	NA	NA	NA
562.22977	NA	susceptible	susceptible	NA	NA	NA	NA	NA	NA	NA	susceptible	NA	NA	susceptible	NA	NA	susceptible	NA	susceptible	NA	NA	NA	NA	NA	susceptible	susceptible	NA	NA	NA	NA	NA	susceptible	NA	NA	NA	susceptible	NA	NA	NA
562.22976	NA	resistant	susceptible	NA	NA	NA	NA	NA	NA	NA	susceptible	NA	NA	susceptible	NA	NA	susceptible	NA	susceptible	NA	NA	NA	NA	NA	susceptible	susceptible	NA	NA	NA	NA	NA	susceptible	NA	NA	NA	susceptible	NA	NA	NA
562.22975	NA	resistant	susceptible	NA	NA	NA	NA	NA	NA	NA	susceptible	NA	NA	susceptible	NA	NA	susceptible	NA	susceptible	NA	NA	NA	NA	NA	susceptible	susceptible	NA	NA	NA	NA	NA	susceptible	NA	NA	NA	susceptible	NA	NA	NA
562.22974	NA	susceptible	susceptible	NA	NA	NA	NA	NA	NA	NA	susceptible	NA	NA	susceptible	NA	NA	susceptible	NA	susceptible	NA	NA	NA	NA	NA	susceptible	susceptible	NA	NA	NA	NA	NA	susceptible	NA	NA	NA	susceptible	NA	NA	NA
562.22973	NA	resistant	resistant	NA	NA	NA	NA	NA	NA	NA	susceptible	NA	NA	susceptible	NA	NA	susceptible	NA	susceptible	NA	NA	NA	NA	NA	susceptible	susceptible	NA	NA	NA	NA	NA	susceptible	NA	NA	NA	susceptible	NA	NA	NA
562.22972	NA	resistant	resistant	NA	NA	NA	NA	NA	NA	NA	susceptible	NA	NA	susceptible	NA	NA	susceptible	NA	susceptible	NA	NA	NA	NA	NA	susceptible	susceptible	NA	NA	NA	NA	NA	intermediate	NA	NA	NA	susceptible	NA	NA	NA
562.22971	NA	resistant	susceptible	NA	NA	NA	NA	NA	NA	NA	susceptible	NA	NA	susceptible	NA	NA	susceptible	NA	susceptible	NA	NA	NA	NA	NA	susceptible	susceptible	NA	NA	NA	NA	NA	susceptible	NA	NA	NA	susceptible	NA	NA	NA
562.2297	NA	resistant	susceptible	NA	NA	NA	NA	NA	NA	NA	susceptible	NA	NA	susceptible	NA	NA	susceptible	NA	susceptible	NA	NA	NA	NA	NA	susceptible	susceptible	NA	NA	NA	NA	NA	susceptible	NA	NA	NA	susceptible	NA	NA	NA
562.22969	NA	resistant	susceptible	NA	NA	NA	NA	NA	NA	NA	susceptible	NA	NA	susceptible	NA	NA	susceptible	NA	susceptible	NA	NA	NA	NA	NA	susceptible	susceptible	NA	NA	NA	NA	NA	susceptible	NA	NA	NA	susceptible	NA	NA	NA
562.22968	NA	resistant	susceptible	NA	NA	NA	NA	NA	NA	NA	susceptible	NA	NA	susceptible	NA	NA	susceptible	NA	susceptible	NA	NA	NA	NA	NA	susceptible	susceptible	NA	NA	NA	NA	NA	susceptible	NA	NA	NA	susceptible	NA	NA	NA
562.22985	NA	resistant	susceptible	NA	NA	NA	NA	NA	NA	NA	susceptible	NA	NA	susceptible	NA	NA	susceptible	NA	susceptible	NA	NA	NA	NA	NA	susceptible	susceptible	NA	NA	NA	NA	NA	susceptible	NA	NA	NA	susceptible	NA	NA	NA
562.23007	NA	susceptible	susceptible	NA	NA	NA	NA	NA	NA	NA	susceptible	NA	NA	susceptible	NA	NA	susceptible	NA	susceptible	NA	NA	NA	NA	NA	susceptible	susceptible	NA	NA	NA	NA	NA	susceptible	NA	NA	NA	susceptible	NA	NA	NA
562.22986	NA	susceptible	susceptible	NA	NA	NA	NA	NA	NA	NA	susceptible	NA	NA	susceptible	NA	NA	susceptible	NA	susceptible	NA	NA	NA	NA	NA	susceptible	susceptible	NA	NA	NA	NA	NA	susceptible	NA	NA	NA	susceptible	NA	NA	NA
562.22988	NA	susceptible	susceptible	NA	NA	NA	NA	NA	NA	NA	susceptible	NA	NA	susceptible	NA	NA	susceptible	NA	susceptible	NA	NA	NA	NA	NA	susceptible	susceptible	NA	NA	NA	NA	NA	susceptible	NA	NA	NA	susceptible	NA	NA	NA
562.23005	NA	resistant	susceptible	NA	NA	NA	NA	NA	NA	NA	susceptible	NA	NA	susceptible	NA	NA	susceptible	NA	susceptible	NA	NA	NA	NA	NA	susceptible	susceptible	NA	NA	NA	NA	NA	susceptible	NA	NA	NA	susceptible	NA	NA	NA
562.23004	NA	resistant	susceptible	NA	NA	NA	NA	NA	NA	NA	susceptible	NA	NA	susceptible	NA	NA	susceptible	NA	susceptible	NA	NA	NA	NA	NA	susceptible	susceptible	NA	NA	NA	NA	NA	susceptible	NA	NA	NA	susceptible	NA	NA	NA
562.23003	NA	resistant	susceptible	NA	NA	NA	NA	NA	NA	NA	susceptible	NA	NA	susceptible	NA	NA	susceptible	NA	susceptible	NA	NA	NA	NA	NA	susceptible	susceptible	NA	NA	NA	NA	NA	susceptible	NA	NA	NA	susceptible	NA	NA	NA
562.23002	NA	resistant	susceptible	NA	NA	NA	NA	NA	NA	NA	susceptible	NA	NA	susceptible	NA	NA	susceptible	NA	susceptible	NA	NA	NA	NA	NA	susceptible	susceptible	NA	NA	NA	NA	NA	susceptible	NA	NA	NA	susceptible	NA	NA	NA
562.23001	NA	resistant	susceptible	NA	NA	NA	NA	NA	NA	NA	susceptible	NA	NA	susceptible	NA	NA	susceptible	NA	susceptible	NA	NA	NA	NA	NA	susceptible	susceptible	NA	NA	NA	NA	NA	susceptible	NA	NA	NA	susceptible	NA	NA	NA
562.23	NA	resistant	resistant	NA	NA	NA	NA	NA	NA	NA	susceptible	NA	NA	susceptible	NA	NA	susceptible	NA	susceptible	NA	NA	NA	NA	NA	susceptible	susceptible	NA	NA	NA	NA	NA	susceptible	NA	NA	NA	susceptible	NA	NA	NA
562.22999	NA	resistant	susceptible	NA	NA	NA	NA	NA	NA	NA	susceptible	NA	NA	susceptible	NA	NA	susceptible	NA	susceptible	NA	NA	NA	NA	NA	susceptible	susceptible	NA	NA	NA	NA	NA	susceptible	NA	NA	NA	susceptible	NA	NA	NA
562.22998	NA	susceptible	susceptible	NA	NA	NA	NA	NA	NA	NA	susceptible	NA	NA	susceptible	NA	NA	susceptible	NA	susceptible	NA	NA	NA	NA	NA	susceptible	susceptible	NA	NA	NA	NA	NA	susceptible	NA	NA	NA	susceptible	NA	NA	NA
562.22997	NA	resistant	susceptible	NA	NA	NA	NA	NA	NA	NA	susceptible	NA	NA	susceptible	NA	NA	susceptible	NA	resistant	NA	NA	NA	NA	NA	resistant	susceptible	NA	NA	NA	NA	NA	susceptible	NA	NA	NA	susceptible	NA	NA	NA
562.22996	NA	susceptible	susceptible	NA	NA	NA	NA	NA	NA	NA	susceptible	NA	NA	susceptible	NA	NA	susceptible	NA	susceptible	NA	NA	NA	NA	NA	susceptible	susceptible	NA	NA	NA	NA	NA	susceptible	NA	NA	NA	susceptible	NA	NA	NA
562.22995	NA	susceptible	susceptible	NA	NA	NA	NA	NA	NA	NA	susceptible	NA	NA	susceptible	NA	NA	susceptible	NA	susceptible	NA	NA	NA	NA	NA	susceptible	susceptible	NA	NA	NA	NA	NA	susceptible	NA	NA	NA	susceptible	NA	NA	NA
562.22994	NA	susceptible	susceptible	NA	NA	NA	NA	NA	NA	NA	susceptible	NA	NA	susceptible	NA	NA	susceptible	NA	susceptible	NA	NA	NA	NA	NA	susceptible	susceptible	NA	NA	NA	NA	NA	susceptible	NA	NA	NA	susceptible	NA	NA	NA
562.22993	NA	resistant	susceptible	NA	NA	NA	NA	NA	NA	NA	susceptible	NA	NA	susceptible	NA	NA	susceptible	NA	susceptible	NA	NA	NA	NA	NA	susceptible	susceptible	NA	NA	NA	NA	NA	susceptible	NA	NA	NA	susceptible	NA	NA	NA
562.22992	NA	resistant	susceptible	NA	NA	NA	NA	NA	NA	NA	susceptible	NA	NA	susceptible	NA	NA	susceptible	NA	susceptible	NA	NA	NA	NA	NA	susceptible	susceptible	NA	NA	NA	NA	NA	susceptible	NA	NA	NA	susceptible	NA	NA	NA
562.22991	NA	resistant	susceptible	NA	NA	NA	NA	NA	NA	NA	susceptible	NA	NA	susceptible	NA	NA	susceptible	NA	susceptible	NA	NA	NA	NA	NA	susceptible	susceptible	NA	NA	NA	NA	NA	susceptible	NA	NA	NA	susceptible	NA	NA	NA
562.2299	NA	susceptible	susceptible	NA	NA	NA	NA	NA	NA	NA	susceptible	NA	NA	susceptible	NA	NA	susceptible	NA	susceptible	NA	NA	NA	NA	NA	susceptible	susceptible	NA	NA	NA	NA	NA	susceptible	NA	NA	NA	susceptible	NA	NA	NA
562.22989	NA	susceptible	susceptible	NA	NA	NA	NA	NA	NA	NA	susceptible	NA	NA	susceptible	NA	NA	resistant	NA	susceptible	NA	NA	NA	NA	NA	susceptible	susceptible	NA	NA	NA	NA	NA	susceptible	NA	NA	NA	susceptible	NA	NA	NA
562.22987	NA	susceptible	susceptible	NA	NA	NA	NA	NA	NA	NA	susceptible	NA	NA	susceptible	NA	NA	susceptible	NA	susceptible	NA	NA	NA	NA	NA	susceptible	susceptible	NA	NA	NA	NA	NA	susceptible	NA	NA	NA	susceptible	NA	NA	NA
562.22454	susceptible	NA	susceptible	resistant	NA	NA	susceptible	intermediate	NA	susceptible	susceptible	NA	susceptible	susceptible	NA	NA	susceptible	NA	susceptible	NA	NA	NA	susceptible	NA	susceptible	NA	NA	susceptible	NA	NA	NA	susceptible	NA	NA	NA	susceptible	susceptible	susceptible	NA
562.22883	NA	susceptible	susceptible	NA	NA	NA	NA	NA	NA	NA	NA	NA	NA	susceptible	NA	NA	susceptible	NA	susceptible	NA	NA	NA	NA	NA	susceptible	susceptible	NA	NA	NA	NA	NA	susceptible	NA	NA	NA	NA	NA	NA	NA
562.22881	NA	resistant	susceptible	NA	NA	NA	NA	NA	NA	NA	NA	NA	NA	susceptible	NA	NA	susceptible	NA	susceptible	NA	NA	NA	NA	NA	susceptible	susceptible	NA	NA	NA	NA	NA	susceptible	NA	NA	NA	NA	NA	NA	NA
562.1908	NA	NA	NA	NA	NA	NA	NA	NA	NA	NA	NA	NA	NA	NA	NA	intermediate	NA	NA	NA	NA	NA	NA	NA	NA	NA	NA	NA	NA	NA	NA	NA	NA	NA	NA	NA	NA	NA	NA	NA
562.19081	NA	NA	NA	NA	NA	NA	NA	NA	NA	NA	NA	NA	NA	NA	NA	resistant	NA	NA	NA	NA	NA	NA	NA	NA	NA	NA	NA	NA	NA	NA	NA	NA	NA	NA	NA	NA	NA	NA	NA
562.19082	NA	NA	NA	NA	NA	NA	NA	NA	NA	NA	NA	NA	NA	NA	NA	resistant	NA	NA	NA	NA	NA	NA	NA	NA	NA	NA	NA	NA	NA	NA	NA	NA	NA	NA	NA	NA	NA	NA	NA
562.19083	NA	NA	NA	NA	NA	NA	NA	NA	NA	NA	NA	NA	NA	NA	NA	resistant	NA	NA	NA	NA	NA	NA	NA	NA	NA	NA	NA	NA	NA	NA	NA	NA	NA	NA	NA	NA	NA	NA	NA
562.19084	NA	NA	NA	NA	NA	NA	NA	NA	NA	NA	NA	NA	NA	NA	NA	resistant	NA	NA	NA	NA	NA	NA	NA	NA	NA	NA	NA	NA	NA	NA	NA	NA	NA	NA	NA	NA	NA	NA	NA
562.19085	NA	NA	NA	NA	NA	NA	NA	NA	NA	NA	NA	NA	NA	NA	NA	resistant	NA	NA	NA	NA	NA	NA	NA	NA	NA	NA	NA	NA	NA	NA	NA	NA	NA	NA	NA	NA	NA	NA	NA
562.19086	NA	NA	NA	NA	NA	NA	NA	NA	NA	NA	NA	NA	NA	NA	NA	resistant	NA	NA	NA	NA	NA	NA	NA	NA	NA	NA	NA	NA	NA	NA	NA	NA	NA	NA	NA	NA	NA	NA	NA
562.19078	NA	NA	NA	NA	NA	NA	NA	NA	NA	NA	NA	NA	NA	NA	NA	resistant	NA	NA	NA	NA	NA	NA	NA	NA	NA	NA	NA	NA	NA	NA	NA	NA	NA	NA	NA	NA	NA	NA	NA
562.19151	NA	NA	NA	resistant	NA	NA	NA	NA	NA	NA	resistant	NA	NA	susceptible	NA	NA	NA	NA	susceptible	NA	NA	NA	NA	NA	susceptible	NA	NA	NA	NA	NA	NA	NA	NA	NA	NA	NA	NA	NA	NA
562.19185	NA	NA	NA	NA	NA	NA	NA	NA	NA	NA	resistant*	NA	NA	NA	resistant	NA	NA	susceptible	NA	NA	NA	NA	NA	NA	NA	NA	NA	NA	NA	NA	NA	NA	NA	NA	susceptible	NA	NA	NA	susceptible
562.19186	NA	NA	NA	NA	NA	NA	NA	NA	NA	NA	resistant*	NA	NA	NA	resistant	NA	NA	susceptible	NA	NA	NA	NA	NA	NA	NA	NA	NA	NA	NA	NA	NA	NA	NA	NA	susceptible	NA	NA	NA	intermediate
562.19189	NA	NA	NA	NA	NA	NA	NA	NA	NA	NA	resistant*	NA	NA	NA	resistant	NA	NA	intermediate	NA	NA	NA	NA	NA	NA	NA	NA	NA	NA	NA	NA	NA	NA	NA	NA	susceptible	NA	NA	NA	susceptible
562.19194	NA	NA	NA	NA	NA	NA	NA	NA	NA	NA	resistant*	NA	NA	resistant*	NA	resistant*	NA	NA	susceptible*	NA	NA	NA	NA	NA	NA	NA	NA	NA	NA	NA	NA	NA	NA	NA	NA	NA	NA	NA	NA
562.19195	NA	NA	NA	NA	NA	NA	NA	NA	NA	NA	resistant*	NA	NA	resistant*	NA	resistant*	NA	NA	susceptible*	NA	NA	NA	NA	NA	NA	NA	NA	NA	NA	NA	NA	NA	NA	NA	NA	NA	NA	NA	NA
562.19196	NA	NA	NA	NA	NA	NA	NA	NA	NA	NA	resistant*	NA	NA	resistant*	NA	resistant*	NA	NA	susceptible*	NA	NA	NA	NA	NA	susceptible*	NA	NA	NA	NA	NA	NA	NA	NA	NA	NA	NA	NA	NA	NA
562.19197	NA	NA	NA	NA	NA	NA	NA	NA	NA	NA	resistant*	NA	NA	resistant*	NA	resistant*	NA	NA	susceptible*	NA	NA	NA	NA	NA	NA	NA	NA	NA	NA	NA	NA	NA	NA	NA	NA	NA	NA	NA	NA
562.19184	NA	NA	NA	NA	NA	NA	NA	NA	NA	NA	resistant*	NA	NA	NA	resistant	NA	NA	susceptible	NA	NA	NA	NA	NA	NA	NA	NA	NA	NA	NA	NA	NA	NA	NA	NA	susceptible	NA	NA	NA	susceptible
562.17722	NA	NA	NA	NA	resistant	NA	NA	NA	resistant	NA	resistant*	NA	NA	resistant*	NA	resistant	NA	NA	resistant*	NA	resistant	NA	NA	NA	NA	NA	resistant	NA	NA	NA	NA	NA	NA	NA	resistant	NA	NA	NA	resistant
562.17721	NA	NA	NA	NA	resistant	NA	NA	NA	resistant	NA	resistant*	NA	NA	resistant*	NA	resistant	NA	NA	resistant*	NA	resistant	NA	NA	NA	NA	NA	resistant	NA	NA	NA	NA	NA	NA	NA	resistant	NA	NA	NA	resistant
562.17621	NA	NA	NA	NA	resistant	NA	NA	NA	resistant	NA	resistant*	NA	NA	resistant*	NA	resistant	NA	NA	resistant*	NA	resistant	NA	NA	NA	susceptible*	NA	resistant	NA	NA	NA	NA	NA	NA	NA	resistant	NA	NA	NA	resistant
562.22796	susceptible	NA	susceptible	susceptible	NA	NA	susceptible	intermediate	NA	susceptible	susceptible	NA	susceptible	susceptible	NA	NA	susceptible	NA	susceptible	NA	NA	NA	susceptible	NA	susceptible	NA	NA	susceptible	NA	NA	NA	susceptible	NA	NA	NA	susceptible	susceptible	susceptible	NA
562.22795	susceptible	NA	susceptible	susceptible	NA	NA	susceptible	intermediate	NA	susceptible	susceptible	NA	susceptible	susceptible	NA	NA	susceptible	NA	susceptible	NA	NA	NA	susceptible	NA	susceptible	NA	NA	susceptible	NA	NA	NA	susceptible	NA	NA	NA	susceptible	susceptible	susceptible	NA
562.22794	susceptible	NA	susceptible	resistant	NA	NA	susceptible	susceptible	NA	susceptible	susceptible	NA	susceptible	susceptible	NA	NA	susceptible	NA	resistant	NA	NA	NA	susceptible	NA	resistant	NA	NA	susceptible	NA	NA	NA	susceptible	NA	NA	NA	susceptible	resistant	resistant	NA
562.10576	NA	NA	NA	NA	NA	NA	NA	NA	NA	NA	NA	NA	NA	resistant*	NA	resistant*	NA	NA	NA	resistant*	NA	NA	NA	NA	NA	NA	NA	NA	NA	susceptible*	NA	NA	NA	NA	NA	NA	NA	NA	NA
562.12959	NA	NA	NA	NA	resistant	NA	NA	NA	resistant	NA	resistant*	NA	NA	resistant*	NA	resistant	NA	NA	resistant*	NA	resistant	NA	NA	NA	NA	NA	resistant	NA	NA	NA	NA	NA	NA	NA	resistant	NA	NA	NA	resistant
562.1296	NA	NA	NA	NA	resistant	NA	NA	NA	resistant	NA	resistant*	NA	NA	resistant*	NA	resistant	NA	NA	resistant*	NA	resistant	NA	NA	NA	NA	NA	resistant	NA	NA	NA	NA	NA	NA	NA	susceptible	susceptible*	NA	NA	resistant
562.12961	susceptible	NA	susceptible	resistant	NA	NA	resistant	resistant	NA	susceptible	intermediate	NA	susceptible	resistant	NA	NA	resistant	NA	susceptible	NA	NA	NA	susceptible	NA	resistant	NA	NA	susceptible	NA	NA	NA	susceptible	NA	NA	NA	intermediate	intermediate	susceptible	NA
562.12962	susceptible	NA	susceptible	resistant	NA	NA	susceptible	resistant	NA	susceptible	resistant	NA	susceptible	susceptible	NA	NA	resistant	NA	intermediate	NA	NA	NA	susceptible	NA	susceptible	NA	NA	susceptible	NA	NA	NA	susceptible	NA	NA	NA	intermediate	susceptible	resistant	NA
562.13502	NA	NA	NA	NA	NA	NA	NA	NA	NA	NA	resistant*	NA	NA	NA	NA	NA	NA	NA	resistant*	NA	NA	NA	NA	NA	resistant*	NA	NA	NA	NA	NA	NA	NA	NA	NA	resistant	NA	NA	NA	NA
562.13671	NA	NA	NA	resistant	NA	NA	NA	NA	NA	NA	susceptible	NA	NA	susceptible	NA	NA	NA	NA	susceptible	NA	NA	NA	NA	NA	resistant	NA	NA	NA	NA	NA	NA	NA	NA	NA	NA	NA	NA	NA	NA
562.16324	NA	NA	NA	NA	resistant	NA	NA	NA	resistant	NA	resistant*	NA	NA	resistant*	NA	resistant	NA	NA	resistant*	NA	NA	NA	NA	NA	NA	NA	resistant	NA	NA	NA	NA	NA	NA	NA	susceptible	susceptible*	NA	NA	resistant
562.16325	NA	NA	NA	NA	resistant	NA	NA	NA	resistant	NA	resistant*	NA	NA	resistant*	NA	resistant	NA	NA	NA	NA	resistant	NA	NA	NA	NA	NA	susceptible	NA	NA	NA	NA	NA	NA	NA	resistant	NA	NA	NA	resistant
562.16326	NA	NA	NA	NA	resistant	NA	NA	NA	resistant	NA	resistant*	NA	NA	resistant*	NA	resistant	NA	NA	NA	NA	resistant	NA	NA	NA	susceptible*	NA	susceptible	NA	NA	NA	NA	NA	NA	NA	resistant	NA	NA	NA	resistant
562.16327	NA	NA	NA	NA	resistant	NA	NA	NA	resistant	NA	resistant*	NA	NA	resistant*	NA	resistant	NA	NA	resistant*	NA	susceptible	NA	NA	NA	susceptible*	NA	resistant	NA	NA	NA	NA	NA	NA	NA	resistant	NA	NA	NA	resistant
562.16466	NA	NA	NA	NA	NA	NA	NA	NA	resistant	NA	NA	NA	NA	resistant*	NA	resistant	NA	resistant	NA	resistant*	NA	NA	NA	NA	NA	NA	NA	NA	NA	susceptible	NA	NA	NA	NA	resistant	NA	NA	NA	resistant
562.17359	susceptible	NA	NA	NA	NA	NA	resistant	NA	NA	NA	resistant	NA	NA	resistant	NA	NA	NA	NA	resistant	susceptible	NA	NA	susceptible	NA	susceptible	susceptible	NA	susceptible	NA	NA	NA	NA	NA	NA	NA	NA	NA	NA	NA
562.1762	NA	NA	NA	resistant*	NA	NA	NA	NA	resistant	NA	resistant*	NA	NA	resistant*	NA	resistant	NA	NA	resistant*	NA	resistant	NA	NA	NA	NA	NA	resistant	NA	NA	NA	NA	NA	NA	NA	susceptible	NA	NA	NA	resistant
562.19198	NA	NA	NA	NA	NA	NA	NA	NA	NA	NA	resistant*	NA	NA	resistant*	NA	resistant*	NA	NA	NA	NA	NA	NA	NA	NA	susceptible*	NA	NA	NA	NA	NA	NA	NA	NA	NA	NA	NA	NA	NA	NA
562.19199	NA	NA	NA	NA	NA	NA	NA	NA	NA	NA	resistant*	NA	NA	resistant*	NA	resistant*	NA	NA	NA	NA	NA	NA	NA	NA	NA	NA	NA	NA	NA	NA	NA	NA	NA	NA	NA	NA	NA	NA	NA
562.192	NA	NA	NA	NA	NA	NA	NA	NA	NA	NA	resistant*	NA	NA	resistant*	NA	resistant*	NA	NA	susceptible*	NA	NA	NA	NA	NA	susceptible*	NA	NA	NA	NA	NA	NA	NA	NA	NA	NA	NA	NA	NA	NA
562.19201	NA	NA	NA	NA	NA	NA	NA	NA	NA	NA	resistant*	NA	NA	resistant*	NA	resistant*	NA	NA	susceptible*	NA	NA	NA	NA	NA	susceptible*	NA	NA	NA	NA	NA	NA	NA	NA	NA	susceptible*	NA	NA	NA	NA
562.22436	susceptible	NA	resistant	resistant	NA	NA	susceptible	intermediate	NA	susceptible	susceptible	NA	susceptible	susceptible	NA	NA	susceptible	NA	susceptible	NA	NA	NA	susceptible	NA	susceptible	NA	NA	susceptible	NA	NA	NA	susceptible	NA	NA	NA	susceptible	susceptible	resistant	NA
562.22437	susceptible	NA	susceptible	resistant	NA	NA	susceptible	susceptible	NA	susceptible	susceptible	NA	susceptible	susceptible	NA	NA	susceptible	NA	susceptible	NA	NA	NA	susceptible	NA	susceptible	NA	NA	susceptible	NA	NA	NA	susceptible	NA	NA	NA	susceptible	susceptible	resistant	NA
562.22438	susceptible	NA	susceptible	susceptible	NA	NA	susceptible	susceptible	NA	susceptible	susceptible	NA	susceptible	susceptible	NA	NA	susceptible	NA	susceptible	NA	NA	NA	susceptible	NA	susceptible	NA	NA	susceptible	NA	NA	NA	susceptible	NA	NA	NA	susceptible	susceptible	susceptible	NA
562.22439	susceptible	NA	susceptible	susceptible	NA	NA	susceptible	susceptible	NA	susceptible	susceptible	NA	susceptible	susceptible	NA	NA	susceptible	NA	susceptible	NA	NA	NA	susceptible	NA	susceptible	NA	NA	susceptible	NA	NA	NA	susceptible	NA	NA	NA	susceptible	susceptible	susceptible	NA
562.2244	susceptible	NA	resistant	resistant	NA	NA	susceptible	intermediate	NA	susceptible	susceptible	NA	susceptible	susceptible	NA	NA	susceptible	NA	resistant	NA	NA	NA	susceptible	NA	susceptible	NA	NA	susceptible	NA	NA	NA	susceptible	NA	NA	NA	susceptible	susceptible	resistant	NA
562.22441	susceptible	NA	resistant	resistant	NA	NA	susceptible	intermediate	NA	susceptible	susceptible	NA	susceptible	susceptible	NA	NA	susceptible	NA	susceptible	NA	NA	NA	susceptible	NA	susceptible	NA	NA	susceptible	NA	NA	NA	resistant	NA	NA	NA	susceptible	susceptible	susceptible	NA
562.22442	intermediate	NA	resistant	resistant	NA	NA	susceptible	intermediate	NA	susceptible	susceptible	NA	susceptible	susceptible	NA	NA	susceptible	NA	resistant	NA	NA	NA	susceptible	NA	susceptible	NA	NA	susceptible	NA	NA	NA	susceptible	NA	NA	NA	susceptible	resistant	resistant	NA
562.22443	susceptible	NA	resistant	resistant	NA	NA	susceptible	intermediate	NA	susceptible	susceptible	NA	susceptible	susceptible	NA	NA	resistant	NA	susceptible	NA	NA	NA	susceptible	NA	susceptible	NA	NA	susceptible	NA	NA	NA	susceptible	NA	NA	NA	susceptible	susceptible	resistant	NA
562.22444	susceptible	NA	susceptible	susceptible	NA	NA	susceptible	intermediate	NA	susceptible	susceptible	NA	susceptible	susceptible	NA	NA	susceptible	NA	susceptible	NA	NA	NA	susceptible	NA	susceptible	NA	NA	susceptible	NA	NA	NA	susceptible	NA	NA	NA	susceptible	susceptible	susceptible	NA
562.22445	susceptible	NA	susceptible	resistant	NA	NA	susceptible	intermediate	NA	susceptible	susceptible	NA	susceptible	susceptible	NA	NA	susceptible	NA	susceptible	NA	NA	NA	susceptible	NA	resistant	NA	NA	susceptible	NA	NA	NA	susceptible	NA	NA	NA	susceptible	intermediate	susceptible	NA
562.22446	susceptible	NA	susceptible	susceptible	NA	NA	susceptible	susceptible	NA	susceptible	susceptible	NA	susceptible	susceptible	NA	NA	susceptible	NA	susceptible	NA	NA	NA	susceptible	NA	susceptible	NA	NA	susceptible	NA	NA	NA	susceptible	NA	NA	NA	susceptible	susceptible	susceptible	NA
562.22447	susceptible	NA	susceptible	resistant	NA	NA	susceptible	intermediate	NA	susceptible	susceptible	NA	susceptible	susceptible	NA	NA	susceptible	NA	susceptible	NA	NA	NA	susceptible	NA	susceptible	NA	NA	susceptible	NA	NA	NA	susceptible	NA	NA	NA	susceptible	susceptible	resistant	NA
562.22448	susceptible	NA	susceptible	susceptible	NA	NA	susceptible	susceptible	NA	susceptible	susceptible	NA	susceptible	susceptible	NA	NA	susceptible	NA	susceptible	NA	NA	NA	susceptible	NA	susceptible	NA	NA	susceptible	NA	NA	NA	susceptible	NA	NA	NA	susceptible	susceptible	susceptible	NA
562.22449	susceptible	NA	susceptible	susceptible	NA	NA	susceptible	susceptible	NA	susceptible	susceptible	NA	susceptible	susceptible	NA	NA	susceptible	NA	susceptible	NA	NA	NA	susceptible	NA	susceptible	NA	NA	susceptible	NA	NA	NA	susceptible	NA	NA	NA	susceptible	susceptible	susceptible	NA
562.2245	susceptible	NA	susceptible	susceptible	NA	NA	susceptible	susceptible	NA	susceptible	susceptible	NA	susceptible	susceptible	NA	NA	susceptible	NA	susceptible	NA	NA	NA	susceptible	NA	susceptible	NA	NA	susceptible	NA	NA	NA	susceptible	NA	NA	NA	susceptible	susceptible	susceptible	NA
562.22451	susceptible	NA	susceptible	susceptible	NA	NA	susceptible	susceptible	NA	susceptible	susceptible	NA	susceptible	susceptible	NA	NA	susceptible	NA	susceptible	NA	NA	NA	susceptible	NA	susceptible	NA	NA	susceptible	NA	NA	NA	susceptible	NA	NA	NA	susceptible	susceptible	susceptible	NA
562.22452	susceptible	NA	susceptible	susceptible	NA	NA	susceptible	susceptible	NA	susceptible	susceptible	NA	susceptible	susceptible	NA	NA	susceptible	NA	susceptible	NA	NA	NA	susceptible	NA	susceptible	NA	NA	susceptible	NA	NA	NA	susceptible	NA	NA	NA	susceptible	susceptible	susceptible	NA
562.22435	susceptible	NA	resistant	resistant	NA	NA	susceptible	intermediate	NA	susceptible	susceptible	NA	susceptible	susceptible	NA	NA	susceptible	NA	susceptible	NA	NA	NA	susceptible	NA	susceptible	NA	NA	susceptible	NA	NA	NA	resistant	NA	NA	NA	susceptible	susceptible	resistant	NA
562.22797	susceptible	NA	susceptible	susceptible	NA	NA	susceptible	intermediate	NA	susceptible	susceptible	NA	intermediate	susceptible	NA	NA	resistant	NA	resistant	NA	NA	NA	susceptible	NA	susceptible	NA	NA	susceptible	NA	NA	NA	susceptible	NA	NA	NA	susceptible	susceptible	susceptible	NA
562.22434	susceptible	NA	susceptible	resistant	NA	NA	susceptible	intermediate	NA	susceptible	susceptible	NA	susceptible	susceptible	NA	NA	susceptible	NA	resistant	NA	NA	NA	susceptible	NA	susceptible	NA	NA	susceptible	NA	NA	NA	susceptible	NA	NA	NA	susceptible	susceptible	resistant	NA
562.22432	susceptible	NA	resistant	resistant	NA	NA	resistant	resistant	NA	intermediate	resistant	NA	susceptible	intermediate	NA	NA	resistant	NA	resistant	NA	NA	NA	susceptible	NA	susceptible	NA	NA	susceptible	NA	NA	NA	susceptible	NA	NA	NA	susceptible	resistant	resistant	NA
562.19221	NA	NA	NA	NA	NA	NA	NA	NA	NA	NA	NA	NA	NA	NA	NA	resistant	NA	NA	NA	NA	NA	NA	NA	NA	NA	NA	NA	NA	NA	NA	NA	NA	NA	NA	NA	NA	NA	NA	NA
562.19631	NA	NA	NA	NA	resistant	NA	NA	NA	resistant	NA	resistant*	NA	NA	resistant*	NA	resistant	NA	NA	resistant*	NA	resistant	NA	NA	NA	susceptible*	NA	resistant	NA	NA	NA	NA	NA	NA	NA	resistant	NA	NA	NA	resistant
562.19632	NA	NA	NA	NA	resistant	NA	NA	NA	resistant	NA	resistant*	NA	NA	resistant*	NA	resistant	NA	NA	resistant*	NA	susceptible	NA	NA	NA	NA	NA	resistant	NA	NA	NA	NA	NA	NA	NA	resistant	NA	intermediate*	NA	resistant
562.19633	NA	NA	NA	NA	resistant	NA	NA	NA	resistant	NA	resistant*	NA	NA	resistant*	NA	resistant	NA	NA	resistant*	NA	NA	NA	NA	NA	NA	NA	resistant	NA	NA	NA	NA	NA	NA	NA	susceptible	susceptible*	NA	NA	resistant
562.19637	NA	NA	NA	NA	NA	NA	NA	NA	NA	NA	NA	NA	NA	NA	NA	resistant	NA	NA	NA	NA	NA	NA	NA	NA	NA	NA	NA	NA	NA	NA	NA	NA	NA	NA	NA	NA	NA	NA	NA
562.19638	NA	NA	NA	NA	NA	NA	NA	NA	NA	NA	NA	NA	NA	NA	NA	resistant	NA	NA	NA	NA	NA	NA	NA	NA	NA	NA	NA	NA	NA	NA	NA	NA	NA	NA	NA	NA	NA	NA	NA
562.19821	NA	NA	NA	NA	resistant	NA	NA	NA	resistant	NA	resistant*	NA	NA	resistant*	NA	resistant	NA	NA	resistant*	NA	resistant	NA	NA	NA	susceptible*	NA	resistant	NA	NA	NA	NA	NA	NA	NA	susceptible	NA	NA	NA	susceptible
562.19823	NA	NA	NA	NA	resistant	NA	NA	NA	resistant	NA	resistant*	NA	NA	resistant*	NA	resistant	NA	NA	resistant*	NA	NA	NA	NA	NA	NA	NA	resistant	NA	NA	NA	NA	NA	NA	NA	resistant	susceptible*	NA	NA	resistant
562.20499	NA	NA	NA	NA	resistant	NA	NA	NA	resistant	NA	resistant*	NA	NA	resistant*	NA	resistant	NA	NA	resistant*	NA	resistant	NA	NA	NA	susceptible*	NA	resistant	NA	NA	NA	NA	NA	NA	NA	resistant	NA	NA	NA	susceptible
562.21897	NA	NA	NA	NA	NA	NA	NA	NA	NA	NA	resistant*	NA	NA	resistant*	NA	resistant*	NA	NA	susceptible*	NA	NA	NA	NA	NA	susceptible*	NA	NA	NA	NA	NA	NA	NA	NA	NA	NA	NA	NA	NA	NA
562.21898	NA	NA	NA	NA	NA	NA	NA	NA	NA	NA	resistant*	NA	NA	resistant*	NA	resistant*	NA	NA	susceptible*	NA	NA	NA	NA	NA	susceptible*	NA	NA	NA	NA	NA	NA	NA	NA	NA	NA	NA	NA	NA	NA
562.21899	NA	NA	NA	NA	NA	NA	NA	NA	NA	NA	resistant*	NA	NA	resistant*	NA	resistant*	NA	NA	susceptible*	NA	NA	NA	NA	NA	susceptible*	NA	NA	NA	NA	NA	NA	NA	NA	NA	NA	NA	NA	NA	NA
562.22426	NA	NA	NA	NA	resistant	NA	NA	NA	resistant	NA	resistant*	NA	NA	resistant*	NA	resistant	NA	NA	resistant*	NA	resistant	NA	NA	NA	susceptible*	NA	resistant	NA	NA	NA	NA	NA	NA	NA	resistant	NA	NA	NA	susceptible
562.22428	susceptible	NA	susceptible	susceptible	NA	NA	susceptible	intermediate	NA	susceptible	susceptible	NA	susceptible	susceptible	NA	NA	resistant	NA	susceptible	NA	NA	NA	susceptible	NA	susceptible	NA	NA	susceptible	NA	NA	NA	susceptible	NA	NA	NA	susceptible	susceptible	susceptible	NA
562.22429	susceptible	NA	resistant	resistant	NA	NA	susceptible	intermediate	NA	susceptible	susceptible	NA	susceptible	susceptible	NA	NA	susceptible	NA	resistant	NA	NA	NA	susceptible	NA	susceptible	NA	NA	susceptible	NA	NA	NA	susceptible	NA	NA	NA	susceptible	susceptible	resistant	NA
562.2243	susceptible	NA	susceptible	susceptible	NA	NA	susceptible	susceptible	NA	susceptible	susceptible	NA	susceptible	susceptible	NA	NA	susceptible	NA	susceptible	NA	NA	NA	susceptible	NA	susceptible	NA	NA	susceptible	NA	NA	NA	susceptible	NA	NA	NA	susceptible	susceptible	susceptible	NA
562.22431	susceptible	NA	susceptible	resistant	NA	NA	susceptible	intermediate	NA	susceptible	susceptible	NA	intermediate	susceptible	NA	NA	susceptible	NA	resistant	NA	NA	NA	susceptible	NA	susceptible	NA	NA	susceptible	NA	NA	NA	susceptible	NA	NA	NA	susceptible	susceptible	resistant	NA
562.22433	susceptible	NA	susceptible	susceptible	NA	NA	susceptible	susceptible	NA	susceptible	susceptible	NA	susceptible	susceptible	NA	NA	susceptible	NA	susceptible	NA	NA	NA	susceptible	NA	susceptible	NA	NA	susceptible	NA	NA	NA	susceptible	NA	NA	NA	susceptible	susceptible	susceptible	NA
562.22798	susceptible	NA	susceptible	susceptible	NA	NA	susceptible	susceptible	NA	susceptible	susceptible	NA	susceptible	susceptible	NA	NA	susceptible	NA	susceptible	NA	NA	NA	susceptible	NA	susceptible	NA	NA	susceptible	NA	NA	NA	susceptible	NA	NA	NA	susceptible	susceptible	susceptible	NA
562.22799	susceptible	NA	susceptible	susceptible	NA	NA	susceptible	susceptible	NA	susceptible	susceptible	NA	susceptible	susceptible	NA	NA	susceptible	NA	susceptible	NA	NA	NA	susceptible	NA	susceptible	NA	NA	susceptible	NA	NA	NA	susceptible	NA	NA	NA	susceptible	susceptible	susceptible	NA
562.228	susceptible	NA	susceptible	resistant	NA	NA	susceptible	intermediate	NA	susceptible	susceptible	NA	susceptible	susceptible	NA	NA	resistant	NA	susceptible	NA	NA	NA	susceptible	NA	susceptible	NA	NA	susceptible	NA	NA	NA	susceptible	NA	NA	NA	susceptible	susceptible	susceptible	NA
562.22859	NA	susceptible	susceptible	NA	NA	NA	NA	NA	NA	NA	NA	NA	NA	susceptible	NA	NA	susceptible	NA	susceptible	NA	NA	NA	NA	NA	susceptible	susceptible	NA	NA	NA	NA	NA	susceptible	NA	NA	NA	NA	NA	NA	NA
562.22858	NA	resistant	susceptible	NA	NA	NA	NA	NA	NA	NA	NA	NA	NA	susceptible	NA	NA	susceptible	NA	susceptible	NA	NA	NA	NA	NA	susceptible	susceptible	NA	NA	NA	NA	NA	susceptible	NA	NA	NA	NA	NA	NA	NA
562.22857	NA	susceptible	susceptible	NA	NA	NA	NA	NA	NA	NA	NA	NA	NA	susceptible	NA	NA	resistant	NA	susceptible	NA	NA	NA	NA	NA	susceptible	susceptible	NA	NA	NA	NA	NA	susceptible	NA	NA	NA	NA	NA	NA	NA
562.22856	NA	resistant	susceptible	NA	NA	NA	NA	NA	NA	NA	NA	NA	NA	susceptible	NA	NA	susceptible	NA	susceptible	NA	NA	NA	NA	NA	susceptible	susceptible	NA	NA	NA	NA	NA	susceptible	NA	NA	NA	NA	NA	NA	NA
562.22855	NA	resistant	susceptible	NA	NA	NA	NA	NA	NA	NA	NA	NA	NA	susceptible	NA	NA	susceptible	NA	susceptible	NA	NA	NA	NA	NA	susceptible	susceptible	NA	NA	NA	NA	NA	susceptible	NA	NA	NA	NA	NA	NA	NA
562.22854	NA	susceptible	susceptible	NA	NA	NA	NA	NA	NA	NA	NA	NA	NA	susceptible	NA	NA	resistant	NA	resistant	NA	NA	NA	NA	NA	resistant	susceptible	NA	NA	NA	NA	NA	susceptible	NA	NA	NA	NA	NA	NA	NA
562.22853	NA	resistant	susceptible	NA	NA	NA	NA	NA	NA	NA	NA	NA	NA	susceptible	NA	NA	susceptible	NA	susceptible	NA	NA	NA	NA	NA	susceptible	susceptible	NA	NA	NA	NA	NA	susceptible	NA	NA	NA	NA	NA	NA	NA
562.22852	NA	susceptible	susceptible	NA	NA	NA	NA	NA	NA	NA	NA	NA	NA	susceptible	NA	NA	susceptible	NA	susceptible	NA	NA	NA	NA	NA	susceptible	susceptible	NA	NA	NA	NA	NA	susceptible	NA	NA	NA	NA	NA	NA	NA
562.22851	NA	susceptible	susceptible	NA	NA	NA	NA	NA	NA	NA	NA	NA	NA	susceptible	NA	NA	susceptible	NA	susceptible	NA	NA	NA	NA	NA	susceptible	susceptible	NA	NA	NA	NA	NA	susceptible	NA	NA	NA	NA	NA	NA	NA
562.2285	NA	susceptible	susceptible	NA	NA	NA	NA	NA	NA	NA	NA	NA	NA	susceptible	NA	NA	susceptible	NA	susceptible	NA	NA	NA	NA	NA	susceptible	susceptible	NA	NA	NA	NA	NA	susceptible	NA	NA	NA	NA	NA	NA	NA
562.22849	NA	susceptible	susceptible	NA	NA	NA	NA	NA	NA	NA	NA	NA	NA	susceptible	NA	NA	susceptible	NA	susceptible	NA	NA	NA	NA	NA	susceptible	susceptible	NA	NA	NA	NA	NA	susceptible	NA	NA	NA	NA	NA	NA	NA
562.22848	NA	susceptible	susceptible	NA	NA	NA	NA	NA	NA	NA	NA	NA	NA	susceptible	NA	NA	susceptible	NA	susceptible	NA	NA	NA	NA	NA	susceptible	susceptible	NA	NA	NA	NA	NA	susceptible	NA	NA	NA	NA	NA	NA	NA
562.22847	NA	resistant	resistant	NA	NA	NA	NA	NA	NA	NA	NA	NA	NA	susceptible	NA	NA	resistant	NA	resistant	NA	NA	NA	NA	NA	susceptible	susceptible	NA	NA	NA	NA	NA	intermediate	NA	NA	NA	NA	NA	NA	NA
562.22846	NA	susceptible	susceptible	NA	NA	NA	NA	NA	NA	NA	NA	NA	NA	susceptible	NA	NA	susceptible	NA	susceptible	NA	NA	NA	NA	NA	susceptible	susceptible	NA	NA	NA	NA	NA	susceptible	NA	NA	NA	NA	NA	NA	NA
562.22845	NA	susceptible	susceptible	NA	NA	NA	NA	NA	NA	NA	NA	NA	NA	susceptible	NA	NA	susceptible	NA	susceptible	NA	NA	NA	NA	NA	susceptible	susceptible	NA	NA	NA	NA	NA	susceptible	NA	NA	NA	NA	NA	NA	NA
562.22844	NA	susceptible	susceptible	NA	NA	NA	NA	NA	NA	NA	NA	NA	NA	susceptible	NA	NA	susceptible	NA	susceptible	NA	NA	NA	NA	NA	susceptible	susceptible	NA	NA	NA	NA	NA	susceptible	NA	NA	NA	NA	NA	NA	NA
562.22843	NA	resistant	susceptible	NA	NA	NA	NA	NA	NA	NA	NA	NA	NA	susceptible	NA	NA	susceptible	NA	resistant	NA	NA	NA	NA	NA	susceptible	susceptible	NA	NA	NA	NA	NA	susceptible	NA	NA	NA	NA	NA	NA	NA
562.2286	NA	resistant	resistant	NA	NA	NA	NA	NA	NA	NA	NA	NA	NA	susceptible	NA	NA	resistant	NA	resistant	NA	NA	NA	NA	NA	susceptible	susceptible	NA	NA	NA	NA	NA	intermediate	NA	NA	NA	NA	NA	NA	NA
562.22842	NA	susceptible	susceptible	NA	NA	NA	NA	NA	NA	NA	NA	NA	NA	susceptible	NA	NA	susceptible	NA	susceptible	NA	NA	NA	NA	NA	susceptible	susceptible	NA	NA	NA	NA	NA	susceptible	NA	NA	NA	NA	NA	NA	NA
562.22861	NA	resistant	susceptible	NA	NA	NA	NA	NA	NA	NA	NA	NA	NA	susceptible	NA	NA	susceptible	NA	susceptible	NA	NA	NA	NA	NA	susceptible	susceptible	NA	NA	NA	NA	NA	susceptible	NA	NA	NA	NA	NA	NA	NA
562.22863	NA	susceptible	susceptible	NA	NA	NA	NA	NA	NA	NA	NA	NA	NA	susceptible	NA	NA	susceptible	NA	susceptible	NA	NA	NA	NA	NA	susceptible	susceptible	NA	NA	NA	NA	NA	susceptible	NA	NA	NA	NA	NA	NA	NA
562.2288	susceptible	NA	susceptible	resistant	NA	NA	susceptible	intermediate	NA	susceptible	susceptible	NA	susceptible	susceptible	NA	NA	susceptible	NA	intermediate	NA	NA	NA	susceptible	NA	susceptible	NA	NA	susceptible	NA	NA	NA	susceptible	NA	NA	NA	susceptible	susceptible	resistant	NA
562.22879	susceptible	NA	susceptible	susceptible	NA	NA	susceptible	intermediate	NA	susceptible	susceptible	NA	susceptible	susceptible	NA	NA	susceptible	NA	resistant	NA	NA	NA	susceptible	NA	susceptible	NA	NA	susceptible	NA	NA	NA	susceptible	NA	NA	NA	susceptible	susceptible	resistant	NA
562.22878	susceptible	NA	susceptible	susceptible	NA	NA	susceptible	susceptible	NA	susceptible	susceptible	NA	susceptible	susceptible	NA	NA	susceptible	NA	susceptible	NA	NA	NA	susceptible	NA	susceptible	NA	NA	susceptible	NA	NA	NA	susceptible	NA	NA	NA	susceptible	susceptible	susceptible	NA
562.22877	susceptible	NA	susceptible	susceptible	NA	NA	susceptible	susceptible	NA	susceptible	susceptible	NA	susceptible	susceptible	NA	NA	susceptible	NA	susceptible	NA	NA	NA	susceptible	NA	susceptible	NA	NA	susceptible	NA	NA	NA	susceptible	NA	NA	NA	susceptible	susceptible	susceptible	NA
562.22876	susceptible	NA	susceptible	resistant	NA	NA	susceptible	intermediate	NA	susceptible	susceptible	NA	susceptible	susceptible	NA	NA	susceptible	NA	susceptible	NA	NA	NA	susceptible	NA	susceptible	NA	NA	susceptible	NA	NA	NA	susceptible	NA	NA	NA	susceptible	susceptible	susceptible	NA
562.22875	susceptible	NA	resistant	resistant	NA	NA	susceptible	intermediate	NA	susceptible	susceptible	NA	susceptible	susceptible	NA	NA	susceptible	NA	susceptible	NA	NA	NA	susceptible	NA	susceptible	NA	NA	susceptible	NA	NA	NA	susceptible	NA	NA	NA	susceptible	susceptible	resistant	NA
562.22874	susceptible	NA	susceptible	susceptible	NA	NA	susceptible	susceptible	NA	susceptible	susceptible	NA	susceptible	susceptible	NA	NA	susceptible	NA	susceptible	NA	NA	NA	susceptible	NA	susceptible	NA	NA	susceptible	NA	NA	NA	susceptible	NA	NA	NA	susceptible	susceptible	susceptible	NA
562.22873	susceptible	NA	susceptible	resistant	NA	NA	susceptible	susceptible	NA	susceptible	susceptible	NA	susceptible	susceptible	NA	NA	susceptible	NA	susceptible	NA	NA	NA	susceptible	NA	susceptible	NA	NA	susceptible	NA	NA	NA	susceptible	NA	NA	NA	susceptible	susceptible	resistant	NA
562.22872	susceptible	NA	susceptible	resistant	NA	NA	susceptible	susceptible	NA	susceptible	susceptible	NA	susceptible	susceptible	NA	NA	susceptible	NA	susceptible	NA	NA	NA	susceptible	NA	susceptible	NA	NA	susceptible	NA	NA	NA	susceptible	NA	NA	NA	susceptible	susceptible	susceptible	NA
562.22871	NA	resistant	susceptible	NA	NA	NA	NA	NA	NA	NA	NA	NA	NA	susceptible	NA	NA	susceptible	NA	susceptible	NA	NA	NA	NA	NA	susceptible	susceptible	NA	NA	NA	NA	NA	susceptible	NA	NA	NA	NA	NA	NA	NA
562.2287	NA	resistant	resistant	NA	NA	NA	NA	NA	NA	NA	NA	NA	NA	susceptible	NA	NA	resistant	NA	susceptible	NA	NA	NA	NA	NA	susceptible	susceptible	NA	NA	NA	NA	NA	susceptible	NA	NA	NA	NA	NA	NA	NA
562.22869	NA	resistant	susceptible	NA	NA	NA	NA	NA	NA	NA	NA	NA	NA	susceptible	NA	NA	resistant	NA	susceptible	NA	NA	NA	NA	NA	susceptible	susceptible	NA	NA	NA	NA	NA	susceptible	NA	NA	NA	NA	NA	NA	NA
562.22868	NA	susceptible	susceptible	NA	NA	NA	NA	NA	NA	NA	NA	NA	NA	susceptible	NA	NA	susceptible	NA	resistant	NA	NA	NA	NA	NA	resistant	susceptible	NA	NA	NA	NA	NA	susceptible	NA	NA	NA	NA	NA	NA	NA
562.22867	NA	resistant	resistant	NA	NA	NA	NA	NA	NA	NA	NA	NA	NA	susceptible	NA	NA	susceptible	NA	resistant	NA	NA	NA	NA	NA	resistant	susceptible	NA	NA	NA	NA	NA	susceptible	NA	NA	NA	NA	NA	NA	NA
562.22866	NA	resistant	susceptible	NA	NA	NA	NA	NA	NA	NA	NA	NA	NA	susceptible	NA	NA	susceptible	NA	susceptible	NA	NA	NA	NA	NA	susceptible	susceptible	NA	NA	NA	NA	NA	susceptible	NA	NA	NA	NA	NA	NA	NA
562.22865	NA	resistant	resistant	NA	NA	NA	NA	NA	NA	NA	NA	NA	NA	susceptible	NA	NA	susceptible	NA	resistant	NA	NA	NA	NA	NA	resistant	susceptible	NA	NA	NA	NA	NA	susceptible	NA	NA	NA	NA	NA	NA	NA
562.22864	NA	resistant	resistant	NA	NA	NA	NA	NA	NA	NA	NA	NA	NA	susceptible	NA	NA	susceptible	NA	susceptible	NA	NA	NA	NA	NA	susceptible	susceptible	NA	NA	NA	NA	NA	susceptible	NA	NA	NA	NA	NA	NA	NA
562.22862	NA	resistant	susceptible	NA	NA	NA	NA	NA	NA	NA	NA	NA	NA	susceptible	NA	NA	susceptible	NA	susceptible	NA	NA	NA	NA	NA	susceptible	susceptible	NA	NA	NA	NA	NA	susceptible	NA	NA	NA	NA	NA	NA	NA
562.22882	NA	resistant	susceptible	NA	NA	NA	NA	NA	NA	NA	NA	NA	NA	susceptible	NA	NA	resistant	NA	susceptible	NA	NA	NA	NA	NA	susceptible	susceptible	NA	NA	NA	NA	NA	susceptible	NA	NA	NA	NA	NA	NA	NA
562.22841	NA	resistant	susceptible	NA	NA	NA	NA	NA	NA	NA	NA	NA	NA	susceptible	NA	NA	susceptible	NA	susceptible	NA	NA	NA	NA	NA	susceptible	susceptible	NA	NA	NA	NA	NA	susceptible	NA	NA	NA	NA	NA	NA	NA
562.22839	NA	susceptible	susceptible	NA	NA	NA	NA	NA	NA	NA	NA	NA	NA	susceptible	NA	NA	susceptible	NA	susceptible	NA	NA	NA	NA	NA	susceptible	susceptible	NA	NA	NA	NA	NA	susceptible	NA	NA	NA	NA	NA	NA	NA
562.22817	susceptible	NA	susceptible	susceptible	NA	NA	susceptible	susceptible	NA	susceptible	susceptible	NA	susceptible	susceptible	NA	NA	susceptible	NA	susceptible	NA	NA	NA	susceptible	NA	susceptible	NA	NA	susceptible	NA	NA	NA	susceptible	NA	NA	NA	susceptible	susceptible	susceptible	NA
562.22816	susceptible	NA	resistant	resistant	NA	NA	susceptible	susceptible	NA	susceptible	susceptible	NA	susceptible	susceptible	NA	NA	susceptible	NA	susceptible	NA	NA	NA	susceptible	NA	susceptible	NA	NA	susceptible	NA	NA	NA	susceptible	NA	NA	NA	susceptible	susceptible	susceptible	NA
562.22815	susceptible	NA	susceptible	resistant	NA	NA	susceptible	intermediate	NA	susceptible	susceptible	NA	susceptible	susceptible	NA	NA	susceptible	NA	susceptible	NA	NA	NA	susceptible	NA	susceptible	NA	NA	susceptible	NA	NA	NA	susceptible	NA	NA	NA	susceptible	susceptible	resistant	NA
562.22814	susceptible	NA	susceptible	susceptible	NA	NA	susceptible	intermediate	NA	susceptible	susceptible	NA	susceptible	susceptible	NA	NA	susceptible	NA	susceptible	NA	NA	NA	susceptible	NA	susceptible	NA	NA	susceptible	NA	NA	NA	susceptible	NA	NA	NA	susceptible	susceptible	resistant	NA
562.22813	resistant	NA	resistant	resistant	NA	NA	intermediate	resistant	NA	susceptible	resistant	NA	susceptible	intermediate	NA	NA	resistant	NA	resistant	NA	NA	NA	susceptible	NA	susceptible	NA	NA	susceptible	NA	NA	NA	susceptible	NA	NA	NA	susceptible	resistant	resistant	NA
562.22812	susceptible	NA	resistant	resistant	NA	NA	susceptible	susceptible	NA	susceptible	susceptible	NA	susceptible	susceptible	NA	NA	susceptible	NA	susceptible	NA	NA	NA	susceptible	NA	susceptible	NA	NA	susceptible	NA	NA	NA	susceptible	NA	NA	NA	susceptible	susceptible	susceptible	NA
562.22811	susceptible	NA	susceptible	resistant	NA	NA	intermediate	resistant	NA	susceptible	resistant	NA	susceptible	intermediate	NA	NA	resistant	NA	resistant	NA	NA	NA	susceptible	NA	susceptible	NA	NA	susceptible	NA	NA	NA	susceptible	NA	NA	NA	susceptible	susceptible	resistant	NA
562.2281	susceptible	NA	susceptible	susceptible	NA	NA	susceptible	intermediate	NA	susceptible	susceptible	NA	susceptible	susceptible	NA	NA	susceptible	NA	susceptible	NA	NA	NA	susceptible	NA	susceptible	NA	NA	susceptible	NA	NA	NA	susceptible	NA	NA	NA	susceptible	susceptible	susceptible	NA
562.22809	susceptible	NA	susceptible	susceptible	NA	NA	susceptible	susceptible	NA	susceptible	susceptible	NA	susceptible	susceptible	NA	NA	susceptible	NA	susceptible	NA	NA	NA	susceptible	NA	susceptible	NA	NA	susceptible	NA	NA	NA	susceptible	NA	NA	NA	susceptible	susceptible	susceptible	NA
562.22808	susceptible	NA	susceptible	susceptible	NA	NA	susceptible	susceptible	NA	susceptible	susceptible	NA	susceptible	susceptible	NA	NA	susceptible	NA	susceptible	NA	NA	NA	susceptible	NA	susceptible	NA	NA	susceptible	NA	NA	NA	susceptible	NA	NA	NA	susceptible	susceptible	susceptible	NA
562.22807	susceptible	NA	susceptible	resistant	NA	NA	susceptible	intermediate	NA	susceptible	susceptible	NA	susceptible	susceptible	NA	NA	susceptible	NA	susceptible	NA	NA	NA	susceptible	NA	susceptible	NA	NA	susceptible	NA	NA	NA	susceptible	NA	NA	NA	susceptible	susceptible	susceptible	NA
562.22806	susceptible	NA	resistant	resistant	NA	NA	susceptible	intermediate	NA	susceptible	susceptible	NA	susceptible	susceptible	NA	NA	susceptible	NA	resistant	NA	NA	NA	susceptible	NA	susceptible	NA	NA	susceptible	NA	NA	NA	resistant	NA	NA	NA	susceptible	resistant	resistant	NA
562.22805	susceptible	NA	resistant	resistant	NA	NA	susceptible	intermediate	NA	susceptible	susceptible	NA	susceptible	susceptible	NA	NA	susceptible	NA	susceptible	NA	NA	NA	susceptible	NA	susceptible	NA	NA	susceptible	NA	NA	NA	susceptible	NA	NA	NA	susceptible	susceptible	susceptible	NA
562.22804	susceptible	NA	susceptible	susceptible	NA	NA	susceptible	susceptible	NA	susceptible	susceptible	NA	susceptible	susceptible	NA	NA	susceptible	NA	susceptible	NA	NA	NA	susceptible	NA	susceptible	NA	NA	susceptible	NA	NA	NA	susceptible	NA	NA	NA	susceptible	susceptible	susceptible	NA
562.22803	susceptible	NA	susceptible	susceptible	NA	NA	susceptible	susceptible	NA	susceptible	susceptible	NA	susceptible	susceptible	NA	NA	susceptible	NA	susceptible	NA	NA	NA	susceptible	NA	susceptible	NA	NA	susceptible	NA	NA	NA	susceptible	NA	NA	NA	susceptible	susceptible	susceptible	NA
562.22802	susceptible	NA	resistant	resistant	NA	NA	susceptible	resistant	NA	susceptible	susceptible	NA	susceptible	susceptible	NA	NA	susceptible	NA	susceptible	NA	NA	NA	susceptible	NA	susceptible	NA	NA	susceptible	NA	NA	NA	susceptible	NA	NA	NA	susceptible	susceptible	resistant	NA
562.22801	susceptible	NA	susceptible	susceptible	NA	NA	susceptible	susceptible	NA	susceptible	susceptible	NA	susceptible	susceptible	NA	NA	susceptible	NA	susceptible	NA	NA	NA	susceptible	NA	susceptible	NA	NA	susceptible	NA	NA	NA	susceptible	NA	NA	NA	susceptible	susceptible	susceptible	NA
562.22818	susceptible	NA	susceptible	resistant	NA	NA	susceptible	susceptible	NA	susceptible	susceptible	NA	susceptible	susceptible	NA	NA	susceptible	NA	susceptible	NA	NA	NA	susceptible	NA	susceptible	NA	NA	susceptible	NA	NA	NA	susceptible	NA	NA	NA	susceptible	susceptible	susceptible	NA
562.2284	NA	resistant	resistant	NA	NA	NA	NA	NA	NA	NA	NA	NA	NA	susceptible	NA	NA	susceptible	NA	susceptible	NA	NA	NA	NA	NA	susceptible	susceptible	NA	NA	NA	NA	NA	intermediate	NA	NA	NA	NA	NA	NA	NA
562.22819	susceptible	NA	susceptible	resistant	NA	NA	susceptible	intermediate	NA	susceptible	susceptible	NA	susceptible	susceptible	NA	NA	susceptible	NA	susceptible	NA	NA	NA	susceptible	NA	susceptible	NA	NA	susceptible	NA	NA	NA	susceptible	NA	NA	NA	susceptible	susceptible	susceptible	NA
562.22821	intermediate	NA	resistant	resistant	NA	NA	resistant	resistant	NA	resistant	resistant	NA	susceptible	resistant	NA	NA	resistant	NA	resistant	NA	NA	NA	susceptible	NA	resistant	NA	NA	susceptible	NA	NA	NA	susceptible	NA	NA	NA	susceptible	resistant	resistant	NA
562.22838	NA	susceptible	susceptible	NA	NA	NA	NA	NA	NA	NA	NA	NA	NA	susceptible	NA	NA	susceptible	NA	susceptible	NA	NA	NA	NA	NA	susceptible	susceptible	NA	NA	NA	NA	NA	susceptible	NA	NA	NA	NA	NA	NA	NA
562.22837	NA	susceptible	susceptible	NA	NA	NA	NA	NA	NA	NA	NA	NA	NA	susceptible	NA	NA	susceptible	NA	susceptible	NA	NA	NA	NA	NA	susceptible	susceptible	NA	NA	NA	NA	NA	susceptible	NA	NA	NA	NA	NA	NA	NA
562.22836	NA	resistant	susceptible	NA	NA	NA	NA	NA	NA	NA	NA	NA	NA	susceptible	NA	NA	susceptible	NA	susceptible	NA	NA	NA	NA	NA	susceptible	susceptible	NA	NA	NA	NA	NA	susceptible	NA	NA	NA	NA	NA	NA	NA
562.22835	NA	resistant	susceptible	NA	NA	NA	NA	NA	NA	NA	NA	NA	NA	susceptible	NA	NA	susceptible	NA	susceptible	NA	NA	NA	NA	NA	susceptible	susceptible	NA	NA	NA	NA	NA	susceptible	NA	NA	NA	NA	NA	NA	NA
562.22834	NA	susceptible	susceptible	NA	NA	NA	NA	NA	NA	NA	NA	NA	NA	susceptible	NA	NA	susceptible	NA	susceptible	NA	NA	NA	NA	NA	susceptible	susceptible	NA	NA	NA	NA	NA	susceptible	NA	NA	NA	NA	NA	NA	NA
562.22833	NA	susceptible	susceptible	NA	NA	NA	NA	NA	NA	NA	NA	NA	NA	susceptible	NA	NA	susceptible	NA	susceptible	NA	NA	NA	NA	NA	susceptible	susceptible	NA	NA	NA	NA	NA	susceptible	NA	NA	NA	NA	NA	NA	NA
562.22832	NA	resistant	resistant	NA	NA	NA	NA	NA	NA	NA	NA	NA	NA	susceptible	NA	NA	susceptible	NA	susceptible	NA	NA	NA	NA	NA	susceptible	susceptible	NA	NA	NA	NA	NA	susceptible	NA	NA	NA	NA	NA	NA	NA
562.22831	NA	resistant	susceptible	NA	NA	NA	NA	NA	NA	NA	NA	NA	NA	susceptible	NA	NA	susceptible	NA	susceptible	NA	NA	NA	NA	NA	susceptible	susceptible	NA	NA	NA	NA	NA	susceptible	NA	NA	NA	NA	NA	NA	NA
562.2283	NA	resistant	resistant	NA	NA	NA	NA	NA	NA	NA	NA	NA	NA	susceptible	NA	NA	susceptible	NA	susceptible	NA	NA	NA	NA	NA	susceptible	susceptible	NA	NA	NA	NA	NA	susceptible	NA	NA	NA	NA	NA	NA	NA
562.22829	NA	susceptible	susceptible	NA	NA	NA	NA	NA	NA	NA	NA	NA	NA	susceptible	NA	NA	susceptible	NA	susceptible	NA	NA	NA	NA	NA	susceptible	susceptible	NA	NA	NA	NA	NA	susceptible	NA	NA	NA	NA	NA	NA	NA
562.22828	NA	susceptible	susceptible	NA	NA	NA	NA	NA	NA	NA	NA	NA	NA	susceptible	NA	NA	susceptible	NA	susceptible	NA	NA	NA	NA	NA	susceptible	susceptible	NA	NA	NA	NA	NA	susceptible	NA	NA	NA	NA	NA	NA	NA
562.22827	susceptible	NA	susceptible	susceptible	NA	NA	susceptible	susceptible	NA	susceptible	susceptible	NA	susceptible	susceptible	NA	NA	susceptible	NA	susceptible	NA	NA	NA	susceptible	NA	susceptible	NA	NA	susceptible	NA	NA	NA	susceptible	NA	NA	NA	susceptible	susceptible	susceptible	NA
562.22826	susceptible	NA	susceptible	resistant	NA	NA	susceptible	intermediate	NA	susceptible	susceptible	NA	susceptible	susceptible	NA	NA	susceptible	NA	susceptible	NA	NA	NA	susceptible	NA	susceptible	NA	NA	susceptible	NA	NA	NA	susceptible	NA	NA	NA	susceptible	susceptible	susceptible	NA
562.22825	susceptible	NA	susceptible	resistant	NA	NA	susceptible	susceptible	NA	susceptible	susceptible	NA	susceptible	susceptible	NA	NA	susceptible	NA	susceptible	NA	NA	NA	susceptible	NA	susceptible	NA	NA	susceptible	NA	NA	NA	susceptible	NA	NA	NA	susceptible	susceptible	susceptible	NA
562.22824	susceptible	NA	susceptible	susceptible	NA	NA	susceptible	intermediate	NA	susceptible	susceptible	NA	susceptible	susceptible	NA	NA	susceptible	NA	susceptible	NA	NA	NA	susceptible	NA	susceptible	NA	NA	susceptible	NA	NA	NA	susceptible	NA	NA	NA	susceptible	susceptible	susceptible	NA
562.22823	susceptible	NA	susceptible	susceptible	NA	NA	susceptible	intermediate	NA	susceptible	susceptible	NA	susceptible	susceptible	NA	NA	susceptible	NA	susceptible	NA	NA	NA	susceptible	NA	susceptible	NA	NA	susceptible	NA	NA	NA	susceptible	NA	NA	NA	susceptible	susceptible	susceptible	NA
562.22822	susceptible	NA	susceptible	resistant	NA	NA	resistant	resistant	NA	intermediate	resistant	NA	susceptible	resistant	NA	NA	resistant	NA	resistant	NA	NA	NA	susceptible	NA	susceptible	NA	NA	susceptible	NA	NA	NA	susceptible	NA	NA	NA	susceptible	susceptible	resistant	NA
562.2282	susceptible	NA	resistant	resistant	NA	NA	susceptible	intermediate	NA	susceptible	susceptible	NA	susceptible	susceptible	NA	NA	susceptible	NA	susceptible	NA	NA	NA	susceptible	NA	susceptible	NA	NA	susceptible	NA	NA	NA	resistant	NA	NA	NA	susceptible	susceptible	resistant	NA
562.23716	NA	resistant	susceptible	NA	NA	NA	NA	NA	NA	NA	susceptible	NA	NA	susceptible	NA	NA	susceptible	NA	susceptible	NA	NA	NA	NA	NA	susceptible	susceptible	NA	NA	NA	NA	NA	susceptible	NA	NA	NA	susceptible	NA	NA	NA
562.23709	NA	resistant	susceptible	NA	NA	NA	NA	NA	NA	NA	susceptible	NA	NA	susceptible	NA	NA	susceptible	NA	susceptible	NA	NA	NA	NA	NA	susceptible	susceptible	NA	NA	NA	NA	NA	susceptible	NA	NA	NA	susceptible	NA	NA	NA
562.23718	NA	susceptible	susceptible	NA	NA	NA	NA	NA	NA	NA	susceptible	NA	NA	susceptible	NA	NA	susceptible	NA	susceptible	NA	NA	NA	NA	NA	susceptible	susceptible	NA	NA	NA	NA	NA	susceptible	NA	NA	NA	susceptible	NA	NA	NA
562.57121	NA	NA	NA	resistant	NA	NA	NA	susceptible	NA	NA	susceptible	NA	NA	susceptible	NA	NA	susceptible	NA	susceptible	NA	NA	NA	NA	NA	susceptible	NA	NA	NA	NA	NA	NA	NA	NA	NA	NA	NA	susceptible	susceptible	NA
562.5712	NA	NA	NA	resistant	NA	NA	NA	resistant	NA	NA	resistant	NA	NA	resistant	NA	NA	resistant	NA	resistant	NA	NA	NA	NA	NA	resistant	NA	NA	NA	NA	NA	NA	NA	NA	NA	NA	NA	resistant	resistant	NA
562.57119	NA	NA	NA	resistant	NA	NA	NA	resistant	NA	NA	resistant	NA	NA	resistant	NA	NA	resistant	NA	resistant	NA	NA	NA	NA	NA	susceptible	NA	NA	NA	NA	NA	NA	NA	NA	NA	NA	NA	resistant	resistant	NA
562.57118	NA	NA	NA	resistant	NA	NA	NA	resistant	NA	NA	resistant	NA	NA	susceptible	NA	NA	susceptible	NA	susceptible	NA	NA	NA	NA	NA	resistant	NA	NA	NA	NA	NA	NA	NA	NA	NA	NA	NA	resistant	susceptible	NA
562.57117	NA	NA	NA	resistant	NA	NA	NA	susceptible	NA	NA	susceptible	NA	NA	susceptible	NA	NA	susceptible	NA	susceptible	NA	NA	NA	NA	NA	susceptible	NA	NA	NA	NA	NA	NA	NA	NA	NA	NA	NA	susceptible	susceptible	NA
562.57115	NA	NA	NA	susceptible	NA	NA	NA	susceptible	NA	NA	susceptible	NA	NA	susceptible	NA	NA	susceptible	NA	susceptible	NA	NA	NA	NA	NA	susceptible	NA	NA	NA	NA	NA	NA	NA	NA	NA	NA	NA	susceptible	susceptible	NA
562.57114	NA	NA	NA	resistant	NA	NA	NA	susceptible	NA	NA	susceptible	NA	NA	susceptible	NA	NA	susceptible	NA	resistant	NA	NA	NA	NA	NA	susceptible	NA	NA	NA	NA	NA	NA	NA	NA	NA	NA	NA	susceptible	susceptible	NA
562.57111	NA	NA	NA	resistant	NA	NA	NA	susceptible	NA	NA	susceptible	NA	NA	susceptible	NA	NA	susceptible	NA	susceptible	NA	NA	NA	NA	NA	susceptible	NA	NA	NA	NA	NA	NA	NA	NA	NA	NA	NA	susceptible	susceptible	NA
562.5711	NA	NA	NA	resistant	NA	NA	NA	susceptible	NA	NA	susceptible	NA	NA	susceptible	NA	NA	susceptible	NA	susceptible	NA	NA	NA	NA	NA	susceptible	NA	NA	NA	NA	NA	NA	NA	NA	NA	NA	NA	susceptible	susceptible	NA
562.57109	NA	NA	NA	resistant	NA	NA	NA	susceptible	NA	NA	susceptible	NA	NA	susceptible	NA	NA	susceptible	NA	susceptible	NA	NA	NA	NA	NA	resistant	NA	NA	NA	NA	NA	NA	NA	NA	NA	NA	NA	resistant	resistant	NA
562.57108	NA	NA	NA	resistant	NA	NA	NA	susceptible	NA	NA	susceptible	NA	NA	susceptible	NA	NA	susceptible	NA	susceptible	NA	NA	NA	NA	NA	susceptible	NA	NA	NA	NA	NA	NA	NA	NA	NA	NA	NA	susceptible	resistant	NA
562.57107	NA	NA	NA	resistant	NA	NA	NA	susceptible	NA	NA	susceptible	NA	NA	susceptible	NA	NA	resistant	NA	susceptible	NA	NA	NA	NA	NA	susceptible	NA	NA	NA	NA	NA	NA	NA	NA	NA	NA	NA	susceptible	susceptible	NA
562.57106	NA	NA	NA	resistant	NA	NA	NA	susceptible	NA	NA	susceptible	NA	NA	susceptible	NA	NA	susceptible	NA	susceptible	NA	NA	NA	NA	NA	susceptible	NA	NA	NA	NA	NA	NA	NA	NA	NA	NA	NA	susceptible	resistant	NA
562.57105	NA	NA	NA	resistant	NA	NA	NA	susceptible	NA	NA	susceptible	NA	NA	susceptible	NA	NA	susceptible	NA	susceptible	NA	NA	NA	NA	NA	susceptible	NA	NA	NA	NA	NA	NA	NA	NA	NA	NA	NA	susceptible	resistant	NA
562.57104	NA	NA	NA	resistant	NA	NA	NA	susceptible	NA	NA	resistant	NA	NA	susceptible	NA	NA	resistant	NA	susceptible	NA	NA	NA	NA	NA	susceptible	NA	NA	NA	NA	NA	NA	NA	NA	NA	NA	NA	susceptible	resistant	NA
562.57122	NA	NA	NA	resistant	NA	NA	NA	susceptible	NA	NA	susceptible	NA	NA	susceptible	NA	NA	susceptible	NA	susceptible	NA	NA	NA	NA	NA	susceptible	NA	NA	NA	NA	NA	NA	NA	NA	NA	NA	NA	susceptible	resistant	NA
562.57123	NA	NA	NA	susceptible	NA	NA	NA	susceptible	NA	NA	susceptible	NA	NA	susceptible	NA	NA	susceptible	NA	susceptible	NA	NA	NA	NA	NA	susceptible	NA	NA	NA	NA	NA	NA	NA	NA	NA	NA	NA	susceptible	susceptible	NA
562.57125	NA	NA	NA	resistant	NA	NA	NA	susceptible	NA	NA	susceptible	NA	NA	susceptible	NA	NA	susceptible	NA	susceptible	NA	NA	NA	NA	NA	susceptible	NA	NA	NA	NA	NA	NA	NA	NA	NA	NA	NA	susceptible	susceptible	NA
562.57126	NA	NA	NA	resistant	NA	NA	NA	susceptible	NA	NA	susceptible	NA	NA	susceptible	NA	NA	susceptible	NA	susceptible	NA	NA	NA	NA	NA	susceptible	NA	NA	NA	NA	NA	NA	NA	NA	NA	NA	NA	susceptible	susceptible	NA
562.57143	NA	NA	NA	susceptible	NA	NA	NA	susceptible	NA	NA	susceptible	NA	NA	susceptible	NA	NA	susceptible	NA	susceptible	NA	NA	NA	NA	NA	susceptible	NA	NA	NA	NA	NA	NA	NA	NA	NA	NA	NA	susceptible	susceptible	NA
562.57141	NA	NA	NA	susceptible	NA	NA	NA	susceptible	NA	NA	susceptible	NA	NA	susceptible	NA	NA	susceptible	NA	susceptible	NA	NA	NA	NA	NA	susceptible	NA	NA	NA	NA	NA	NA	NA	NA	NA	NA	NA	susceptible	susceptible	NA
562.5714	NA	NA	NA	resistant	NA	NA	NA	susceptible	NA	NA	susceptible	NA	NA	susceptible	NA	NA	susceptible	NA	susceptible	NA	NA	NA	NA	NA	susceptible	NA	NA	NA	NA	NA	NA	NA	NA	NA	NA	NA	susceptible	susceptible	NA
562.57139	NA	NA	NA	resistant	NA	NA	NA	susceptible	NA	NA	susceptible	NA	NA	susceptible	NA	NA	susceptible	NA	susceptible	NA	NA	NA	NA	NA	susceptible	NA	NA	NA	NA	NA	NA	NA	NA	NA	NA	NA	susceptible	susceptible	NA
562.57138	NA	NA	NA	resistant	NA	NA	NA	susceptible	NA	NA	susceptible	NA	NA	susceptible	NA	NA	susceptible	NA	susceptible	NA	NA	NA	NA	NA	susceptible	NA	NA	NA	NA	NA	NA	NA	NA	NA	NA	NA	susceptible	susceptible	NA
562.57137	NA	NA	NA	resistant	NA	NA	NA	resistant	NA	NA	susceptible	NA	NA	resistant	NA	NA	resistant	NA	susceptible	NA	NA	NA	NA	NA	susceptible	NA	NA	NA	NA	NA	NA	NA	NA	NA	NA	NA	susceptible	resistant	NA
562.57136	NA	NA	NA	susceptible	NA	NA	NA	susceptible	NA	NA	susceptible	NA	NA	susceptible	NA	NA	susceptible	NA	susceptible	NA	NA	NA	NA	NA	susceptible	NA	NA	NA	NA	NA	NA	NA	NA	NA	NA	NA	susceptible	susceptible	NA
562.57103	NA	NA	NA	resistant	NA	NA	NA	susceptible	NA	NA	susceptible	NA	NA	susceptible	NA	NA	susceptible	NA	susceptible	NA	NA	NA	NA	NA	susceptible	NA	NA	NA	NA	NA	NA	NA	NA	NA	NA	NA	susceptible	resistant	NA
562.57135	NA	NA	NA	susceptible	NA	NA	NA	susceptible	NA	NA	susceptible	NA	NA	susceptible	NA	NA	susceptible	NA	susceptible	NA	NA	NA	NA	NA	susceptible	NA	NA	NA	NA	NA	NA	NA	NA	NA	NA	NA	susceptible	susceptible	NA
562.57133	NA	NA	NA	resistant	NA	NA	NA	resistant	NA	NA	resistant	NA	NA	resistant	NA	NA	resistant	NA	resistant	NA	NA	NA	NA	NA	resistant	NA	NA	NA	NA	NA	NA	NA	NA	NA	NA	NA	resistant	resistant	NA
562.57132	NA	NA	NA	susceptible	NA	NA	NA	susceptible	NA	NA	susceptible	NA	NA	susceptible	NA	NA	susceptible	NA	susceptible	NA	NA	NA	NA	NA	susceptible	NA	NA	NA	NA	NA	NA	NA	NA	NA	NA	NA	susceptible	susceptible	NA
562.57131	NA	NA	NA	resistant	NA	NA	NA	resistant	NA	NA	resistant	NA	NA	resistant	NA	NA	resistant	NA	resistant	NA	NA	NA	NA	NA	resistant	NA	NA	NA	NA	NA	NA	NA	NA	NA	NA	NA	resistant	resistant	NA
562.5713	NA	NA	NA	resistant	NA	NA	NA	resistant	NA	NA	resistant	NA	NA	resistant	NA	NA	resistant	NA	susceptible	NA	NA	NA	NA	NA	resistant	NA	NA	NA	NA	NA	NA	NA	NA	NA	NA	NA	resistant	resistant	NA
562.57129	NA	NA	NA	resistant	NA	NA	NA	resistant	NA	NA	resistant	NA	NA	resistant	NA	NA	resistant	NA	susceptible	NA	NA	NA	NA	NA	susceptible	NA	NA	NA	NA	NA	NA	NA	NA	NA	NA	NA	resistant	susceptible	NA
562.57128	NA	NA	NA	resistant	NA	NA	NA	susceptible	NA	NA	susceptible	NA	NA	susceptible	NA	NA	susceptible	NA	susceptible	NA	NA	NA	NA	NA	resistant	NA	NA	NA	NA	NA	NA	NA	NA	NA	NA	NA	resistant	susceptible	NA
562.57127	NA	NA	NA	resistant	NA	NA	NA	susceptible	NA	NA	susceptible	NA	NA	susceptible	NA	NA	susceptible	NA	susceptible	NA	NA	NA	NA	NA	susceptible	NA	NA	NA	NA	NA	NA	NA	NA	NA	NA	NA	susceptible	susceptible	NA
562.57134	NA	NA	NA	susceptible	NA	NA	NA	susceptible	NA	NA	susceptible	NA	NA	susceptible	NA	NA	susceptible	NA	susceptible	NA	NA	NA	NA	NA	resistant	NA	NA	NA	NA	NA	NA	NA	NA	NA	NA	NA	resistant	susceptible	NA
562.571	NA	NA	NA	resistant	NA	NA	NA	susceptible	NA	NA	susceptible	NA	NA	susceptible	NA	NA	susceptible	NA	susceptible	NA	NA	NA	NA	NA	susceptible	NA	NA	NA	NA	NA	NA	NA	NA	NA	NA	NA	susceptible	susceptible	NA
562.57099	NA	NA	NA	resistant	NA	NA	NA	susceptible	NA	NA	susceptible	NA	NA	susceptible	NA	NA	susceptible	NA	susceptible	NA	NA	NA	NA	NA	susceptible	NA	NA	NA	NA	NA	NA	NA	NA	NA	NA	NA	susceptible	susceptible	NA
562.57098	NA	NA	NA	susceptible	NA	NA	NA	susceptible	NA	NA	susceptible	NA	NA	susceptible	NA	NA	susceptible	NA	susceptible	NA	NA	NA	NA	NA	susceptible	NA	NA	NA	NA	NA	NA	NA	NA	NA	NA	NA	susceptible	susceptible	NA
562.57076	NA	NA	NA	resistant	NA	NA	NA	resistant	NA	NA	resistant	NA	NA	resistant	NA	NA	resistant	NA	resistant	NA	NA	NA	NA	NA	resistant	NA	NA	NA	NA	NA	NA	NA	NA	NA	NA	NA	resistant	resistant	NA
562.5705	NA	NA	NA	susceptible*	NA	NA	NA	NA	NA	NA	NA	NA	NA	NA	NA	susceptible*	NA	NA	NA	NA	NA	NA	NA	NA	susceptible*	NA	NA	NA	NA	NA	NA	NA	NA	NA	NA	NA	NA	NA	NA
562.5704	NA	NA	NA	NA	NA	NA	NA	NA	NA	NA	NA	NA	NA	NA	NA	susceptible*	NA	NA	susceptible*	NA	NA	NA	NA	NA	susceptible*	NA	NA	NA	NA	NA	NA	NA	NA	NA	NA	NA	NA	NA	NA
562.5703	NA	NA	NA	NA	NA	NA	NA	NA	NA	NA	NA	NA	NA	NA	NA	resistant*	NA	NA	resistant*	NA	NA	NA	NA	NA	susceptible*	NA	NA	NA	NA	NA	NA	NA	NA	NA	NA	NA	NA	NA	NA
562.5701	NA	NA	NA	NA	NA	NA	NA	NA	NA	NA	NA	NA	NA	NA	NA	susceptible*	NA	NA	susceptible*	NA	NA	NA	NA	NA	susceptible*	NA	NA	NA	NA	NA	NA	NA	NA	NA	NA	NA	NA	NA	NA
562.57	NA	NA	NA	NA	NA	NA	NA	NA	NA	NA	NA	NA	NA	NA	NA	susceptible*	NA	NA	resistant*	NA	NA	NA	NA	NA	susceptible*	NA	NA	NA	NA	NA	NA	NA	NA	NA	NA	NA	NA	NA	NA
562.5699	NA	NA	NA	susceptible*	NA	NA	NA	NA	NA	NA	NA	NA	NA	NA	NA	susceptible*	NA	NA	resistant*	NA	NA	NA	NA	NA	susceptible*	NA	NA	NA	NA	NA	NA	NA	NA	NA	NA	NA	NA	NA	NA
562.57077	NA	NA	NA	resistant	NA	NA	NA	resistant	NA	NA	resistant	NA	NA	resistant	NA	NA	resistant	NA	resistant	NA	NA	NA	NA	NA	susceptible	NA	NA	NA	NA	NA	NA	NA	NA	NA	NA	NA	resistant	resistant	NA
562.5698	NA	NA	NA	NA	NA	NA	NA	NA	NA	NA	NA	NA	NA	NA	NA	susceptible*	NA	NA	NA	NA	NA	NA	NA	NA	susceptible*	NA	NA	NA	NA	NA	NA	NA	NA	NA	NA	NA	NA	NA	NA
562.5696	NA	NA	NA	susceptible*	NA	NA	NA	NA	NA	NA	NA	NA	NA	NA	NA	susceptible*	NA	NA	NA	NA	NA	NA	NA	NA	susceptible*	NA	NA	NA	NA	NA	NA	NA	NA	NA	NA	NA	NA	NA	NA
562.5695	NA	NA	NA	susceptible*	NA	NA	NA	NA	NA	NA	NA	NA	NA	NA	NA	susceptible*	NA	NA	susceptible*	NA	NA	NA	NA	NA	susceptible*	NA	NA	NA	NA	NA	NA	NA	NA	NA	NA	NA	NA	NA	NA
562.5693	NA	NA	NA	NA	NA	NA	NA	NA	NA	NA	NA	NA	NA	NA	NA	susceptible*	NA	NA	susceptible*	NA	NA	NA	NA	NA	susceptible*	NA	NA	NA	NA	NA	NA	NA	NA	NA	NA	NA	NA	NA	NA
562.5692	NA	NA	NA	NA	NA	NA	NA	NA	NA	NA	NA	NA	NA	NA	NA	susceptible*	NA	NA	susceptible*	NA	NA	NA	NA	NA	NA	NA	NA	NA	NA	NA	NA	NA	NA	NA	NA	NA	NA	NA	NA
562.56919	NA	NA	NA	resistant	NA	NA	NA	NA	NA	NA	resistant	NA	resistant	resistant	NA	NA	NA	NA	NA	susceptible	NA	NA	NA	NA	NA	susceptible	NA	susceptible	NA	NA	NA	NA	NA	NA	NA	NA	NA	NA	NA
562.56914	NA	NA	NA	resistant	NA	NA	NA	NA	NA	NA	resistant	NA	resistant	resistant	NA	NA	NA	NA	NA	susceptible	NA	NA	NA	NA	NA	susceptible	NA	susceptible	NA	NA	NA	NA	NA	NA	NA	NA	NA	NA	NA
562.56912	NA	NA	NA	resistant	NA	NA	NA	NA	NA	NA	resistant	NA	resistant	resistant	NA	NA	NA	NA	NA	susceptible	NA	NA	NA	NA	NA	susceptible	NA	susceptible	NA	NA	NA	NA	NA	NA	NA	NA	NA	NA	NA
562.5697	NA	NA	NA	susceptible*	NA	NA	NA	NA	NA	NA	NA	NA	NA	NA	NA	susceptible*	NA	NA	susceptible*	NA	NA	NA	NA	NA	susceptible*	NA	NA	NA	NA	NA	NA	NA	NA	NA	NA	NA	NA	NA	NA
562.57144	NA	NA	NA	resistant	NA	NA	NA	susceptible	NA	NA	susceptible	NA	NA	susceptible	NA	NA	susceptible	NA	susceptible	NA	NA	NA	NA	NA	susceptible	NA	NA	NA	NA	NA	NA	NA	NA	NA	NA	NA	susceptible	susceptible	NA
562.57078	NA	NA	NA	resistant	NA	NA	NA	resistant	NA	NA	resistant	NA	NA	resistant	NA	NA	resistant	NA	resistant	NA	NA	NA	NA	NA	susceptible	NA	NA	NA	NA	NA	NA	NA	NA	NA	NA	NA	resistant	resistant	NA
562.5708	NA	NA	NA	NA	NA	NA	NA	NA	NA	NA	NA	NA	NA	NA	NA	resistant*	NA	NA	susceptible*	NA	NA	NA	NA	NA	susceptible*	NA	NA	NA	NA	NA	NA	NA	NA	NA	NA	NA	NA	NA	NA
562.57095	NA	NA	NA	resistant	NA	NA	NA	susceptible	NA	NA	susceptible	NA	NA	susceptible	NA	NA	resistant	NA	susceptible	NA	NA	NA	NA	NA	susceptible	NA	NA	NA	NA	NA	NA	NA	NA	NA	NA	NA	susceptible	susceptible	NA
562.57094	NA	NA	NA	resistant	NA	NA	NA	resistant	NA	NA	resistant	NA	NA	resistant	NA	NA	resistant	NA	susceptible	NA	NA	NA	NA	NA	susceptible	NA	NA	NA	NA	NA	NA	NA	NA	NA	NA	NA	susceptible	susceptible	NA
562.57093	NA	NA	NA	resistant	NA	NA	NA	susceptible	NA	NA	susceptible	NA	NA	susceptible	NA	NA	susceptible	NA	susceptible	NA	NA	NA	NA	NA	susceptible	NA	NA	NA	NA	NA	NA	NA	NA	NA	NA	NA	susceptible	susceptible	NA
562.57092	NA	NA	NA	resistant	NA	NA	NA	susceptible	NA	NA	susceptible	NA	NA	susceptible	NA	NA	susceptible	NA	susceptible	NA	NA	NA	NA	NA	susceptible	NA	NA	NA	NA	NA	NA	NA	NA	NA	NA	NA	susceptible	susceptible	NA
562.57091	NA	NA	NA	resistant	NA	NA	NA	resistant	NA	NA	resistant	NA	NA	resistant	NA	NA	resistant	NA	resistant	NA	NA	NA	NA	NA	susceptible	NA	NA	NA	NA	NA	NA	NA	NA	NA	NA	NA	resistant	resistant	NA
562.5709	NA	NA	NA	resistant	NA	NA	NA	resistant	NA	NA	resistant	NA	NA	resistant	NA	NA	resistant	NA	resistant	NA	NA	NA	NA	NA	resistant	NA	NA	NA	NA	NA	NA	NA	NA	NA	NA	NA	resistant	resistant	NA
562.57089	NA	NA	NA	resistant	NA	NA	NA	resistant	NA	NA	resistant	NA	NA	resistant	NA	NA	resistant	NA	susceptible	NA	NA	NA	NA	NA	susceptible	NA	NA	NA	NA	NA	NA	NA	NA	NA	NA	NA	susceptible	resistant	NA
562.57079	NA	NA	NA	resistant	NA	NA	NA	resistant	NA	NA	resistant	NA	NA	resistant	NA	NA	resistant	NA	susceptible	NA	NA	NA	NA	NA	susceptible	NA	NA	NA	NA	NA	NA	NA	NA	NA	NA	NA	resistant	susceptible	NA
562.57088	NA	NA	NA	resistant	NA	NA	NA	resistant	NA	NA	resistant	NA	NA	resistant	NA	NA	resistant	NA	resistant	NA	NA	NA	NA	NA	susceptible	NA	NA	NA	NA	NA	NA	NA	NA	NA	NA	NA	susceptible	resistant	NA
562.57086	NA	NA	NA	resistant	NA	NA	NA	resistant	NA	NA	resistant	NA	NA	resistant	NA	NA	resistant	NA	susceptible	NA	NA	NA	NA	NA	resistant	NA	NA	NA	NA	NA	NA	NA	NA	NA	NA	NA	resistant	resistant	NA
562.57085	NA	NA	NA	resistant	NA	NA	NA	resistant	NA	NA	resistant	NA	NA	resistant	NA	NA	resistant	NA	resistant	NA	NA	NA	NA	NA	susceptible	NA	NA	NA	NA	NA	NA	NA	NA	NA	NA	NA	resistant	susceptible	NA
562.57084	NA	NA	NA	resistant	NA	NA	NA	resistant	NA	NA	resistant	NA	NA	resistant	NA	NA	resistant	NA	susceptible	NA	NA	NA	NA	NA	resistant	NA	NA	NA	NA	NA	NA	NA	NA	NA	NA	NA	resistant	resistant	NA
562.57083	NA	NA	NA	resistant	NA	NA	NA	resistant	NA	NA	resistant	NA	NA	resistant	NA	NA	resistant	NA	resistant	NA	NA	NA	NA	NA	resistant	NA	NA	NA	NA	NA	NA	NA	NA	NA	NA	NA	resistant	resistant	NA
562.57082	NA	NA	NA	resistant	NA	NA	NA	resistant	NA	NA	susceptible	NA	NA	resistant	NA	NA	resistant	NA	susceptible	NA	NA	NA	NA	NA	resistant	NA	NA	NA	NA	NA	NA	NA	NA	NA	NA	NA	resistant	resistant	NA
562.57081	NA	NA	NA	resistant	NA	NA	NA	resistant	NA	NA	resistant	NA	NA	resistant	NA	NA	resistant	NA	susceptible	NA	NA	NA	NA	NA	resistant	NA	NA	NA	NA	NA	NA	NA	NA	NA	NA	NA	resistant	resistant	NA
562.5708	NA	NA	NA	resistant	NA	NA	NA	resistant	NA	NA	resistant	NA	NA	resistant	NA	NA	resistant	NA	susceptible	NA	NA	NA	NA	NA	resistant	NA	NA	NA	NA	NA	NA	NA	NA	NA	NA	NA	resistant	resistant	NA
562.57087	NA	NA	NA	resistant	NA	NA	NA	resistant	NA	NA	resistant	NA	NA	resistant	NA	NA	resistant	NA	resistant	NA	NA	NA	NA	NA	susceptible	NA	NA	NA	NA	NA	NA	NA	NA	NA	NA	NA	susceptible	resistant	NA
562.57146	NA	NA	NA	resistant	NA	NA	NA	susceptible	NA	NA	susceptible	NA	NA	susceptible	NA	NA	susceptible	NA	susceptible	NA	NA	NA	NA	NA	susceptible	NA	NA	NA	NA	NA	NA	NA	NA	NA	NA	NA	susceptible	susceptible	NA
562.57147	NA	NA	NA	susceptible	NA	NA	NA	susceptible	NA	NA	susceptible	NA	NA	susceptible	NA	NA	susceptible	NA	susceptible	NA	NA	NA	NA	NA	susceptible	NA	NA	NA	NA	NA	NA	NA	NA	NA	NA	NA	resistant	susceptible	NA
562.57148	NA	NA	NA	resistant	NA	NA	NA	susceptible	NA	NA	susceptible	NA	NA	susceptible	NA	NA	susceptible	NA	susceptible	NA	NA	NA	NA	NA	susceptible	NA	NA	NA	NA	NA	NA	NA	NA	NA	NA	NA	susceptible	susceptible	NA
562.57207	NA	NA	NA	resistant	NA	NA	NA	susceptible	NA	NA	susceptible	NA	NA	susceptible	NA	NA	susceptible	NA	susceptible	NA	NA	NA	NA	NA	susceptible	NA	NA	NA	NA	NA	NA	NA	NA	NA	NA	NA	susceptible	resistant	NA
562.57206	NA	NA	NA	resistant	NA	NA	NA	susceptible	NA	NA	susceptible	NA	NA	susceptible	NA	NA	susceptible	NA	susceptible	NA	NA	NA	NA	NA	susceptible	NA	NA	NA	NA	NA	NA	NA	NA	NA	NA	NA	resistant	resistant	NA
562.57205	NA	NA	NA	resistant	NA	NA	NA	resistant	NA	NA	susceptible	NA	NA	resistant	NA	NA	resistant	NA	susceptible	NA	NA	NA	NA	NA	resistant	NA	NA	NA	NA	NA	NA	NA	NA	NA	NA	NA	resistant	susceptible	NA
562.57203	NA	NA	NA	resistant	NA	NA	NA	susceptible	NA	NA	susceptible	NA	NA	susceptible	NA	NA	susceptible	NA	susceptible	NA	NA	NA	NA	NA	resistant	NA	NA	NA	NA	NA	NA	NA	NA	NA	NA	NA	resistant	resistant	NA
562.57202	NA	NA	NA	resistant	NA	NA	NA	susceptible	NA	NA	susceptible	NA	NA	susceptible	NA	NA	susceptible	NA	susceptible	NA	NA	NA	NA	NA	susceptible	NA	NA	NA	NA	NA	NA	NA	NA	NA	NA	NA	susceptible	susceptible	NA
562.57201	NA	NA	NA	resistant	NA	NA	NA	resistant	NA	NA	resistant	NA	NA	susceptible	NA	NA	resistant	NA	susceptible	NA	NA	NA	NA	NA	resistant	NA	NA	NA	NA	NA	NA	NA	NA	NA	NA	NA	resistant	resistant	NA
562.572	NA	NA	NA	resistant	NA	NA	NA	susceptible	NA	NA	susceptible	NA	NA	susceptible	NA	NA	susceptible	NA	susceptible	NA	NA	NA	NA	NA	susceptible	NA	NA	NA	NA	NA	NA	NA	NA	NA	NA	NA	susceptible	susceptible	NA
562.57208	NA	NA	NA	resistant	NA	NA	NA	resistant	NA	NA	resistant	NA	NA	resistant	NA	NA	resistant	NA	susceptible	NA	NA	NA	NA	NA	resistant	NA	NA	NA	NA	NA	NA	NA	NA	NA	NA	NA	resistant	resistant	NA
562.57199	NA	NA	NA	resistant	NA	NA	NA	resistant	NA	NA	resistant	NA	NA	resistant	NA	NA	resistant	NA	susceptible	NA	NA	NA	NA	NA	resistant	NA	NA	NA	NA	NA	NA	NA	NA	NA	NA	NA	resistant	resistant	NA
562.57197	NA	NA	NA	resistant	NA	NA	NA	resistant	NA	NA	resistant	NA	NA	resistant	NA	NA	resistant	NA	resistant	NA	NA	NA	NA	NA	resistant	NA	NA	NA	NA	NA	NA	NA	NA	NA	NA	NA	resistant	resistant	NA
562.57196	NA	NA	NA	resistant	NA	NA	NA	resistant	NA	NA	resistant	NA	NA	resistant	NA	NA	resistant	NA	susceptible	NA	NA	NA	NA	NA	resistant	NA	NA	NA	NA	NA	NA	NA	NA	NA	NA	NA	resistant	resistant	NA
562.57195	NA	NA	NA	resistant	NA	NA	NA	susceptible	NA	NA	susceptible	NA	NA	susceptible	NA	NA	susceptible	NA	susceptible	NA	NA	NA	NA	NA	resistant	NA	NA	NA	NA	NA	NA	NA	NA	NA	NA	NA	resistant	susceptible	NA
562.57194	NA	NA	NA	resistant	NA	NA	NA	susceptible	NA	NA	susceptible	NA	NA	susceptible	NA	NA	susceptible	NA	susceptible	NA	NA	NA	NA	NA	susceptible	NA	NA	NA	NA	NA	NA	NA	NA	NA	NA	NA	susceptible	susceptible	NA
562.57193	NA	NA	NA	susceptible	NA	NA	NA	susceptible	NA	NA	susceptible	NA	NA	susceptible	NA	NA	susceptible	NA	susceptible	NA	NA	NA	NA	NA	susceptible	NA	NA	NA	NA	NA	NA	NA	NA	NA	NA	NA	resistant	resistant	NA
562.57192	NA	NA	NA	resistant	NA	NA	NA	susceptible	NA	NA	resistant	NA	NA	susceptible	NA	NA	resistant	NA	susceptible	NA	NA	NA	NA	NA	resistant	NA	NA	NA	NA	NA	NA	NA	NA	NA	NA	NA	resistant	susceptible	NA
562.57191	NA	NA	NA	resistant	NA	NA	NA	susceptible	NA	NA	susceptible	NA	NA	susceptible	NA	NA	susceptible	NA	susceptible	NA	NA	NA	NA	NA	susceptible	NA	NA	NA	NA	NA	NA	NA	NA	NA	NA	NA	susceptible	susceptible	NA
562.57198	NA	NA	NA	resistant	NA	NA	NA	resistant	NA	NA	susceptible	NA	NA	resistant	NA	NA	susceptible	NA	susceptible	NA	NA	NA	NA	NA	susceptible	NA	NA	NA	NA	NA	NA	NA	NA	NA	NA	NA	susceptible	susceptible	NA
562.5719	NA	NA	NA	susceptible	NA	NA	NA	susceptible	NA	NA	susceptible	NA	NA	susceptible	NA	NA	susceptible	NA	susceptible	NA	NA	NA	NA	NA	susceptible	NA	NA	NA	NA	NA	NA	NA	NA	NA	NA	NA	susceptible	susceptible	NA
562.57209	NA	NA	NA	resistant	NA	NA	NA	susceptible	NA	NA	susceptible	NA	NA	susceptible	NA	NA	susceptible	NA	susceptible	NA	NA	NA	NA	NA	susceptible	NA	NA	NA	NA	NA	NA	NA	NA	NA	NA	NA	susceptible	susceptible	NA
562.57211	NA	NA	NA	susceptible	NA	NA	NA	susceptible	NA	NA	susceptible	NA	NA	susceptible	NA	NA	susceptible	NA	susceptible	NA	NA	NA	NA	NA	susceptible	NA	NA	NA	NA	NA	NA	NA	NA	NA	NA	NA	susceptible	susceptible	NA
562.57229	NA	NA	NA	resistant	NA	NA	NA	resistant	NA	NA	susceptible	NA	NA	susceptible	NA	NA	resistant	NA	resistant	NA	NA	NA	NA	NA	susceptible	NA	NA	NA	NA	NA	NA	NA	NA	NA	NA	NA	susceptible	susceptible	NA
562.57228	NA	NA	NA	resistant	NA	NA	NA	susceptible	NA	NA	susceptible	NA	NA	susceptible	NA	NA	susceptible	NA	susceptible	NA	NA	NA	NA	NA	susceptible	NA	NA	NA	NA	NA	NA	NA	NA	NA	NA	NA	susceptible	susceptible	NA
562.57227	NA	NA	NA	resistant	NA	NA	NA	susceptible	NA	NA	susceptible	NA	NA	susceptible	NA	NA	susceptible	NA	susceptible	NA	NA	NA	NA	NA	susceptible	NA	NA	NA	NA	NA	NA	NA	NA	NA	NA	NA	susceptible	susceptible	NA
562.57226	NA	NA	NA	susceptible	NA	NA	NA	susceptible	NA	NA	susceptible	NA	NA	susceptible	NA	NA	susceptible	NA	susceptible	NA	NA	NA	NA	NA	susceptible	NA	NA	NA	NA	NA	NA	NA	NA	NA	NA	NA	susceptible	susceptible	NA
562.57225	NA	NA	NA	resistant	NA	NA	NA	resistant	NA	NA	resistant	NA	NA	resistant	NA	NA	resistant	NA	resistant	NA	NA	NA	NA	NA	susceptible	NA	NA	NA	NA	NA	NA	NA	NA	NA	NA	NA	susceptible	resistant	NA
562.57222	NA	NA	NA	susceptible	NA	NA	NA	susceptible	NA	NA	susceptible	NA	NA	susceptible	NA	NA	susceptible	NA	susceptible	NA	NA	NA	NA	NA	susceptible	NA	NA	NA	NA	NA	NA	NA	NA	NA	NA	NA	susceptible	susceptible	NA
562.57221	NA	NA	NA	susceptible	NA	NA	NA	resistant	NA	NA	susceptible	NA	NA	resistant	NA	NA	resistant	NA	resistant	NA	NA	NA	NA	NA	susceptible	NA	NA	NA	NA	NA	NA	NA	NA	NA	NA	NA	susceptible	susceptible	NA
562.5721	NA	NA	NA	susceptible	NA	NA	NA	susceptible	NA	NA	susceptible	NA	NA	susceptible	NA	NA	susceptible	NA	susceptible	NA	NA	NA	NA	NA	susceptible	NA	NA	NA	NA	NA	NA	NA	NA	NA	NA	NA	susceptible	susceptible	NA
562.5722	NA	NA	NA	susceptible	NA	NA	NA	susceptible	NA	NA	susceptible	NA	NA	susceptible	NA	NA	resistant	NA	susceptible	NA	NA	NA	NA	NA	susceptible	NA	NA	NA	NA	NA	NA	NA	NA	NA	NA	NA	susceptible	susceptible	NA
562.57218	NA	NA	NA	resistant	NA	NA	NA	resistant	NA	NA	resistant	NA	NA	resistant	NA	NA	resistant	NA	resistant	NA	NA	NA	NA	NA	susceptible	NA	NA	NA	NA	NA	NA	NA	NA	NA	NA	NA	susceptible	resistant	NA
562.57217	NA	NA	NA	resistant	NA	NA	NA	susceptible	NA	NA	susceptible	NA	NA	susceptible	NA	NA	susceptible	NA	susceptible	NA	NA	NA	NA	NA	susceptible	NA	NA	NA	NA	NA	NA	NA	NA	NA	NA	NA	susceptible	susceptible	NA
562.57216	NA	NA	NA	resistant	NA	NA	NA	susceptible	NA	NA	susceptible	NA	NA	susceptible	NA	NA	susceptible	NA	susceptible	NA	NA	NA	NA	NA	susceptible	NA	NA	NA	NA	NA	NA	NA	NA	NA	NA	NA	susceptible	susceptible	NA
562.57215	NA	NA	NA	resistant	NA	NA	NA	susceptible	NA	NA	susceptible	NA	NA	susceptible	NA	NA	resistant	NA	susceptible	NA	NA	NA	NA	NA	susceptible	NA	NA	NA	NA	NA	NA	NA	NA	NA	NA	NA	susceptible	susceptible	NA
562.57214	NA	NA	NA	resistant	NA	NA	NA	susceptible	NA	NA	susceptible	NA	NA	susceptible	NA	NA	susceptible	NA	susceptible	NA	NA	NA	NA	NA	susceptible	NA	NA	NA	NA	NA	NA	NA	NA	NA	NA	NA	susceptible	susceptible	NA
562.57213	NA	NA	NA	resistant	NA	NA	NA	susceptible	NA	NA	susceptible	NA	NA	susceptible	NA	NA	susceptible	NA	susceptible	NA	NA	NA	NA	NA	susceptible	NA	NA	NA	NA	NA	NA	NA	NA	NA	NA	NA	susceptible	susceptible	NA
562.57212	NA	NA	NA	resistant	NA	NA	NA	susceptible	NA	NA	susceptible	NA	NA	susceptible	NA	NA	susceptible	NA	susceptible	NA	NA	NA	NA	NA	susceptible	NA	NA	NA	NA	NA	NA	NA	NA	NA	NA	NA	susceptible	susceptible	NA
562.57219	NA	NA	NA	resistant	NA	NA	NA	resistant	NA	NA	susceptible	NA	NA	resistant	NA	NA	resistant	NA	resistant	NA	NA	NA	NA	NA	susceptible	NA	NA	NA	NA	NA	NA	NA	NA	NA	NA	NA	susceptible	susceptible	NA
562.56911	NA	NA	NA	resistant	NA	NA	NA	NA	NA	NA	resistant	NA	resistant	resistant	NA	NA	NA	NA	NA	susceptible	NA	NA	NA	NA	NA	susceptible	NA	susceptible	NA	NA	NA	NA	NA	NA	NA	NA	NA	NA	NA
562.57189	NA	NA	NA	resistant	NA	NA	NA	susceptible	NA	NA	susceptible	NA	NA	resistant	NA	NA	susceptible	NA	susceptible	NA	NA	NA	NA	NA	susceptible	NA	NA	NA	NA	NA	NA	NA	NA	NA	NA	NA	susceptible	susceptible	NA
562.57187	NA	NA	NA	resistant	NA	NA	NA	resistant	NA	NA	resistant	NA	NA	resistant	NA	NA	resistant	NA	resistant	NA	NA	NA	NA	NA	susceptible	NA	NA	NA	NA	NA	NA	NA	NA	NA	NA	NA	resistant	resistant	NA
562.57165	NA	NA	NA	resistant	NA	NA	NA	susceptible	NA	NA	susceptible	NA	NA	susceptible	NA	NA	susceptible	NA	susceptible	NA	NA	NA	NA	NA	susceptible	NA	NA	NA	NA	NA	NA	NA	NA	NA	NA	NA	susceptible	susceptible	NA
562.57164	NA	NA	NA	susceptible	NA	NA	NA	susceptible	NA	NA	susceptible	NA	NA	susceptible	NA	NA	susceptible	NA	susceptible	NA	NA	NA	NA	NA	susceptible	NA	NA	NA	NA	NA	NA	NA	NA	NA	NA	NA	susceptible	susceptible	NA
562.57163	NA	NA	NA	resistant	NA	NA	NA	susceptible	NA	NA	susceptible	NA	NA	susceptible	NA	NA	susceptible	NA	susceptible	NA	NA	NA	NA	NA	susceptible	NA	NA	NA	NA	NA	NA	NA	NA	NA	NA	NA	resistant	susceptible	NA
562.57162	NA	NA	NA	susceptible	NA	NA	NA	susceptible	NA	NA	susceptible	NA	NA	susceptible	NA	NA	susceptible	NA	susceptible	NA	NA	NA	NA	NA	susceptible	NA	NA	NA	NA	NA	NA	NA	NA	NA	NA	NA	susceptible	susceptible	NA
562.57161	NA	NA	NA	susceptible	NA	NA	NA	susceptible	NA	NA	susceptible	NA	NA	susceptible	NA	NA	susceptible	NA	susceptible	NA	NA	NA	NA	NA	susceptible	NA	NA	NA	NA	NA	NA	NA	NA	NA	NA	NA	susceptible	susceptible	NA
562.5716	NA	NA	NA	susceptible	NA	NA	NA	susceptible	NA	NA	susceptible	NA	NA	susceptible	NA	NA	susceptible	NA	susceptible	NA	NA	NA	NA	NA	susceptible	NA	NA	NA	NA	NA	NA	NA	NA	NA	NA	NA	susceptible	resistant	NA
562.57159	NA	NA	NA	resistant	NA	NA	NA	resistant	NA	NA	resistant	NA	NA	resistant	NA	NA	resistant	NA	resistant	NA	NA	NA	NA	NA	resistant	NA	NA	NA	NA	NA	NA	NA	NA	NA	NA	NA	resistant	resistant	NA
562.57166	NA	NA	NA	resistant	NA	NA	NA	resistant	NA	NA	resistant	NA	NA	resistant	NA	NA	resistant	NA	resistant	NA	NA	NA	NA	NA	resistant	NA	NA	NA	NA	NA	NA	NA	NA	NA	NA	NA	resistant	resistant	NA
562.57158	NA	NA	NA	susceptible	NA	NA	NA	susceptible	NA	NA	susceptible	NA	NA	susceptible	NA	NA	susceptible	NA	susceptible	NA	NA	NA	NA	NA	susceptible	NA	NA	NA	NA	NA	NA	NA	NA	NA	NA	NA	susceptible	susceptible	NA
562.57155	NA	NA	NA	susceptible	NA	NA	NA	susceptible	NA	NA	susceptible	NA	NA	susceptible	NA	NA	susceptible	NA	susceptible	NA	NA	NA	NA	NA	susceptible	NA	NA	NA	NA	NA	NA	NA	NA	NA	NA	NA	susceptible	susceptible	NA
562.57154	NA	NA	NA	resistant	NA	NA	NA	susceptible	NA	NA	susceptible	NA	NA	susceptible	NA	NA	susceptible	NA	susceptible	NA	NA	NA	NA	NA	susceptible	NA	NA	NA	NA	NA	NA	NA	NA	NA	NA	NA	susceptible	susceptible	NA
562.57153	NA	NA	NA	resistant	NA	NA	NA	resistant	NA	NA	susceptible	NA	NA	susceptible	NA	NA	susceptible	NA	susceptible	NA	NA	NA	NA	NA	susceptible	NA	NA	NA	NA	NA	NA	NA	NA	NA	NA	NA	resistant	susceptible	NA
562.57152	NA	NA	NA	susceptible	NA	NA	NA	susceptible	NA	NA	susceptible	NA	NA	susceptible	NA	NA	susceptible	NA	susceptible	NA	NA	NA	NA	NA	susceptible	NA	NA	NA	NA	NA	NA	NA	NA	NA	NA	NA	susceptible	susceptible	NA
562.57151	NA	NA	NA	resistant	NA	NA	NA	susceptible	NA	NA	susceptible	NA	NA	susceptible	NA	NA	susceptible	NA	susceptible	NA	NA	NA	NA	NA	susceptible	NA	NA	NA	NA	NA	NA	NA	NA	NA	NA	NA	susceptible	susceptible	NA
562.5715	NA	NA	NA	susceptible	NA	NA	NA	susceptible	NA	NA	susceptible	NA	NA	susceptible	NA	NA	susceptible	NA	susceptible	NA	NA	NA	NA	NA	susceptible	NA	NA	NA	NA	NA	NA	NA	NA	NA	NA	NA	susceptible	susceptible	NA
562.57149	NA	NA	NA	resistant	NA	NA	NA	susceptible	NA	NA	susceptible	NA	NA	susceptible	NA	NA	susceptible	NA	susceptible	NA	NA	NA	NA	NA	susceptible	NA	NA	NA	NA	NA	NA	NA	NA	NA	NA	NA	susceptible	susceptible	NA
562.57156	NA	NA	NA	susceptible	NA	NA	NA	susceptible	NA	NA	susceptible	NA	NA	susceptible	NA	NA	susceptible	NA	susceptible	NA	NA	NA	NA	NA	susceptible	NA	NA	NA	NA	NA	NA	NA	NA	NA	NA	NA	susceptible	susceptible	NA
562.57188	NA	NA	NA	resistant	NA	NA	NA	susceptible	NA	NA	susceptible	NA	NA	susceptible	NA	NA	susceptible	NA	susceptible	NA	NA	NA	NA	NA	susceptible	NA	NA	NA	NA	NA	NA	NA	NA	NA	NA	NA	susceptible	susceptible	NA
562.57167	NA	NA	NA	susceptible	NA	NA	NA	susceptible	NA	NA	susceptible	NA	NA	susceptible	NA	NA	susceptible	NA	susceptible	NA	NA	NA	NA	NA	susceptible	NA	NA	NA	NA	NA	NA	NA	NA	NA	NA	NA	susceptible	susceptible	NA
562.57169	NA	NA	NA	resistant	NA	NA	NA	susceptible	NA	NA	resistant	NA	NA	susceptible	NA	NA	susceptible	NA	susceptible	NA	NA	NA	NA	NA	resistant	NA	NA	NA	NA	NA	NA	NA	NA	NA	NA	NA	susceptible	susceptible	NA
562.57186	NA	NA	NA	susceptible	NA	NA	NA	susceptible	NA	NA	susceptible	NA	NA	susceptible	NA	NA	susceptible	NA	susceptible	NA	NA	NA	NA	NA	susceptible	NA	NA	NA	NA	NA	NA	NA	NA	NA	NA	NA	resistant	susceptible	NA
562.57185	NA	NA	NA	resistant	NA	NA	NA	susceptible	NA	NA	susceptible	NA	NA	susceptible	NA	NA	susceptible	NA	susceptible	NA	NA	NA	NA	NA	susceptible	NA	NA	NA	NA	NA	NA	NA	NA	NA	NA	NA	susceptible	susceptible	NA
562.57184	NA	NA	NA	resistant	NA	NA	NA	resistant	NA	NA	resistant	NA	NA	resistant	NA	NA	resistant	NA	resistant	NA	NA	NA	NA	NA	resistant	NA	NA	NA	NA	NA	NA	NA	NA	NA	NA	NA	resistant	susceptible	NA
562.57183	NA	NA	NA	resistant	NA	NA	NA	resistant	NA	NA	resistant	NA	NA	resistant	NA	NA	resistant	NA	resistant	NA	NA	NA	NA	NA	susceptible	NA	NA	NA	NA	NA	NA	NA	NA	NA	NA	NA	resistant	resistant	NA
562.57182	NA	NA	NA	resistant	NA	NA	NA	susceptible	NA	NA	susceptible	NA	NA	susceptible	NA	NA	susceptible	NA	susceptible	NA	NA	NA	NA	NA	susceptible	NA	NA	NA	NA	NA	NA	NA	NA	NA	NA	NA	resistant	resistant	NA
562.57181	NA	NA	NA	resistant	NA	NA	NA	resistant	NA	NA	susceptible	NA	NA	resistant	NA	NA	resistant	NA	resistant	NA	NA	NA	NA	NA	susceptible	NA	NA	NA	NA	NA	NA	NA	NA	NA	NA	NA	susceptible	susceptible	NA
562.5718	NA	NA	NA	resistant	NA	NA	NA	susceptible	NA	NA	susceptible	NA	NA	susceptible	NA	NA	susceptible	NA	susceptible	NA	NA	NA	NA	NA	susceptible	NA	NA	NA	NA	NA	NA	NA	NA	NA	NA	NA	susceptible	susceptible	NA
562.57168	NA	NA	NA	resistant	NA	NA	NA	resistant	NA	NA	resistant	NA	NA	resistant	NA	NA	resistant	NA	resistant	NA	NA	NA	NA	NA	resistant	NA	NA	NA	NA	NA	NA	NA	NA	NA	NA	NA	resistant	resistant	NA
562.57179	NA	NA	NA	resistant	NA	NA	NA	resistant	NA	NA	susceptible	NA	NA	resistant	NA	NA	resistant	NA	susceptible	NA	NA	NA	NA	NA	susceptible	NA	NA	NA	NA	NA	NA	NA	NA	NA	NA	NA	susceptible	susceptible	NA
562.57177	NA	NA	NA	resistant	NA	NA	NA	resistant	NA	NA	susceptible	NA	NA	susceptible	NA	NA	susceptible	NA	susceptible	NA	NA	NA	NA	NA	susceptible	NA	NA	NA	NA	NA	NA	NA	NA	NA	NA	NA	susceptible	resistant	NA
562.57176	NA	NA	NA	resistant	NA	NA	NA	susceptible	NA	NA	susceptible	NA	NA	susceptible	NA	NA	susceptible	NA	susceptible	NA	NA	NA	NA	NA	susceptible	NA	NA	NA	NA	NA	NA	NA	NA	NA	NA	NA	susceptible	resistant	NA
562.57174	NA	NA	NA	susceptible	NA	NA	NA	susceptible	NA	NA	susceptible	NA	NA	susceptible	NA	NA	susceptible	NA	susceptible	NA	NA	NA	NA	NA	susceptible	NA	NA	NA	NA	NA	NA	NA	NA	NA	NA	NA	susceptible	susceptible	NA
562.57173	NA	NA	NA	resistant	NA	NA	NA	resistant	NA	NA	susceptible	NA	NA	susceptible	NA	NA	susceptible	NA	susceptible	NA	NA	NA	NA	NA	susceptible	NA	NA	NA	NA	NA	NA	NA	NA	NA	NA	NA	susceptible	resistant	NA
562.57172	NA	NA	NA	resistant	NA	NA	NA	resistant	NA	NA	susceptible	NA	NA	susceptible	NA	NA	susceptible	NA	susceptible	NA	NA	NA	NA	NA	susceptible	NA	NA	NA	NA	NA	NA	NA	NA	NA	NA	NA	resistant	susceptible	NA
562.57171	NA	NA	NA	resistant	NA	NA	NA	susceptible	NA	NA	susceptible	NA	NA	susceptible	NA	NA	susceptible	NA	susceptible	NA	NA	NA	NA	NA	susceptible	NA	NA	NA	NA	NA	NA	NA	NA	NA	NA	NA	susceptible	susceptible	NA
562.5717	NA	NA	NA	resistant	NA	NA	NA	susceptible	NA	NA	susceptible	NA	NA	susceptible	NA	NA	susceptible	NA	susceptible	NA	NA	NA	NA	NA	susceptible	NA	NA	NA	NA	NA	NA	NA	NA	NA	NA	NA	susceptible	susceptible	NA
562.57178	NA	NA	NA	resistant	NA	NA	NA	resistant	NA	NA	resistant	NA	NA	resistant	NA	NA	resistant	NA	resistant	NA	NA	NA	NA	NA	resistant	NA	NA	NA	NA	NA	NA	NA	NA	NA	NA	NA	resistant	susceptible	NA
562.5691	NA	NA	NA	resistant	NA	NA	NA	NA	NA	NA	resistant	NA	resistant	resistant	NA	NA	NA	NA	NA	susceptible	NA	NA	NA	NA	NA	susceptible	NA	susceptible	NA	NA	NA	NA	NA	NA	NA	NA	NA	NA	NA
562.5691	NA	NA	NA	NA	NA	NA	NA	NA	NA	NA	NA	NA	NA	NA	NA	susceptible*	NA	NA	susceptible*	NA	NA	NA	NA	NA	susceptible*	NA	NA	NA	NA	NA	NA	NA	NA	NA	NA	NA	NA	NA	NA
562.56908	NA	NA	NA	resistant	NA	NA	NA	NA	NA	NA	resistant	NA	resistant	resistant	NA	NA	NA	NA	NA	susceptible	NA	NA	NA	NA	NA	susceptible	NA	susceptible	NA	NA	NA	NA	NA	NA	NA	NA	NA	NA	NA
562.5264	NA	NA	NA	NA	NA	NA	NA	NA	NA	NA	resistant*	NA	NA	NA	NA	NA	NA	NA	resistant*	resistant*	NA	NA	NA	NA	resistant*	NA	NA	NA	NA	intermediate*	NA	NA	NA	NA	NA	NA	NA	NA	NA
562.52631	NA	NA	NA	NA	NA	NA	NA	NA	NA	NA	resistant*	NA	NA	NA	NA	NA	NA	NA	resistant*	NA	NA	NA	NA	NA	susceptible*	NA	NA	NA	NA	susceptible*	NA	NA	NA	NA	NA	NA	NA	NA	NA
562.52626	NA	NA	NA	NA	NA	NA	NA	NA	NA	NA	resistant*	NA	NA	NA	NA	NA	NA	NA	resistant*	NA	NA	NA	NA	NA	resistant*	NA	NA	NA	NA	susceptible*	NA	NA	NA	NA	NA	NA	NA	NA	NA
562.52622	NA	NA	NA	NA	NA	NA	NA	NA	NA	NA	resistant*	NA	NA	NA	NA	NA	NA	NA	NA	NA	NA	NA	NA	NA	resistant*	NA	NA	NA	NA	susceptible*	NA	NA	NA	NA	susceptible*	susceptible*	NA	NA	NA
562.52614	NA	NA	NA	NA	NA	NA	NA	NA	NA	NA	resistant*	NA	NA	NA	NA	NA	NA	NA	NA	NA	NA	NA	NA	NA	susceptible*	NA	NA	NA	NA	susceptible*	NA	NA	NA	NA	NA	NA	NA	NA	NA
562.52613	NA	NA	NA	NA	NA	NA	NA	NA	NA	NA	resistant*	NA	NA	NA	NA	NA	NA	NA	NA	NA	NA	NA	NA	NA	NA	NA	NA	NA	NA	intermediate*	NA	NA	NA	NA	NA	NA	NA	NA	NA
562.5261	NA	NA	NA	NA	NA	NA	NA	NA	NA	NA	resistant*	NA	NA	NA	NA	NA	NA	NA	resistant*	NA	NA	NA	NA	NA	susceptible*	NA	NA	NA	NA	intermediate*	NA	NA	NA	NA	NA	NA	NA	NA	NA
562.5419	NA	NA	NA	NA	NA	NA	NA	NA	NA	NA	NA	NA	NA	NA	NA	susceptible*	NA	NA	susceptible*	NA	NA	NA	NA	NA	susceptible*	NA	NA	NA	NA	NA	NA	NA	NA	NA	NA	NA	NA	NA	NA
562.52609	NA	NA	NA	NA	NA	NA	NA	NA	NA	NA	resistant*	NA	NA	NA	NA	NA	NA	NA	NA	NA	NA	NA	NA	NA	susceptible*	NA	NA	NA	NA	NA	NA	NA	NA	NA	NA	NA	NA	NA	NA
562.52604	NA	NA	NA	NA	NA	NA	NA	NA	NA	NA	resistant*	NA	NA	NA	NA	NA	NA	NA	resistant*	NA	NA	NA	NA	NA	NA	NA	NA	NA	NA	NA	NA	NA	NA	NA	NA	NA	NA	NA	NA
562.52603	NA	NA	NA	NA	NA	NA	NA	NA	NA	NA	resistant*	NA	NA	NA	NA	NA	NA	NA	resistant*	NA	NA	NA	NA	NA	resistant*	NA	NA	NA	NA	intermediate*	NA	NA	NA	NA	NA	susceptible*	NA	NA	NA
562.526	NA	NA	NA	NA	NA	NA	NA	NA	NA	NA	resistant*	NA	NA	NA	NA	NA	NA	NA	resistant*	NA	NA	NA	NA	NA	susceptible*	NA	NA	NA	NA	susceptible*	NA	NA	NA	NA	NA	susceptible*	NA	NA	NA
562.52599	NA	NA	NA	NA	NA	NA	NA	NA	NA	NA	resistant*	NA	NA	NA	NA	NA	NA	NA	resistant*	resistant*	NA	NA	NA	NA	NA	NA	NA	NA	NA	NA	NA	NA	NA	NA	NA	susceptible*	NA	NA	NA
562.52598	NA	NA	NA	NA	NA	NA	NA	NA	NA	NA	resistant*	NA	NA	NA	NA	NA	NA	NA	resistant*	NA	NA	NA	NA	NA	susceptible*	NA	NA	NA	NA	susceptible*	NA	NA	NA	NA	NA	NA	NA	NA	NA
562.52597	NA	NA	NA	NA	NA	NA	NA	NA	NA	NA	resistant*	NA	NA	NA	NA	NA	NA	NA	intermediate*	NA	NA	NA	NA	NA	resistant*	NA	NA	NA	NA	intermediate*	NA	NA	NA	NA	NA	NA	NA	NA	NA
562.52596	NA	NA	NA	NA	NA	NA	NA	NA	NA	NA	resistant*	NA	NA	NA	NA	NA	NA	NA	intermediate*	NA	NA	NA	NA	NA	susceptible*	NA	NA	NA	NA	NA	NA	NA	NA	NA	NA	NA	NA	NA	NA
562.52605	NA	NA	NA	NA	NA	NA	NA	NA	NA	NA	resistant*	NA	NA	NA	NA	NA	NA	NA	NA	NA	NA	NA	NA	NA	susceptible*	NA	NA	NA	NA	susceptible*	NA	NA	NA	NA	NA	NA	NA	NA	NA
562.52595	NA	NA	NA	NA	NA	NA	NA	NA	NA	NA	resistant*	NA	NA	NA	NA	NA	NA	NA	resistant*	NA	NA	NA	NA	NA	susceptible*	NA	NA	NA	NA	NA	NA	NA	NA	NA	NA	NA	NA	NA	NA
562.542	NA	NA	NA	NA	NA	NA	NA	NA	NA	NA	NA	NA	NA	NA	NA	susceptible*	NA	NA	susceptible*	NA	NA	NA	NA	NA	NA	NA	NA	NA	NA	NA	NA	NA	NA	NA	NA	NA	NA	NA	NA
562.5422	NA	NA	NA	susceptible*	NA	NA	NA	NA	NA	NA	NA	NA	NA	NA	NA	susceptible*	NA	NA	susceptible*	NA	NA	NA	NA	NA	susceptible*	NA	NA	NA	NA	NA	NA	NA	NA	NA	NA	NA	NA	NA	NA
562.5438	NA	NA	NA	NA	NA	NA	NA	NA	NA	NA	NA	NA	NA	NA	NA	susceptible*	NA	NA	susceptible*	NA	NA	NA	NA	NA	susceptible*	NA	NA	NA	NA	NA	NA	NA	NA	NA	NA	NA	NA	NA	NA
562.5437	NA	NA	NA	NA	NA	NA	NA	NA	NA	NA	NA	NA	NA	NA	NA	susceptible*	NA	NA	susceptible*	NA	NA	NA	NA	NA	susceptible*	NA	NA	NA	NA	NA	NA	NA	NA	NA	NA	NA	NA	NA	NA
562.5436	NA	NA	NA	NA	NA	NA	NA	NA	NA	NA	NA	NA	NA	NA	NA	susceptible*	NA	NA	susceptible*	NA	NA	NA	NA	NA	susceptible*	NA	NA	NA	NA	NA	NA	NA	NA	NA	NA	NA	NA	NA	NA
562.5435	NA	NA	NA	NA	NA	NA	NA	NA	NA	NA	NA	NA	NA	NA	NA	resistant*	NA	NA	susceptible*	NA	NA	NA	NA	NA	susceptible*	NA	NA	NA	NA	NA	NA	NA	NA	NA	susceptible*	NA	NA	NA	NA
562.5434	NA	NA	NA	NA	NA	NA	NA	NA	NA	NA	NA	NA	NA	NA	NA	susceptible*	NA	NA	susceptible*	NA	NA	NA	NA	NA	susceptible*	NA	NA	NA	NA	NA	NA	NA	NA	NA	NA	NA	NA	NA	NA
562.5433	NA	NA	NA	NA	NA	NA	NA	NA	NA	NA	NA	NA	NA	NA	NA	susceptible*	NA	NA	susceptible*	NA	NA	NA	NA	NA	susceptible*	NA	NA	NA	NA	NA	NA	NA	NA	NA	NA	NA	NA	NA	NA
562.5432	NA	NA	NA	NA	NA	NA	NA	NA	NA	NA	NA	NA	NA	NA	NA	susceptible*	NA	NA	susceptible*	NA	NA	NA	NA	NA	susceptible*	NA	NA	NA	NA	NA	NA	NA	NA	NA	NA	NA	NA	NA	NA
562.5421	NA	NA	NA	susceptible*	NA	NA	NA	NA	NA	NA	NA	NA	NA	NA	NA	susceptible*	NA	NA	intermediate*	NA	NA	NA	NA	NA	susceptible*	NA	NA	NA	NA	NA	NA	NA	NA	NA	NA	NA	NA	NA	NA
562.5431	NA	NA	NA	NA	NA	NA	NA	NA	NA	NA	NA	NA	NA	NA	NA	susceptible*	NA	NA	susceptible*	NA	NA	NA	NA	NA	susceptible*	NA	NA	NA	NA	NA	NA	NA	NA	NA	NA	NA	NA	NA	NA
562.5429	NA	NA	NA	NA	NA	NA	NA	NA	NA	NA	NA	NA	NA	NA	NA	susceptible*	NA	NA	susceptible*	NA	NA	NA	NA	NA	susceptible*	NA	NA	NA	NA	NA	NA	NA	NA	NA	NA	NA	NA	NA	NA
562.5428	NA	NA	NA	susceptible*	NA	NA	NA	NA	NA	NA	NA	NA	NA	NA	NA	susceptible*	NA	NA	NA	NA	NA	NA	NA	NA	susceptible*	NA	NA	NA	NA	NA	NA	NA	NA	NA	NA	NA	NA	NA	NA
562.5427	NA	NA	NA	NA	NA	NA	NA	NA	NA	NA	NA	NA	NA	NA	NA	susceptible*	NA	NA	resistant*	NA	NA	NA	NA	NA	susceptible*	NA	NA	NA	NA	NA	NA	NA	NA	NA	susceptible*	NA	NA	NA	NA
562.5426	NA	NA	NA	NA	NA	NA	NA	NA	NA	NA	NA	NA	NA	NA	NA	resistant*	NA	NA	susceptible*	NA	NA	NA	NA	NA	susceptible*	NA	NA	NA	NA	NA	NA	NA	NA	NA	NA	NA	NA	NA	NA
562.5425	NA	NA	NA	susceptible*	NA	NA	NA	NA	NA	NA	NA	NA	NA	NA	NA	susceptible*	NA	NA	NA	NA	NA	NA	NA	NA	susceptible*	NA	NA	NA	NA	NA	NA	NA	NA	NA	NA	NA	NA	NA	NA
562.5424	NA	NA	NA	susceptible*	NA	NA	NA	NA	NA	NA	NA	NA	NA	NA	NA	susceptible*	NA	NA	NA	NA	NA	NA	NA	NA	susceptible*	NA	NA	NA	NA	NA	NA	NA	NA	NA	NA	NA	NA	NA	NA
562.5423	NA	NA	NA	susceptible*	NA	NA	NA	NA	NA	NA	NA	NA	NA	NA	NA	susceptible*	NA	NA	intermediate*	NA	NA	NA	NA	NA	susceptible*	NA	NA	NA	NA	NA	NA	NA	NA	NA	NA	NA	NA	NA	NA
562.543	NA	NA	NA	NA	NA	NA	NA	NA	NA	NA	NA	NA	NA	NA	NA	resistant*	NA	NA	susceptible*	NA	NA	NA	NA	NA	susceptible*	NA	NA	NA	NA	NA	NA	NA	NA	NA	NA	NA	NA	NA	NA
562.5439	NA	NA	NA	NA	NA	NA	NA	NA	NA	NA	NA	NA	NA	NA	NA	resistant*	NA	NA	susceptible*	NA	NA	NA	NA	NA	susceptible*	NA	NA	NA	NA	NA	NA	NA	NA	NA	susceptible*	NA	NA	NA	NA
562.52594	NA	NA	NA	NA	NA	NA	NA	NA	NA	NA	resistant*	NA	NA	NA	NA	NA	NA	NA	resistant*	resistant*	NA	NA	NA	NA	NA	NA	NA	NA	NA	intermediate*	NA	NA	NA	NA	NA	susceptible*	NA	NA	NA
562.52592	NA	NA	NA	NA	NA	NA	NA	NA	NA	NA	resistant*	NA	NA	NA	NA	NA	NA	NA	NA	NA	NA	NA	NA	NA	susceptible*	NA	NA	NA	NA	NA	NA	NA	NA	NA	NA	NA	NA	NA	NA
562.45847	NA	NA	NA	NA	NA	NA	NA	NA	resistant	NA	NA	NA	NA	NA	NA	resistant	NA	NA	resistant*	NA	NA	NA	NA	NA	NA	NA	resistant	NA	NA	susceptible	NA	NA	NA	NA	NA	NA	NA	NA	NA
562.45846	NA	NA	NA	NA	NA	NA	NA	NA	resistant	NA	NA	NA	NA	NA	NA	resistant	NA	NA	NA	NA	NA	NA	NA	NA	susceptible*	NA	susceptible	NA	NA	susceptible	NA	NA	NA	NA	NA	NA	NA	NA	NA
562.45845	NA	NA	NA	NA	NA	NA	NA	NA	NA	NA	NA	NA	NA	resistant*	NA	resistant	NA	NA	resistant*	NA	NA	NA	NA	NA	NA	NA	resistant	NA	NA	susceptible	NA	NA	NA	NA	resistant	NA	NA	NA	resistant
562.45677	NA	NA	NA	NA	susceptible	NA	NA	NA	resistant	NA	NA	susceptible	NA	NA	resistant	resistant	NA	resistant	NA	NA	NA	intermediate	NA	susceptible	NA	NA	resistant	NA	susceptible	resistant	NA	NA	NA	NA	NA	NA	NA	NA	susceptible
562.45676	NA	NA	NA	NA	susceptible	NA	NA	NA	susceptible	NA	NA	susceptible	NA	NA	susceptible	susceptible	NA	resistant	NA	NA	NA	intermediate	NA	susceptible	NA	NA	resistant	NA	susceptible	resistant	NA	NA	NA	NA	NA	NA	NA	NA	susceptible
562.45675	NA	NA	NA	NA	susceptible	NA	NA	NA	susceptible	NA	NA	susceptible	NA	NA	susceptible	susceptible	NA	resistant	NA	NA	NA	susceptible	NA	susceptible	NA	NA	resistant	NA	susceptible	susceptible	NA	NA	NA	NA	NA	NA	NA	NA	susceptible
562.45674	NA	NA	NA	NA	susceptible	NA	NA	NA	susceptible	NA	NA	susceptible	NA	NA	susceptible	susceptible	NA	resistant	NA	NA	NA	resistant	NA	susceptible	NA	NA	resistant	NA	susceptible	susceptible	NA	NA	NA	NA	NA	NA	NA	NA	resistant
562.45848	NA	NA	NA	NA	NA	NA	NA	NA	resistant	NA	NA	NA	NA	NA	NA	resistant	NA	NA	resistant*	NA	NA	NA	NA	NA	susceptible*	NA	NA	NA	NA	susceptible	NA	NA	NA	NA	NA	NA	NA	NA	NA
562.45673	NA	NA	NA	NA	resistant	NA	NA	NA	resistant	NA	NA	susceptible	NA	NA	resistant	resistant	NA	susceptible	NA	NA	NA	resistant	NA	susceptible	NA	NA	resistant	NA	susceptible	resistant	NA	NA	NA	NA	NA	NA	NA	NA	resistant
562.45671	NA	NA	NA	NA	susceptible	NA	NA	NA	susceptible	NA	NA	susceptible	NA	NA	susceptible	susceptible	NA	susceptible	NA	NA	NA	susceptible	NA	susceptible	NA	NA	resistant	NA	susceptible	susceptible	NA	NA	NA	NA	NA	NA	NA	NA	susceptible
562.4567	NA	NA	NA	NA	susceptible	NA	NA	NA	intermediate	NA	NA	susceptible	NA	NA	susceptible	susceptible	NA	intermediate	NA	NA	NA	resistant	NA	susceptible	NA	NA	susceptible	NA	susceptible	susceptible	NA	NA	NA	NA	NA	NA	NA	NA	resistant
562.45669	NA	NA	NA	NA	susceptible	NA	NA	NA	susceptible	NA	NA	susceptible	NA	NA	susceptible	susceptible	NA	susceptible	NA	NA	NA	susceptible	NA	susceptible	NA	NA	resistant	NA	susceptible	susceptible	NA	NA	NA	NA	NA	NA	NA	NA	susceptible
562.45668	NA	NA	NA	NA	susceptible	NA	NA	NA	susceptible	NA	NA	susceptible	NA	NA	susceptible	susceptible	NA	susceptible	NA	NA	NA	resistant	NA	susceptible	NA	NA	resistant	NA	susceptible	susceptible	NA	NA	NA	NA	NA	NA	NA	NA	resistant
562.45667	NA	NA	NA	NA	susceptible	NA	NA	NA	susceptible	NA	NA	susceptible	NA	NA	susceptible	susceptible	NA	resistant	NA	NA	NA	resistant	NA	susceptible	NA	NA	resistant	NA	intermediate	susceptible	NA	NA	NA	NA	NA	NA	NA	NA	resistant
562.45666	NA	NA	NA	NA	susceptible	NA	NA	NA	susceptible	NA	NA	susceptible	NA	NA	susceptible	susceptible	NA	susceptible	NA	NA	NA	susceptible	NA	susceptible	NA	NA	susceptible	NA	susceptible	susceptible	NA	NA	NA	NA	NA	NA	NA	NA	susceptible
562.45665	NA	NA	NA	NA	susceptible	NA	NA	NA	susceptible	NA	NA	susceptible	NA	NA	susceptible	susceptible	NA	susceptible	NA	NA	NA	susceptible	NA	susceptible	NA	NA	susceptible	NA	susceptible	susceptible	NA	NA	NA	NA	NA	NA	NA	NA	susceptible
562.45672	NA	NA	NA	NA	susceptible	NA	NA	NA	susceptible	NA	NA	susceptible	NA	NA	susceptible	susceptible	NA	susceptible	NA	NA	NA	intermediate	NA	susceptible	NA	NA	susceptible	NA	susceptible	susceptible	NA	NA	NA	NA	NA	NA	NA	NA	susceptible
562.52593	NA	NA	NA	NA	NA	NA	NA	NA	NA	NA	resistant*	NA	NA	NA	NA	NA	NA	NA	resistant*	NA	NA	NA	NA	NA	NA	NA	NA	NA	NA	NA	NA	NA	NA	NA	NA	NA	NA	NA	NA
562.45849	NA	NA	NA	NA	NA	NA	NA	NA	resistant	NA	NA	NA	NA	NA	NA	resistant	NA	NA	resistant*	NA	NA	NA	NA	NA	NA	NA	resistant	NA	NA	susceptible	NA	NA	NA	NA	NA	NA	intermediate*	NA	NA
562.45851	NA	NA	NA	NA	NA	NA	NA	NA	resistant	NA	NA	NA	NA	NA	NA	resistant	NA	NA	resistant*	NA	NA	NA	NA	NA	susceptible*	NA	resistant	NA	NA	susceptible	NA	NA	NA	NA	NA	NA	NA	NA	NA
562.52591	NA	NA	NA	NA	NA	NA	NA	NA	NA	NA	resistant*	NA	NA	NA	NA	NA	NA	NA	NA	NA	NA	NA	NA	NA	susceptible*	NA	NA	NA	NA	NA	NA	NA	NA	NA	NA	NA	NA	NA	NA
562.23717	NA	resistant	susceptible	NA	NA	NA	NA	NA	NA	NA	susceptible	NA	NA	susceptible	NA	NA	susceptible	NA	susceptible	NA	NA	NA	NA	NA	resistant	susceptible	NA	NA	NA	NA	NA	susceptible	NA	NA	NA	susceptible	NA	NA	NA
562.52581	NA	NA	NA	NA	NA	NA	NA	NA	NA	NA	resistant*	NA	NA	NA	NA	NA	NA	NA	resistant*	resistant*	NA	NA	NA	NA	resistant*	NA	NA	NA	NA	susceptible*	NA	NA	NA	NA	NA	NA	NA	NA	NA
562.5258	NA	NA	NA	NA	NA	NA	NA	NA	NA	NA	resistant*	NA	NA	NA	NA	NA	NA	NA	NA	NA	NA	NA	NA	NA	NA	NA	NA	NA	NA	NA	NA	NA	NA	NA	NA	NA	NA	NA	NA
562.52579	NA	NA	NA	NA	NA	NA	NA	NA	NA	NA	resistant*	NA	NA	NA	NA	NA	NA	NA	NA	NA	NA	NA	NA	NA	resistant*	NA	NA	NA	NA	NA	NA	NA	NA	NA	NA	NA	NA	NA	NA
562.52578	NA	NA	NA	NA	NA	NA	NA	NA	NA	NA	resistant*	NA	NA	NA	NA	NA	NA	NA	NA	NA	NA	NA	NA	NA	NA	NA	NA	NA	NA	NA	NA	NA	NA	NA	NA	NA	NA	NA	NA
562.22792	susceptible	NA	susceptible	resistant	NA	NA	susceptible	intermediate	NA	susceptible	susceptible	NA	susceptible	susceptible	NA	NA	susceptible	NA	susceptible	NA	NA	NA	susceptible	NA	susceptible	NA	NA	susceptible	NA	NA	NA	susceptible	NA	NA	NA	susceptible	susceptible	resistant	NA
562.4585	NA	NA	NA	NA	NA	NA	NA	NA	resistant	NA	NA	NA	NA	NA	NA	resistant	NA	NA	resistant*	NA	NA	NA	NA	NA	NA	NA	NA	NA	NA	resistant	NA	NA	NA	NA	NA	NA	intermediate*	NA	NA
562.52563	NA	NA	NA	NA	NA	NA	NA	NA	NA	NA	resistant*	NA	NA	NA	NA	NA	NA	NA	intermediate*	NA	NA	NA	NA	NA	resistant*	NA	NA	NA	NA	susceptible*	NA	NA	NA	NA	NA	NA	NA	NA	NA
562.52552	NA	NA	NA	NA	NA	NA	NA	NA	NA	NA	resistant*	NA	NA	NA	NA	NA	NA	NA	resistant*	NA	NA	NA	NA	NA	resistant*	NA	NA	NA	NA	NA	NA	NA	NA	NA	NA	NA	NA	NA	NA
562.52546	NA	NA	NA	NA	NA	NA	NA	NA	NA	NA	resistant*	NA	NA	NA	NA	NA	NA	NA	resistant*	NA	NA	NA	NA	NA	resistant*	NA	NA	NA	NA	NA	NA	NA	NA	NA	NA	NA	NA	NA	NA
562.45964	NA	NA	NA	NA	NA	NA	NA	NA	resistant	NA	NA	NA	NA	NA	NA	resistant	NA	NA	NA	NA	NA	NA	NA	NA	NA	NA	NA	NA	NA	susceptible	NA	NA	NA	NA	NA	NA	NA	NA	NA
562.45916	NA	NA	NA	NA	NA	NA	NA	NA	resistant	NA	NA	NA	NA	NA	NA	resistant	NA	NA	resistant*	NA	NA	NA	NA	NA	NA	NA	resistant	NA	NA	susceptible	NA	NA	NA	NA	NA	NA	NA	NA	NA
562.4591	NA	NA	NA	NA	NA	NA	NA	NA	resistant	NA	NA	NA	NA	NA	NA	resistant	NA	NA	resistant*	NA	NA	NA	NA	NA	susceptible*	NA	NA	NA	NA	susceptible	NA	NA	NA	NA	NA	NA	NA	NA	NA
562.45853	NA	NA	NA	NA	NA	NA	NA	NA	resistant	NA	NA	NA	NA	NA	NA	resistant	NA	NA	NA	NA	NA	NA	NA	NA	susceptible*	NA	NA	NA	NA	susceptible	NA	NA	NA	NA	NA	NA	NA	NA	NA
562.45852	NA	NA	NA	NA	NA	NA	NA	NA	resistant	NA	NA	NA	NA	NA	NA	resistant	NA	NA	NA	NA	NA	NA	NA	NA	susceptible*	NA	susceptible	NA	NA	susceptible	NA	NA	NA	NA	NA	NA	NA	NA	NA
562.52559	NA	NA	NA	NA	NA	NA	NA	NA	NA	NA	resistant*	NA	NA	NA	NA	NA	NA	NA	resistant*	NA	NA	NA	NA	NA	NA	NA	NA	NA	NA	susceptible*	NA	NA	NA	NA	NA	NA	NA	NA	NA
562.5723	NA	NA	NA	resistant	NA	NA	NA	susceptible	NA	NA	susceptible	NA	NA	susceptible	NA	NA	susceptible	NA	susceptible	NA	NA	NA	NA	NA	susceptible	NA	NA	NA	NA	NA	NA	NA	NA	NA	NA	NA	susceptible	susceptible	NA
562.544	NA	NA	NA	NA	NA	NA	NA	NA	NA	NA	NA	NA	NA	NA	NA	resistant*	NA	NA	susceptible*	NA	NA	NA	NA	NA	NA	NA	NA	NA	NA	NA	NA	NA	NA	NA	susceptible*	NA	NA	NA	NA
562.5442	NA	NA	NA	NA	NA	NA	NA	NA	NA	NA	NA	NA	NA	NA	NA	resistant*	NA	NA	susceptible*	NA	NA	NA	NA	NA	susceptible*	NA	NA	NA	NA	NA	NA	NA	NA	NA	NA	NA	NA	NA	NA
562.56876	NA	NA	NA	resistant	NA	NA	NA	NA	NA	NA	resistant	NA	resistant	resistant	NA	NA	NA	NA	NA	susceptible	NA	NA	NA	NA	NA	susceptible	NA	susceptible	NA	NA	NA	NA	NA	NA	NA	NA	NA	NA	NA
562.56875	NA	NA	NA	resistant	NA	NA	NA	NA	NA	NA	resistant	NA	resistant	resistant	NA	NA	NA	NA	NA	susceptible	NA	NA	NA	NA	NA	susceptible	NA	susceptible	NA	NA	NA	NA	NA	NA	NA	NA	NA	NA	NA
562.56874	NA	NA	NA	resistant	NA	NA	NA	NA	NA	NA	resistant	NA	resistant	resistant	NA	NA	NA	NA	NA	susceptible	NA	NA	NA	NA	NA	susceptible	NA	susceptible	NA	NA	NA	NA	NA	NA	NA	NA	NA	NA	NA
562.56873	NA	NA	NA	resistant	NA	NA	NA	NA	NA	NA	resistant	NA	resistant	resistant	NA	NA	NA	NA	NA	susceptible	NA	NA	NA	NA	NA	susceptible	NA	susceptible	NA	NA	NA	NA	NA	NA	NA	NA	NA	NA	NA
562.5687	NA	NA	NA	resistant	NA	NA	NA	NA	NA	NA	resistant	NA	resistant	resistant	NA	NA	NA	NA	resistant	susceptible	NA	NA	NA	NA	NA	susceptible	NA	susceptible	NA	NA	NA	NA	NA	NA	NA	NA	NA	NA	NA
562.56866	NA	NA	NA	resistant	NA	NA	NA	NA	NA	NA	resistant	NA	resistant	resistant	NA	NA	NA	NA	NA	susceptible	NA	NA	NA	NA	NA	susceptible	NA	susceptible	NA	NA	NA	NA	NA	NA	NA	NA	NA	NA	NA
562.56879	NA	NA	NA	resistant	NA	NA	NA	NA	NA	NA	resistant	NA	resistant	resistant	NA	NA	NA	NA	NA	susceptible	NA	NA	NA	NA	NA	susceptible	NA	susceptible	NA	NA	NA	NA	NA	NA	NA	NA	NA	NA	NA
562.5686	NA	NA	NA	NA	NA	NA	NA	NA	NA	NA	NA	NA	NA	NA	NA	susceptible*	NA	NA	susceptible*	NA	NA	NA	NA	NA	susceptible*	NA	NA	NA	NA	NA	NA	NA	NA	NA	NA	NA	NA	NA	NA
562.56851	NA	NA	NA	resistant	NA	NA	NA	NA	NA	NA	resistant	NA	resistant	resistant	NA	NA	NA	NA	resistant	susceptible	NA	NA	NA	NA	NA	susceptible	NA	susceptible	NA	NA	NA	NA	NA	NA	NA	NA	NA	NA	NA
562.56839	NA	NA	NA	resistant	NA	NA	NA	NA	NA	NA	resistant	NA	resistant	resistant	NA	NA	NA	NA	NA	susceptible	NA	NA	NA	NA	NA	susceptible	NA	susceptible	NA	NA	NA	NA	NA	NA	NA	NA	NA	NA	NA
562.56834	NA	NA	NA	resistant	NA	NA	NA	NA	NA	NA	resistant	NA	resistant	resistant	NA	NA	NA	NA	NA	susceptible	NA	NA	NA	NA	NA	susceptible	NA	susceptible	NA	NA	NA	NA	NA	NA	NA	NA	NA	NA	NA
562.56831	NA	NA	NA	resistant	NA	NA	NA	NA	NA	NA	resistant	NA	resistant	resistant	NA	NA	NA	NA	NA	susceptible	NA	NA	NA	NA	NA	susceptible	NA	susceptible	NA	NA	NA	NA	NA	NA	NA	NA	NA	NA	NA
562.56814	NA	NA	NA	resistant	NA	NA	NA	NA	NA	NA	resistant	NA	resistant	resistant	NA	NA	NA	NA	NA	susceptible	NA	NA	NA	NA	NA	susceptible	NA	susceptible	NA	NA	NA	NA	NA	NA	NA	NA	NA	NA	NA
562.56806	NA	NA	NA	resistant	NA	NA	NA	NA	NA	NA	resistant	NA	resistant	resistant	NA	NA	NA	NA	NA	susceptible	NA	NA	NA	NA	NA	susceptible	NA	susceptible	NA	NA	NA	NA	NA	NA	NA	NA	NA	NA	NA
562.56805	NA	NA	NA	resistant	NA	NA	NA	NA	NA	NA	resistant	NA	resistant	resistant	NA	NA	NA	NA	NA	susceptible	NA	NA	NA	NA	NA	susceptible	NA	susceptible	NA	NA	NA	NA	NA	NA	NA	NA	NA	NA	NA
562.56854	NA	NA	NA	resistant	NA	NA	NA	NA	NA	NA	resistant	NA	resistant	resistant	NA	NA	NA	NA	resistant	susceptible	NA	NA	NA	NA	NA	susceptible	NA	susceptible	NA	NA	NA	NA	NA	NA	NA	NA	NA	NA	NA
562.56804	NA	NA	NA	resistant	NA	NA	NA	NA	NA	NA	resistant	NA	resistant	resistant	NA	NA	NA	NA	NA	susceptible	NA	NA	NA	NA	NA	susceptible	NA	susceptible	NA	NA	NA	NA	NA	NA	NA	NA	NA	NA	NA
562.5688	NA	NA	NA	resistant	NA	NA	NA	NA	NA	NA	resistant	NA	resistant	resistant	NA	NA	NA	NA	NA	susceptible	NA	NA	NA	NA	NA	susceptible	NA	susceptible	NA	NA	NA	NA	NA	NA	NA	NA	NA	NA	NA
562.56888	NA	NA	NA	resistant	NA	NA	NA	NA	NA	NA	resistant	NA	resistant	resistant	NA	NA	NA	NA	NA	susceptible	NA	NA	NA	NA	NA	susceptible	NA	susceptible	NA	NA	NA	NA	NA	NA	NA	NA	NA	NA	NA
562.56906	NA	NA	NA	resistant	NA	NA	NA	NA	NA	NA	resistant	NA	resistant	resistant	NA	NA	NA	NA	resistant	susceptible	NA	NA	NA	NA	NA	susceptible	NA	susceptible	NA	NA	NA	NA	NA	NA	NA	NA	NA	NA	NA
562.56904	NA	NA	NA	resistant	NA	NA	NA	NA	NA	NA	resistant	NA	resistant	resistant	NA	NA	NA	NA	resistant	susceptible	NA	NA	NA	NA	NA	susceptible	NA	susceptible	NA	NA	NA	NA	NA	NA	NA	NA	NA	NA	NA
562.56903	NA	NA	NA	resistant	NA	NA	NA	NA	NA	NA	resistant	NA	resistant	resistant	NA	NA	NA	NA	NA	susceptible	NA	NA	NA	NA	NA	susceptible	NA	susceptible	NA	NA	NA	NA	NA	NA	NA	NA	NA	NA	NA
562.569	NA	NA	NA	resistant	NA	NA	NA	NA	NA	NA	resistant	NA	resistant	resistant	NA	NA	NA	NA	resistant	susceptible	NA	NA	NA	NA	NA	susceptible	NA	susceptible	NA	NA	NA	NA	NA	NA	NA	NA	NA	NA	NA
562.569	NA	NA	NA	NA	NA	NA	NA	NA	NA	NA	NA	NA	NA	NA	NA	susceptible*	NA	NA	susceptible*	NA	NA	NA	NA	NA	susceptible*	NA	NA	NA	NA	NA	NA	NA	NA	NA	NA	NA	NA	NA	NA
562.56899	NA	NA	NA	resistant	NA	NA	NA	NA	NA	NA	resistant	NA	resistant	resistant	NA	NA	NA	NA	NA	susceptible	NA	NA	NA	NA	NA	susceptible	NA	susceptible	NA	NA	NA	NA	NA	NA	NA	NA	NA	NA	NA
562.56898	NA	NA	NA	resistant	NA	NA	NA	NA	NA	NA	resistant	NA	resistant	resistant	NA	NA	NA	NA	NA	susceptible	NA	NA	NA	NA	NA	susceptible	NA	susceptible	NA	NA	NA	NA	NA	NA	NA	NA	NA	NA	NA
562.56887	NA	NA	NA	resistant	NA	NA	NA	NA	NA	NA	resistant	NA	resistant	resistant	NA	NA	NA	NA	NA	susceptible	NA	NA	NA	NA	NA	susceptible	NA	susceptible	NA	NA	NA	NA	NA	NA	NA	NA	NA	NA	NA
562.56896	NA	NA	NA	resistant	NA	NA	NA	NA	NA	NA	resistant	NA	resistant	resistant	NA	NA	NA	NA	NA	susceptible	NA	NA	NA	NA	NA	susceptible	NA	susceptible	NA	NA	NA	NA	NA	NA	NA	NA	NA	NA	NA
562.56894	NA	NA	NA	resistant	NA	NA	NA	NA	NA	NA	resistant	NA	resistant	resistant	NA	NA	NA	NA	NA	susceptible	NA	NA	NA	NA	NA	susceptible	NA	susceptible	NA	NA	NA	NA	NA	NA	NA	NA	NA	NA	NA
562.56893	NA	NA	NA	resistant	NA	NA	NA	NA	NA	NA	resistant	NA	resistant	resistant	NA	NA	NA	NA	resistant	susceptible	NA	NA	NA	NA	NA	susceptible	NA	susceptible	NA	NA	NA	NA	NA	NA	NA	NA	NA	NA	NA
562.56892	NA	NA	NA	resistant	NA	NA	NA	NA	NA	NA	resistant	NA	resistant	resistant	NA	NA	NA	NA	NA	susceptible	NA	NA	NA	NA	NA	susceptible	NA	susceptible	NA	NA	NA	NA	NA	NA	NA	NA	NA	NA	NA
562.56891	NA	NA	NA	resistant	NA	NA	NA	NA	NA	NA	resistant	NA	resistant	resistant	NA	NA	NA	NA	NA	susceptible	NA	NA	NA	NA	NA	susceptible	NA	susceptible	NA	NA	NA	NA	NA	NA	NA	NA	NA	NA	NA
562.5689	NA	NA	NA	resistant	NA	NA	NA	NA	NA	NA	resistant	NA	resistant	resistant	NA	NA	NA	NA	NA	susceptible	NA	NA	NA	NA	NA	susceptible	NA	susceptible	NA	NA	NA	NA	NA	NA	NA	NA	NA	NA	NA
562.5689	NA	NA	NA	NA	NA	NA	NA	NA	NA	NA	NA	NA	NA	NA	NA	resistant*	NA	NA	NA	NA	NA	NA	NA	NA	NA	NA	NA	NA	NA	NA	NA	NA	NA	NA	NA	NA	NA	NA	NA
562.56889	NA	NA	NA	resistant	NA	NA	NA	NA	NA	NA	resistant	NA	resistant	resistant	NA	NA	NA	NA	NA	susceptible	NA	NA	NA	NA	NA	susceptible	NA	susceptible	NA	NA	NA	NA	NA	NA	NA	NA	NA	NA	NA
562.56895	NA	NA	NA	resistant	NA	NA	NA	NA	NA	NA	resistant	NA	resistant	resistant	NA	NA	NA	NA	NA	susceptible	NA	NA	NA	NA	NA	susceptible	NA	susceptible	NA	NA	NA	NA	NA	NA	NA	NA	NA	NA	NA
562.5441	NA	NA	NA	NA	NA	NA	NA	NA	NA	NA	NA	NA	NA	NA	NA	resistant*	NA	NA	susceptible*	NA	NA	NA	NA	NA	susceptible*	NA	NA	NA	NA	NA	NA	NA	NA	NA	susceptible*	NA	NA	NA	NA
562.56798	NA	NA	NA	resistant	NA	NA	NA	NA	NA	NA	resistant	NA	resistant	resistant	NA	NA	NA	NA	NA	susceptible	NA	NA	NA	NA	NA	susceptible	NA	susceptible	NA	NA	NA	NA	NA	NA	NA	NA	NA	NA	NA
562.5679	NA	NA	NA	resistant	NA	NA	NA	NA	NA	NA	resistant	NA	resistant	resistant	NA	NA	NA	NA	NA	susceptible	NA	NA	NA	NA	NA	susceptible	NA	susceptible	NA	NA	NA	NA	NA	NA	NA	NA	NA	NA	NA
562.5459	NA	NA	NA	NA	NA	NA	NA	NA	NA	NA	NA	NA	NA	NA	NA	resistant*	NA	NA	susceptible*	NA	NA	NA	NA	NA	susceptible*	NA	NA	NA	NA	NA	NA	NA	NA	NA	susceptible*	NA	NA	NA	NA
562.5458	NA	NA	NA	susceptible*	NA	NA	NA	NA	NA	NA	NA	NA	NA	NA	NA	susceptible*	NA	NA	NA	NA	NA	NA	NA	NA	susceptible*	NA	NA	NA	NA	NA	NA	NA	NA	NA	NA	NA	NA	NA	NA
562.5457	NA	NA	NA	susceptible*	NA	NA	NA	NA	NA	NA	NA	NA	NA	NA	NA	susceptible*	NA	NA	NA	NA	NA	NA	NA	NA	susceptible*	NA	NA	NA	NA	NA	NA	NA	NA	NA	NA	NA	NA	NA	NA
562.5456	NA	NA	NA	NA	NA	NA	NA	NA	NA	NA	NA	NA	NA	NA	NA	susceptible*	NA	NA	NA	NA	NA	NA	NA	NA	susceptible*	NA	NA	NA	NA	NA	NA	NA	NA	NA	NA	NA	NA	NA	NA
562.5455	NA	NA	NA	NA	NA	NA	NA	NA	NA	NA	NA	NA	NA	NA	NA	resistant*	NA	NA	NA	NA	NA	NA	NA	NA	susceptible*	NA	NA	NA	NA	NA	NA	NA	NA	NA	NA	NA	NA	NA	NA
562.5454	NA	NA	NA	NA	NA	NA	NA	NA	NA	NA	NA	NA	NA	NA	NA	susceptible*	NA	NA	NA	NA	NA	NA	NA	NA	susceptible*	NA	NA	NA	NA	NA	NA	NA	NA	NA	NA	NA	NA	NA	NA
562.5453	NA	NA	NA	NA	NA	NA	NA	NA	NA	NA	NA	NA	NA	NA	NA	susceptible*	NA	NA	susceptible*	NA	NA	NA	NA	NA	susceptible*	NA	NA	NA	NA	NA	NA	NA	NA	NA	NA	NA	NA	NA	NA
562.546	NA	NA	NA	NA	NA	NA	NA	NA	NA	NA	NA	NA	NA	NA	NA	resistant*	NA	NA	susceptible*	NA	NA	NA	NA	NA	susceptible*	NA	NA	NA	NA	NA	NA	NA	NA	NA	susceptible*	NA	NA	NA	NA
562.5452	NA	NA	NA	NA	NA	NA	NA	NA	NA	NA	NA	NA	NA	NA	NA	resistant*	NA	NA	NA	NA	NA	NA	NA	NA	susceptible*	NA	NA	NA	NA	NA	NA	NA	NA	NA	NA	NA	NA	NA	NA
562.545	NA	NA	NA	NA	NA	NA	NA	NA	NA	NA	NA	NA	NA	NA	NA	resistant*	NA	NA	NA	NA	NA	NA	NA	NA	susceptible*	NA	NA	NA	NA	NA	NA	NA	NA	NA	NA	NA	NA	NA	NA
562.5449	NA	NA	NA	susceptible*	NA	NA	NA	NA	NA	NA	NA	NA	NA	NA	NA	susceptible*	NA	NA	susceptible*	NA	NA	NA	NA	NA	susceptible*	NA	NA	NA	NA	NA	NA	NA	NA	NA	NA	NA	NA	NA	NA
562.5448	NA	NA	NA	susceptible*	NA	NA	NA	NA	NA	NA	NA	NA	NA	NA	NA	susceptible*	NA	NA	susceptible*	NA	NA	NA	NA	NA	susceptible*	NA	NA	NA	NA	NA	NA	NA	NA	NA	NA	NA	NA	NA	NA
562.5447	NA	NA	NA	NA	NA	NA	NA	NA	NA	NA	NA	NA	NA	NA	NA	susceptible*	NA	NA	resistant*	NA	NA	NA	NA	NA	NA	NA	NA	NA	NA	NA	NA	NA	NA	NA	NA	NA	NA	NA	NA
562.5446	NA	NA	NA	NA	NA	NA	NA	NA	NA	NA	NA	NA	NA	NA	NA	susceptible*	NA	NA	susceptible*	NA	NA	NA	NA	NA	susceptible*	NA	NA	NA	NA	NA	NA	NA	NA	NA	NA	NA	NA	NA	NA
562.5445	NA	NA	NA	susceptible*	NA	NA	NA	NA	NA	NA	NA	NA	NA	NA	NA	susceptible*	NA	NA	susceptible*	NA	NA	NA	NA	NA	susceptible*	NA	NA	NA	NA	NA	NA	NA	NA	NA	NA	NA	NA	NA	NA
562.5444	NA	NA	NA	NA	NA	NA	NA	NA	NA	NA	NA	NA	NA	NA	NA	resistant*	NA	NA	NA	NA	NA	NA	NA	NA	susceptible*	NA	NA	NA	NA	NA	NA	NA	NA	NA	NA	NA	NA	NA	NA
562.5451	NA	NA	NA	susceptible*	NA	NA	NA	NA	NA	NA	NA	NA	NA	NA	NA	susceptible*	NA	NA	susceptible*	NA	NA	NA	NA	NA	susceptible*	NA	NA	NA	NA	NA	NA	NA	NA	NA	NA	NA	NA	NA	NA
562.56793	NA	NA	NA	resistant	NA	NA	NA	NA	NA	NA	resistant	NA	resistant	resistant	NA	NA	NA	NA	NA	susceptible	NA	NA	NA	NA	NA	susceptible	NA	susceptible	NA	NA	NA	NA	NA	NA	NA	NA	NA	NA	NA
562.5461	NA	NA	NA	susceptible*	NA	NA	NA	NA	NA	NA	NA	NA	NA	NA	NA	susceptible*	NA	NA	NA	NA	NA	NA	NA	NA	susceptible*	NA	NA	NA	NA	NA	NA	NA	NA	NA	NA	NA	NA	NA	NA
562.5464	NA	NA	NA	NA	NA	NA	NA	NA	NA	NA	NA	NA	NA	NA	NA	resistant*	NA	NA	susceptible*	NA	NA	NA	NA	NA	susceptible*	NA	NA	NA	NA	NA	NA	NA	NA	NA	NA	NA	NA	NA	NA
562.56789	NA	NA	NA	resistant	NA	NA	NA	NA	NA	NA	resistant	NA	resistant	resistant	NA	NA	NA	NA	NA	susceptible	NA	NA	NA	NA	NA	susceptible	NA	susceptible	NA	NA	NA	NA	NA	NA	NA	NA	NA	NA	NA
562.56778	NA	NA	NA	resistant	NA	NA	NA	NA	NA	NA	resistant	NA	resistant	resistant	NA	NA	NA	NA	NA	susceptible	NA	NA	NA	NA	NA	susceptible	NA	susceptible	NA	NA	NA	NA	NA	NA	NA	NA	NA	NA	NA
562.56774	NA	NA	NA	resistant	NA	NA	NA	NA	NA	NA	resistant	NA	resistant	resistant	NA	NA	NA	NA	NA	susceptible	NA	NA	NA	NA	NA	susceptible	NA	susceptible	NA	NA	NA	NA	NA	NA	NA	NA	NA	NA	NA
562.56771	NA	NA	NA	resistant	NA	NA	NA	NA	NA	NA	resistant	NA	resistant	resistant	NA	NA	NA	NA	resistant	susceptible	NA	NA	NA	NA	NA	susceptible	NA	susceptible	NA	NA	NA	NA	NA	NA	NA	NA	NA	NA	NA
562.56769	NA	NA	NA	resistant	NA	NA	NA	NA	NA	NA	resistant	NA	resistant	resistant	NA	NA	NA	NA	resistant	susceptible	NA	NA	NA	NA	NA	susceptible	NA	susceptible	NA	NA	NA	NA	NA	NA	NA	NA	NA	NA	NA
562.56767	NA	NA	NA	resistant	NA	NA	NA	NA	NA	NA	resistant	NA	resistant	resistant	NA	NA	NA	NA	resistant	susceptible	NA	NA	NA	NA	NA	susceptible	NA	susceptible	NA	NA	NA	NA	NA	NA	NA	NA	NA	NA	NA
562.56766	NA	NA	NA	resistant	NA	NA	NA	NA	NA	NA	resistant	NA	resistant	resistant	NA	NA	NA	NA	resistant	susceptible	NA	NA	NA	NA	NA	susceptible	NA	susceptible	NA	NA	NA	NA	NA	NA	NA	NA	NA	NA	NA
562.5462	NA	NA	NA	NA	NA	NA	NA	NA	NA	NA	NA	NA	NA	NA	NA	resistant*	NA	NA	susceptible*	NA	NA	NA	NA	NA	susceptible*	NA	NA	NA	NA	NA	NA	NA	NA	NA	NA	NA	NA	NA	NA
562.56765	NA	NA	NA	resistant	NA	NA	NA	NA	NA	NA	resistant	NA	resistant	resistant	NA	NA	NA	NA	NA	susceptible	NA	NA	NA	NA	NA	susceptible	NA	susceptible	NA	NA	NA	NA	NA	NA	NA	NA	NA	NA	NA
562.56762	NA	NA	NA	resistant	NA	NA	NA	NA	NA	NA	resistant	NA	resistant	resistant	NA	NA	NA	NA	resistant	susceptible	NA	NA	NA	NA	NA	susceptible	NA	susceptible	NA	NA	NA	NA	NA	NA	NA	NA	NA	NA	NA
562.5676	NA	NA	NA	NA	NA	NA	NA	NA	NA	NA	NA	NA	NA	NA	NA	susceptible*	NA	NA	susceptible*	NA	NA	NA	NA	NA	susceptible*	NA	NA	NA	NA	NA	NA	NA	NA	NA	NA	NA	NA	NA	NA
562.5471	NA	NA	NA	susceptible*	NA	NA	NA	NA	NA	NA	NA	NA	NA	NA	NA	susceptible*	NA	NA	susceptible*	NA	NA	NA	NA	NA	susceptible*	NA	NA	NA	NA	NA	NA	NA	NA	NA	NA	NA	NA	NA	NA
562.5468	NA	NA	NA	NA	NA	NA	NA	NA	NA	NA	NA	NA	NA	NA	NA	susceptible*	NA	NA	susceptible*	NA	NA	NA	NA	NA	susceptible*	NA	NA	NA	NA	NA	NA	NA	NA	NA	NA	NA	NA	NA	NA
562.5467	NA	NA	NA	NA	NA	NA	NA	NA	NA	NA	NA	NA	NA	NA	NA	susceptible*	NA	NA	NA	NA	NA	NA	NA	NA	susceptible*	NA	NA	NA	NA	NA	NA	NA	NA	NA	NA	NA	NA	NA	NA
562.5466	NA	NA	NA	NA	NA	NA	NA	NA	NA	NA	NA	NA	NA	NA	NA	susceptible*	NA	NA	resistant*	NA	NA	NA	NA	NA	susceptible*	NA	NA	NA	NA	NA	NA	NA	NA	NA	NA	NA	NA	NA	NA
562.5465	NA	NA	NA	NA	NA	NA	NA	NA	NA	NA	NA	NA	NA	NA	NA	susceptible*	NA	NA	susceptible*	NA	NA	NA	NA	NA	susceptible*	NA	NA	NA	NA	NA	NA	NA	NA	NA	NA	NA	NA	NA	NA
562.56763	NA	NA	NA	resistant	NA	NA	NA	NA	NA	NA	resistant	NA	resistant	resistant	NA	NA	NA	NA	NA	susceptible	NA	NA	NA	NA	NA	susceptible	NA	susceptible	NA	NA	NA	NA	NA	NA	NA	NA	NA	NA	NA
562.57231	NA	NA	NA	susceptible	NA	NA	NA	susceptible	NA	NA	susceptible	NA	NA	susceptible	NA	NA	susceptible	NA	susceptible	NA	NA	NA	NA	NA	susceptible	NA	NA	NA	NA	NA	NA	NA	NA	NA	NA	NA	susceptible	susceptible	NA
562.57232	NA	NA	NA	resistant	NA	NA	NA	susceptible	NA	NA	susceptible	NA	NA	resistant	NA	NA	susceptible	NA	susceptible	NA	NA	NA	NA	NA	susceptible	NA	NA	NA	NA	NA	NA	NA	NA	NA	NA	NA	susceptible	susceptible	NA
562.57233	NA	NA	NA	susceptible	NA	NA	NA	susceptible	NA	NA	susceptible	NA	NA	susceptible	NA	NA	susceptible	NA	susceptible	NA	NA	NA	NA	NA	susceptible	NA	NA	NA	NA	NA	NA	NA	NA	NA	NA	NA	susceptible	susceptible	NA
562.7632	susceptible	NA	NA	resistant	NA	susceptible	NA	NA	NA	susceptible	NA	NA	NA	susceptible	NA	NA	NA	NA	susceptible	NA	NA	NA	NA	NA	susceptible	NA	NA	susceptible	NA	NA	intermediate	NA	resistant	resistant	NA	NA	susceptible	resistant	NA
562.7633	susceptible	NA	NA	resistant	NA	susceptible	NA	NA	NA	susceptible	NA	NA	NA	susceptible	NA	NA	NA	NA	susceptible	NA	NA	NA	NA	NA	susceptible	NA	NA	susceptible	NA	NA	susceptible	NA	resistant	resistant	NA	NA	susceptible	resistant	NA
562.7634	susceptible	NA	NA	resistant	NA	susceptible	NA	NA	NA	susceptible	NA	NA	NA	susceptible	NA	NA	NA	NA	susceptible	NA	NA	NA	NA	NA	susceptible	NA	NA	susceptible	NA	NA	susceptible	NA	resistant	resistant	NA	NA	susceptible	resistant	NA
562.7635	susceptible	NA	NA	susceptible	NA	susceptible	NA	NA	NA	susceptible	NA	NA	NA	susceptible	NA	NA	NA	NA	susceptible	NA	NA	NA	NA	NA	susceptible	NA	NA	susceptible	NA	NA	susceptible	NA	susceptible	resistant	NA	NA	susceptible	resistant	NA
562.7636	susceptible	NA	NA	susceptible	NA	susceptible	NA	NA	NA	susceptible	NA	NA	NA	susceptible	NA	NA	NA	NA	susceptible	NA	NA	NA	NA	NA	susceptible	NA	NA	susceptible	NA	NA	susceptible	NA	susceptible	susceptible	NA	NA	susceptible	susceptible	NA
562.7637	susceptible	NA	NA	resistant	NA	susceptible	NA	NA	NA	susceptible	NA	NA	NA	susceptible	NA	NA	NA	NA	susceptible	NA	NA	NA	NA	NA	susceptible	NA	NA	susceptible	NA	NA	susceptible	NA	resistant	resistant	NA	NA	susceptible	resistant	NA
562.7638	susceptible	NA	NA	resistant	NA	susceptible	NA	NA	NA	susceptible	NA	NA	NA	susceptible	NA	NA	NA	NA	susceptible	NA	NA	NA	NA	NA	susceptible	NA	NA	susceptible	NA	NA	susceptible	NA	susceptible	susceptible	NA	NA	susceptible	susceptible	NA
562.7631	susceptible	NA	NA	susceptible	NA	susceptible	NA	NA	NA	susceptible	NA	NA	NA	susceptible	NA	NA	NA	NA	susceptible	NA	NA	NA	NA	NA	susceptible	NA	NA	susceptible	NA	NA	susceptible	NA	susceptible	susceptible	NA	NA	susceptible	susceptible	NA
562.7639	susceptible	NA	NA	resistant	NA	resistant	NA	NA	NA	susceptible	NA	NA	NA	susceptible	NA	NA	NA	NA	susceptible	NA	NA	NA	NA	NA	susceptible	NA	NA	susceptible	NA	NA	resistant	NA	susceptible	susceptible	NA	NA	susceptible	susceptible	NA
562.7642	susceptible	NA	NA	resistant	NA	susceptible	NA	NA	NA	susceptible	NA	NA	NA	susceptible	NA	NA	NA	NA	susceptible	NA	NA	NA	NA	NA	susceptible	NA	NA	susceptible	NA	NA	susceptible	NA	susceptible	susceptible	NA	NA	susceptible	susceptible	NA
562.7643	susceptible	NA	NA	resistant	NA	susceptible	NA	NA	NA	susceptible	NA	NA	NA	susceptible	NA	NA	NA	NA	susceptible	NA	NA	NA	NA	NA	susceptible	NA	NA	susceptible	NA	NA	susceptible	NA	resistant	resistant	NA	NA	susceptible	resistant	NA
562.7644	susceptible	NA	NA	resistant	NA	susceptible	NA	NA	NA	susceptible	NA	NA	NA	susceptible	NA	NA	NA	NA	susceptible	NA	NA	NA	NA	NA	susceptible	NA	NA	susceptible	NA	NA	susceptible	NA	resistant	resistant	NA	NA	susceptible	resistant	NA
562.7645	susceptible	NA	NA	resistant	NA	susceptible	NA	NA	NA	susceptible	NA	NA	NA	susceptible	NA	NA	NA	NA	susceptible	NA	NA	NA	NA	NA	susceptible	NA	NA	susceptible	NA	NA	susceptible	NA	resistant	resistant	NA	NA	susceptible	resistant	NA
562.7646	susceptible	NA	NA	susceptible	NA	susceptible	NA	NA	NA	susceptible	NA	NA	NA	susceptible	NA	NA	NA	NA	susceptible	NA	NA	NA	NA	NA	susceptible	NA	NA	susceptible	NA	NA	susceptible	NA	susceptible	susceptible	NA	NA	susceptible	susceptible	NA
562.7647	susceptible	NA	NA	resistant	NA	susceptible	NA	NA	NA	susceptible	NA	NA	NA	susceptible	NA	NA	NA	NA	susceptible	NA	NA	NA	NA	NA	susceptible	NA	NA	susceptible	NA	NA	susceptible	NA	susceptible	susceptible	NA	NA	susceptible	susceptible	NA
562.7648	susceptible	NA	NA	resistant	NA	susceptible	NA	NA	NA	susceptible	NA	NA	NA	susceptible	NA	NA	NA	NA	susceptible	NA	NA	NA	NA	NA	susceptible	NA	NA	susceptible	NA	NA	susceptible	NA	susceptible	resistant	NA	NA	susceptible	resistant	NA
562.764	susceptible	NA	NA	resistant	NA	susceptible	NA	NA	NA	susceptible	NA	NA	NA	susceptible	NA	NA	NA	NA	susceptible	NA	NA	NA	NA	NA	susceptible	NA	NA	susceptible	NA	NA	resistant	NA	susceptible	susceptible	NA	NA	susceptible	susceptible	NA
562.7649	susceptible	NA	NA	resistant	NA	susceptible	NA	NA	NA	susceptible	NA	NA	NA	susceptible	NA	NA	NA	NA	susceptible	NA	NA	NA	NA	NA	susceptible	NA	NA	susceptible	NA	NA	susceptible	NA	resistant	resistant	NA	NA	susceptible	resistant	NA
562.7629	susceptible	NA	NA	susceptible	NA	susceptible	NA	NA	NA	susceptible	NA	NA	NA	susceptible	NA	NA	NA	NA	susceptible	NA	NA	NA	NA	NA	susceptible	NA	NA	susceptible	NA	NA	susceptible	NA	susceptible	susceptible	NA	NA	susceptible	susceptible	NA
562.7626	susceptible	NA	NA	resistant	NA	susceptible	NA	NA	NA	susceptible	NA	NA	NA	susceptible	NA	NA	NA	NA	susceptible	NA	NA	NA	NA	NA	susceptible	NA	NA	susceptible	NA	NA	susceptible	NA	susceptible	resistant	NA	NA	susceptible	resistant	NA
562.7575	susceptible	NA	NA	resistant	NA	susceptible	NA	NA	NA	susceptible	NA	NA	NA	susceptible	NA	NA	NA	NA	susceptible	NA	NA	NA	NA	NA	susceptible	NA	NA	susceptible	NA	NA	susceptible	NA	susceptible	resistant	NA	NA	susceptible	resistant	NA
562.7576	susceptible	NA	NA	resistant	NA	susceptible	NA	NA	NA	susceptible	NA	NA	NA	susceptible	NA	NA	NA	NA	susceptible	NA	NA	NA	NA	NA	susceptible	NA	NA	susceptible	NA	NA	susceptible	NA	susceptible	resistant	NA	NA	susceptible	resistant	NA
562.7577	susceptible	NA	NA	resistant	NA	susceptible	NA	NA	NA	susceptible	NA	NA	NA	susceptible	NA	NA	NA	NA	susceptible	NA	NA	NA	NA	NA	susceptible	NA	NA	susceptible	NA	NA	susceptible	NA	resistant	resistant	NA	NA	susceptible	resistant	NA
562.7578	susceptible	NA	NA	resistant	NA	resistant	NA	NA	NA	susceptible	NA	NA	NA	susceptible	NA	NA	NA	NA	susceptible	NA	NA	NA	NA	NA	susceptible	NA	NA	susceptible	NA	NA	resistant	NA	susceptible	susceptible	NA	NA	susceptible	susceptible	NA
562.7579	susceptible	NA	NA	susceptible	NA	susceptible	NA	NA	NA	susceptible	NA	NA	NA	susceptible	NA	NA	NA	NA	susceptible	NA	NA	NA	NA	NA	susceptible	NA	NA	susceptible	NA	NA	susceptible	NA	susceptible	susceptible	NA	NA	susceptible	susceptible	NA
562.758	susceptible	NA	NA	susceptible	NA	resistant	NA	NA	NA	susceptible	NA	NA	NA	susceptible	NA	NA	NA	NA	susceptible	NA	NA	NA	NA	NA	susceptible	NA	NA	susceptible	NA	NA	resistant	NA	susceptible	susceptible	NA	NA	susceptible	susceptible	NA
562.7581	susceptible	NA	NA	resistant	NA	susceptible	NA	NA	NA	susceptible	NA	NA	NA	susceptible	NA	NA	NA	NA	susceptible	NA	NA	NA	NA	NA	susceptible	NA	NA	susceptible	NA	NA	susceptible	NA	resistant	resistant	NA	NA	susceptible	resistant	NA
562.7628	susceptible	NA	NA	resistant	NA	susceptible	NA	NA	NA	susceptible	NA	NA	NA	susceptible	NA	NA	NA	NA	susceptible	NA	NA	NA	NA	NA	susceptible	NA	NA	susceptible	NA	NA	susceptible	NA	susceptible	resistant	NA	NA	susceptible	resistant	NA
562.7582	susceptible	NA	NA	resistant	NA	susceptible	NA	NA	NA	susceptible	NA	NA	NA	susceptible	NA	NA	NA	NA	susceptible	NA	NA	NA	NA	NA	susceptible	NA	NA	susceptible	NA	NA	susceptible	NA	resistant	resistant	NA	NA	susceptible	resistant	NA
562.7584	susceptible	NA	NA	resistant	NA	susceptible	NA	NA	NA	susceptible	NA	NA	NA	susceptible	NA	NA	NA	NA	susceptible	NA	NA	NA	NA	NA	susceptible	NA	NA	susceptible	NA	NA	susceptible	NA	resistant	resistant	NA	NA	susceptible	resistant	NA
562.7617	susceptible	NA	NA	resistant	NA	susceptible	NA	NA	NA	susceptible	NA	NA	NA	susceptible	NA	NA	NA	NA	susceptible	NA	NA	NA	NA	NA	susceptible	NA	NA	susceptible	NA	NA	susceptible	NA	resistant	resistant	NA	NA	susceptible	resistant	NA
562.7618	susceptible	NA	NA	susceptible	NA	susceptible	NA	NA	NA	susceptible	NA	NA	NA	susceptible	NA	NA	NA	NA	susceptible	NA	NA	NA	NA	NA	susceptible	NA	NA	susceptible	NA	NA	susceptible	NA	susceptible	susceptible	NA	NA	susceptible	susceptible	NA
562.7619	susceptible	NA	NA	susceptible	NA	susceptible	NA	NA	NA	susceptible	NA	NA	NA	susceptible	NA	NA	NA	NA	susceptible	NA	NA	NA	NA	NA	susceptible	NA	NA	susceptible	NA	NA	susceptible	NA	susceptible	susceptible	NA	NA	susceptible	susceptible	NA
562.7623	susceptible	NA	NA	susceptible	NA	susceptible	NA	NA	NA	susceptible	NA	NA	NA	susceptible	NA	NA	NA	NA	susceptible	NA	NA	NA	NA	NA	susceptible	NA	NA	susceptible	NA	NA	susceptible	NA	susceptible	susceptible	NA	NA	susceptible	susceptible	NA
562.7624	susceptible	NA	NA	resistant	NA	susceptible	NA	NA	NA	susceptible	NA	NA	NA	susceptible	NA	NA	NA	NA	susceptible	NA	NA	NA	NA	NA	susceptible	NA	NA	susceptible	NA	NA	susceptible	NA	susceptible	resistant	NA	NA	susceptible	resistant	NA
562.7625	susceptible	NA	NA	resistant	NA	susceptible	NA	NA	NA	susceptible	NA	NA	NA	susceptible	NA	NA	NA	NA	susceptible	NA	NA	NA	NA	NA	susceptible	NA	NA	susceptible	NA	NA	susceptible	NA	susceptible	resistant	NA	NA	susceptible	resistant	NA
562.7583	susceptible	NA	NA	resistant	NA	susceptible	NA	NA	NA	susceptible	NA	NA	NA	susceptible	NA	NA	NA	NA	susceptible	NA	NA	NA	NA	NA	susceptible	NA	NA	susceptible	NA	NA	susceptible	NA	resistant	resistant	NA	NA	susceptible	resistant	NA
562.7573	susceptible	NA	NA	resistant	NA	resistant	NA	NA	NA	susceptible	NA	NA	NA	susceptible	NA	NA	NA	NA	resistant	NA	NA	NA	NA	NA	resistant	NA	NA	susceptible	NA	NA	resistant	NA	susceptible	resistant	NA	NA	resistant	resistant	NA
562.765	susceptible	NA	NA	susceptible	NA	susceptible	NA	NA	NA	susceptible	NA	NA	NA	susceptible	NA	NA	NA	NA	susceptible	NA	NA	NA	NA	NA	susceptible	NA	NA	susceptible	NA	NA	susceptible	NA	susceptible	susceptible	NA	NA	susceptible	susceptible	NA
562.7653	susceptible	NA	NA	resistant	NA	susceptible	NA	NA	NA	susceptible	NA	NA	NA	susceptible	NA	NA	NA	NA	susceptible	NA	NA	NA	NA	NA	susceptible	NA	NA	susceptible	NA	NA	susceptible	NA	resistant	resistant	NA	NA	susceptible	resistant	NA
562.7678	susceptible	NA	NA	resistant	NA	susceptible	NA	NA	NA	susceptible	NA	NA	NA	susceptible	NA	NA	NA	NA	susceptible	NA	NA	NA	NA	NA	susceptible	NA	NA	susceptible	NA	NA	susceptible	NA	resistant	resistant	NA	NA	susceptible	resistant	NA
562.7679	susceptible	NA	NA	resistant	NA	susceptible	NA	NA	NA	susceptible	NA	NA	NA	susceptible	NA	NA	NA	NA	susceptible	NA	NA	NA	NA	NA	susceptible	NA	NA	susceptible	NA	NA	susceptible	NA	resistant	resistant	NA	NA	susceptible	resistant	NA
562.768	susceptible	NA	NA	resistant	NA	susceptible	NA	NA	NA	susceptible	NA	NA	NA	susceptible	NA	NA	NA	NA	susceptible	NA	NA	NA	NA	NA	susceptible	NA	NA	susceptible	NA	NA	susceptible	NA	susceptible	susceptible	NA	NA	susceptible	susceptible	NA
562.7681	susceptible	NA	NA	susceptible	NA	susceptible	NA	NA	NA	susceptible	NA	NA	NA	susceptible	NA	NA	NA	NA	susceptible	NA	NA	NA	NA	NA	susceptible	NA	NA	susceptible	NA	NA	susceptible	NA	susceptible	resistant	NA	NA	susceptible	resistant	NA
562.7682	susceptible	NA	NA	susceptible	NA	susceptible	NA	NA	NA	susceptible	NA	NA	NA	susceptible	NA	NA	NA	NA	susceptible	NA	NA	NA	NA	NA	susceptible	NA	NA	susceptible	NA	NA	susceptible	NA	susceptible	resistant	NA	NA	susceptible	resistant	NA
562.7684	susceptible	NA	NA	susceptible	NA	susceptible	NA	NA	NA	susceptible	NA	NA	NA	susceptible	NA	NA	NA	NA	susceptible	NA	NA	NA	NA	NA	susceptible	NA	NA	susceptible	NA	NA	susceptible	NA	susceptible	susceptible	NA	NA	susceptible	susceptible	NA
562.7686	susceptible	NA	NA	resistant	NA	susceptible	NA	NA	NA	susceptible	NA	NA	NA	susceptible	NA	NA	NA	NA	susceptible	NA	NA	NA	NA	NA	susceptible	NA	NA	susceptible	NA	NA	resistant	NA	resistant	resistant	NA	NA	susceptible	resistant	NA
562.7677	susceptible	NA	NA	susceptible	NA	susceptible	NA	NA	NA	susceptible	NA	NA	NA	susceptible	NA	NA	NA	NA	susceptible	NA	NA	NA	NA	NA	susceptible	NA	NA	susceptible	NA	NA	susceptible	NA	susceptible	susceptible	NA	NA	susceptible	susceptible	NA
562.7687	susceptible	NA	NA	susceptible	NA	susceptible	NA	NA	NA	susceptible	NA	NA	NA	susceptible	NA	NA	NA	NA	susceptible	NA	NA	NA	NA	NA	susceptible	NA	NA	susceptible	NA	NA	susceptible	NA	susceptible	susceptible	NA	NA	susceptible	susceptible	NA
562.7689	susceptible	NA	NA	resistant	NA	susceptible	NA	NA	NA	susceptible	NA	NA	NA	susceptible	NA	NA	NA	NA	susceptible	NA	NA	NA	NA	NA	susceptible	NA	NA	susceptible	NA	NA	susceptible	NA	susceptible	resistant	NA	NA	susceptible	resistant	NA
562.769	susceptible	NA	NA	susceptible	NA	susceptible	NA	NA	NA	susceptible	NA	NA	NA	susceptible	NA	NA	NA	NA	susceptible	NA	NA	NA	NA	NA	susceptible	NA	NA	susceptible	NA	NA	susceptible	NA	susceptible	susceptible	NA	NA	susceptible	susceptible	NA
562.7691	susceptible	NA	NA	resistant	NA	susceptible	NA	NA	NA	susceptible	NA	NA	NA	resistant	NA	NA	NA	NA	susceptible	NA	NA	NA	NA	NA	susceptible	NA	NA	susceptible	NA	NA	resistant	NA	resistant	resistant	NA	NA	susceptible	resistant	NA
562.7693	susceptible	NA	NA	susceptible	NA	resistant	NA	NA	NA	susceptible	NA	NA	NA	susceptible	NA	NA	NA	NA	resistant	NA	NA	NA	NA	NA	susceptible	NA	NA	susceptible	NA	NA	resistant	NA	susceptible	resistant	NA	NA	susceptible	resistant	NA
562.7695	susceptible	NA	NA	resistant	NA	susceptible	NA	NA	NA	susceptible	NA	NA	NA	resistant	NA	NA	NA	NA	susceptible	NA	NA	NA	NA	NA	susceptible	NA	NA	susceptible	NA	NA	resistant	NA	susceptible	susceptible	NA	NA	susceptible	susceptible	NA
562.7696	susceptible	NA	NA	resistant	NA	susceptible	NA	NA	NA	susceptible	NA	NA	NA	susceptible	NA	NA	NA	NA	susceptible	NA	NA	NA	NA	NA	susceptible	NA	NA	susceptible	NA	NA	resistant	NA	susceptible	resistant	NA	NA	susceptible	resistant	NA
562.7697	susceptible	NA	NA	resistant	NA	susceptible	NA	NA	NA	susceptible	NA	NA	NA	susceptible	NA	NA	NA	NA	susceptible	NA	NA	NA	NA	NA	susceptible	NA	NA	susceptible	NA	NA	susceptible	NA	resistant	resistant	NA	NA	susceptible	resistant	NA
562.7688	susceptible	NA	NA	resistant	NA	susceptible	NA	NA	NA	susceptible	NA	NA	NA	susceptible	NA	NA	NA	NA	susceptible	NA	NA	NA	NA	NA	susceptible	NA	NA	susceptible	NA	NA	susceptible	NA	resistant	resistant	NA	NA	susceptible	resistant	NA
562.7652	susceptible	NA	NA	resistant	NA	resistant	NA	NA	NA	susceptible	NA	NA	NA	susceptible	NA	NA	NA	NA	susceptible	NA	NA	NA	NA	NA	susceptible	NA	NA	susceptible	NA	NA	susceptible	NA	susceptible	susceptible	NA	NA	susceptible	susceptible	NA
562.7674	susceptible	NA	NA	resistant	NA	susceptible	NA	NA	NA	resistant	NA	NA	NA	resistant	NA	NA	NA	NA	susceptible	NA	NA	NA	NA	NA	susceptible	NA	NA	susceptible	NA	NA	intermediate	NA	resistant	resistant	NA	NA	susceptible	resistant	NA
562.7672	susceptible	NA	NA	susceptible	NA	susceptible	NA	NA	NA	susceptible	NA	NA	NA	susceptible	NA	NA	NA	NA	susceptible	NA	NA	NA	NA	NA	susceptible	NA	NA	susceptible	NA	NA	susceptible	NA	susceptible	resistant	NA	NA	susceptible	resistant	NA
562.7655	susceptible	NA	NA	resistant	NA	resistant	NA	NA	NA	susceptible	NA	NA	NA	susceptible	NA	NA	NA	NA	susceptible	NA	NA	NA	NA	NA	susceptible	NA	NA	susceptible	NA	NA	susceptible	NA	resistant	resistant	NA	NA	susceptible	resistant	NA
562.7656	susceptible	NA	NA	resistant	NA	susceptible	NA	NA	NA	susceptible	NA	NA	NA	susceptible	NA	NA	NA	NA	susceptible	NA	NA	NA	NA	NA	susceptible	NA	NA	susceptible	NA	NA	susceptible	NA	susceptible	susceptible	NA	NA	susceptible	susceptible	NA
562.7657	susceptible	NA	NA	resistant	NA	susceptible	NA	NA	NA	susceptible	NA	NA	NA	susceptible	NA	NA	NA	NA	susceptible	NA	NA	NA	NA	NA	susceptible	NA	NA	susceptible	NA	NA	susceptible	NA	resistant	resistant	NA	NA	susceptible	resistant	NA
562.7658	susceptible	NA	NA	susceptible	NA	susceptible	NA	NA	NA	susceptible	NA	NA	NA	susceptible	NA	NA	NA	NA	susceptible	NA	NA	NA	NA	NA	susceptible	NA	NA	susceptible	NA	NA	susceptible	NA	susceptible	susceptible	NA	NA	susceptible	susceptible	NA
562.7659	susceptible	NA	NA	susceptible	NA	susceptible	NA	NA	NA	susceptible	NA	NA	NA	susceptible	NA	NA	NA	NA	susceptible	NA	NA	NA	NA	NA	susceptible	NA	NA	susceptible	NA	NA	susceptible	NA	susceptible	susceptible	NA	NA	susceptible	susceptible	NA
562.766	susceptible	NA	NA	resistant	NA	susceptible	NA	NA	NA	susceptible	NA	NA	NA	susceptible	NA	NA	NA	NA	resistant	NA	NA	NA	NA	NA	resistant	NA	NA	susceptible	NA	NA	resistant	NA	susceptible	susceptible	NA	NA	resistant	susceptible	NA
562.7661	susceptible	NA	NA	resistant	NA	susceptible	NA	NA	NA	susceptible	NA	NA	NA	susceptible	NA	NA	NA	NA	susceptible	NA	NA	NA	NA	NA	susceptible	NA	NA	susceptible	NA	NA	susceptible	NA	resistant	resistant	NA	NA	susceptible	resistant	NA
562.7673	susceptible	NA	NA	resistant	NA	susceptible	NA	NA	NA	susceptible	NA	NA	NA	susceptible	NA	NA	NA	NA	susceptible	NA	NA	NA	NA	NA	susceptible	NA	NA	susceptible	NA	NA	susceptible	NA	susceptible	resistant	NA	NA	susceptible	resistant	NA
562.7662	susceptible	NA	NA	resistant	NA	susceptible	NA	NA	NA	susceptible	NA	NA	NA	susceptible	NA	NA	NA	NA	susceptible	NA	NA	NA	NA	NA	susceptible	NA	NA	susceptible	NA	NA	susceptible	NA	susceptible	resistant	NA	NA	susceptible	resistant	NA
562.7664	susceptible	NA	NA	resistant	NA	susceptible	NA	NA	NA	susceptible	NA	NA	NA	susceptible	NA	NA	NA	NA	susceptible	NA	NA	NA	NA	NA	susceptible	NA	NA	susceptible	NA	NA	susceptible	NA	resistant	resistant	NA	NA	susceptible	resistant	NA
562.7665	susceptible	NA	NA	resistant	NA	susceptible	NA	NA	NA	susceptible	NA	NA	NA	susceptible	NA	NA	NA	NA	susceptible	NA	NA	NA	NA	NA	susceptible	NA	NA	susceptible	NA	NA	susceptible	NA	resistant	resistant	NA	NA	susceptible	resistant	NA
562.7666	susceptible	NA	NA	resistant	NA	susceptible	NA	NA	NA	susceptible	NA	NA	NA	susceptible	NA	NA	NA	NA	susceptible	NA	NA	NA	NA	NA	susceptible	NA	NA	susceptible	NA	NA	resistant	NA	susceptible	resistant	NA	NA	susceptible	resistant	NA
562.7668	susceptible	NA	NA	resistant	NA	susceptible	NA	NA	NA	susceptible	NA	NA	NA	susceptible	NA	NA	NA	NA	susceptible	NA	NA	NA	NA	NA	susceptible	NA	NA	susceptible	NA	NA	susceptible	NA	resistant	resistant	NA	NA	susceptible	resistant	NA
562.7669	susceptible	NA	NA	resistant	NA	susceptible	NA	NA	NA	susceptible	NA	NA	NA	susceptible	NA	NA	NA	NA	susceptible	NA	NA	NA	NA	NA	susceptible	NA	NA	susceptible	NA	NA	susceptible	NA	susceptible	susceptible	NA	NA	susceptible	susceptible	NA
562.767	susceptible	NA	NA	resistant	NA	susceptible	NA	NA	NA	susceptible	NA	NA	NA	susceptible	NA	NA	NA	NA	susceptible	NA	NA	NA	NA	NA	susceptible	NA	NA	susceptible	NA	NA	susceptible	NA	susceptible	resistant	NA	NA	susceptible	resistant	NA
562.7671	susceptible	NA	NA	resistant	NA	susceptible	NA	NA	NA	susceptible	NA	NA	NA	susceptible	NA	NA	NA	NA	susceptible	NA	NA	NA	NA	NA	susceptible	NA	NA	susceptible	NA	NA	susceptible	NA	resistant	resistant	NA	NA	susceptible	resistant	NA
562.7663	susceptible	NA	NA	resistant	NA	susceptible	NA	NA	NA	susceptible	NA	NA	NA	susceptible	NA	NA	NA	NA	susceptible	NA	NA	NA	NA	NA	susceptible	NA	NA	susceptible	NA	NA	susceptible	NA	resistant	resistant	NA	NA	susceptible	resistant	NA
562.7698	susceptible	NA	NA	resistant	NA	susceptible	NA	NA	NA	resistant	NA	NA	NA	resistant	NA	NA	NA	NA	susceptible	NA	NA	NA	NA	NA	susceptible	NA	NA	susceptible	NA	NA	resistant	NA	susceptible	susceptible	NA	NA	susceptible	susceptible	NA
562.7572	susceptible	NA	NA	resistant	NA	susceptible	NA	NA	NA	susceptible	NA	NA	NA	susceptible	NA	NA	NA	NA	resistant	NA	NA	NA	NA	NA	susceptible	NA	NA	susceptible	NA	NA	resistant	NA	susceptible	susceptible	NA	NA	susceptible	resistant	NA
562.757	susceptible	NA	NA	resistant	NA	susceptible	NA	NA	NA	susceptible	NA	NA	NA	susceptible	NA	NA	NA	NA	susceptible	NA	NA	NA	NA	NA	susceptible	NA	NA	susceptible	NA	NA	susceptible	NA	susceptible	susceptible	NA	NA	susceptible	susceptible	NA
562.65752	NA	susceptible	susceptible	susceptible	NA	NA	NA	NA	NA	NA	NA	NA	NA	NA	NA	NA	NA	NA	NA	NA	NA	NA	NA	NA	NA	NA	NA	NA	NA	NA	NA	NA	NA	NA	NA	NA	NA	NA	NA
562.65753	NA	NA	susceptible	resistant	NA	NA	NA	NA	NA	NA	NA	NA	NA	NA	NA	NA	NA	NA	NA	NA	NA	NA	NA	NA	NA	NA	NA	NA	NA	NA	NA	NA	NA	NA	NA	NA	NA	NA	NA
562.65754	NA	NA	susceptible	susceptible	NA	NA	NA	NA	NA	NA	NA	NA	NA	NA	NA	NA	NA	NA	NA	NA	NA	NA	NA	NA	NA	NA	NA	NA	NA	NA	NA	NA	NA	NA	NA	NA	NA	NA	NA
562.65755	NA	NA	susceptible	resistant	NA	NA	NA	NA	NA	NA	NA	NA	NA	NA	NA	NA	NA	NA	NA	NA	NA	NA	NA	NA	NA	NA	NA	NA	NA	NA	NA	NA	NA	NA	NA	NA	NA	NA	NA
562.65756	NA	susceptible	susceptible	susceptible	NA	NA	NA	NA	NA	NA	NA	NA	NA	NA	NA	NA	NA	NA	NA	NA	NA	NA	NA	NA	NA	NA	NA	NA	NA	NA	NA	NA	NA	NA	NA	NA	NA	NA	NA
562.65757	NA	NA	susceptible	susceptible	NA	NA	NA	NA	NA	NA	NA	NA	NA	NA	NA	NA	NA	NA	NA	NA	NA	NA	NA	NA	NA	NA	NA	NA	NA	NA	NA	NA	NA	NA	NA	NA	NA	NA	NA
562.65758	NA	susceptible	susceptible	resistant	NA	NA	NA	NA	NA	NA	NA	NA	NA	NA	NA	NA	NA	NA	NA	NA	NA	NA	NA	NA	NA	NA	NA	NA	NA	NA	NA	NA	NA	NA	NA	NA	NA	NA	NA
562.65751	NA	NA	susceptible	susceptible	NA	NA	NA	NA	NA	NA	NA	NA	NA	NA	NA	NA	NA	NA	NA	NA	NA	NA	NA	NA	NA	NA	NA	NA	NA	NA	NA	NA	NA	NA	NA	NA	NA	NA	NA
562.65759	NA	NA	resistant	resistant	NA	NA	NA	NA	NA	NA	NA	NA	NA	NA	NA	NA	NA	NA	NA	NA	NA	NA	NA	NA	NA	NA	NA	NA	NA	NA	NA	NA	NA	NA	NA	NA	NA	NA	NA
562.65761	NA	NA	susceptible	susceptible	NA	NA	NA	NA	NA	NA	NA	NA	NA	NA	NA	NA	NA	NA	NA	NA	NA	NA	NA	NA	NA	NA	NA	NA	NA	NA	NA	NA	NA	NA	NA	NA	NA	NA	NA
562.65762	NA	NA	resistant	resistant	NA	NA	NA	NA	NA	NA	NA	NA	NA	NA	NA	NA	NA	NA	NA	NA	NA	NA	NA	NA	NA	NA	NA	NA	NA	NA	NA	NA	NA	NA	NA	NA	NA	NA	NA
562.65763	NA	susceptible	susceptible	resistant	NA	NA	NA	NA	NA	NA	NA	NA	NA	NA	NA	NA	NA	NA	NA	NA	NA	NA	NA	NA	NA	NA	NA	NA	NA	NA	NA	NA	NA	NA	NA	NA	NA	NA	NA
562.65764	NA	NA	susceptible	susceptible	NA	NA	NA	NA	NA	NA	NA	NA	NA	NA	NA	NA	NA	NA	NA	NA	NA	NA	NA	NA	NA	NA	NA	NA	NA	NA	NA	NA	NA	NA	NA	NA	NA	NA	NA
562.65765	NA	susceptible	susceptible	resistant	NA	NA	NA	NA	NA	NA	NA	NA	NA	NA	NA	NA	NA	NA	NA	NA	NA	NA	NA	NA	NA	NA	NA	NA	NA	NA	NA	NA	NA	NA	NA	NA	NA	NA	NA
562.6578	NA	NA	NA	resistant*	NA	NA	NA	NA	NA	NA	NA	NA	NA	NA	NA	NA	NA	resistant	resistant*	NA	susceptible	resistant	NA	NA	susceptible*	NA	resistant	NA	resistant	NA	NA	NA	NA	NA	resistant	susceptible	NA	NA	resistant
562.65781	NA	NA	NA	resistant*	NA	NA	NA	NA	NA	NA	NA	NA	NA	NA	NA	NA	NA	resistant	resistant*	NA	susceptible	resistant	NA	NA	resistant*	NA	resistant	NA	intermediate	NA	NA	NA	NA	NA	resistant	susceptible	NA	NA	resistant
562.6576	NA	NA	resistant	resistant	NA	NA	NA	NA	NA	NA	NA	NA	NA	NA	NA	NA	NA	NA	NA	NA	NA	NA	NA	NA	NA	NA	NA	NA	NA	NA	NA	NA	NA	NA	NA	NA	NA	NA	NA
562.65783	NA	NA	NA	resistant*	NA	NA	NA	NA	NA	NA	NA	NA	NA	NA	NA	NA	NA	resistant	resistant*	NA	susceptible	resistant	NA	NA	NA	NA	resistant	NA	resistant	NA	NA	NA	NA	NA	resistant	susceptible	NA	NA	resistant
562.6575	NA	NA	susceptible	susceptible	NA	NA	NA	NA	NA	NA	NA	NA	NA	NA	NA	NA	NA	NA	NA	NA	NA	NA	NA	NA	NA	NA	NA	NA	NA	NA	NA	NA	NA	NA	NA	NA	NA	NA	NA
562.65748	NA	NA	susceptible	susceptible	NA	NA	NA	NA	NA	NA	NA	NA	NA	NA	NA	NA	NA	NA	NA	NA	NA	NA	NA	NA	NA	NA	NA	NA	NA	NA	NA	NA	NA	NA	NA	NA	NA	NA	NA
562.65732	NA	NA	susceptible	susceptible	NA	NA	NA	NA	NA	NA	NA	NA	NA	NA	NA	NA	NA	NA	NA	NA	NA	NA	NA	NA	NA	NA	NA	NA	NA	NA	NA	NA	NA	NA	NA	NA	NA	NA	NA
562.65733	NA	susceptible	susceptible	resistant	NA	NA	NA	NA	NA	NA	NA	NA	NA	NA	NA	NA	NA	NA	NA	NA	NA	NA	NA	NA	NA	NA	NA	NA	NA	NA	NA	NA	NA	NA	NA	NA	NA	NA	NA
562.65734	NA	NA	susceptible	susceptible	NA	NA	NA	NA	NA	NA	NA	NA	NA	NA	NA	NA	NA	NA	NA	NA	NA	NA	NA	NA	NA	NA	NA	NA	NA	NA	NA	NA	NA	NA	NA	NA	NA	NA	NA
562.65735	NA	NA	resistant	resistant	NA	NA	NA	NA	NA	NA	NA	NA	NA	NA	NA	NA	NA	NA	NA	NA	NA	NA	NA	NA	NA	NA	NA	NA	NA	NA	NA	NA	NA	NA	NA	NA	NA	NA	NA
562.65736	NA	resistant	resistant	resistant	NA	NA	NA	NA	NA	NA	NA	NA	NA	NA	NA	NA	NA	NA	NA	NA	NA	NA	NA	NA	NA	NA	NA	NA	NA	NA	NA	NA	NA	NA	NA	NA	NA	NA	NA
562.65737	NA	NA	susceptible	susceptible	NA	NA	NA	NA	NA	NA	NA	NA	NA	NA	NA	NA	NA	NA	NA	NA	NA	NA	NA	NA	NA	NA	NA	NA	NA	NA	NA	NA	NA	NA	NA	NA	NA	NA	NA
562.65738	NA	NA	resistant	resistant	NA	NA	NA	NA	NA	NA	NA	NA	NA	NA	NA	NA	NA	NA	NA	NA	NA	NA	NA	NA	NA	NA	NA	NA	NA	NA	NA	NA	NA	NA	NA	NA	NA	NA	NA
562.65749	NA	resistant	resistant	resistant	NA	NA	NA	NA	NA	NA	NA	NA	NA	NA	NA	NA	NA	NA	NA	NA	NA	NA	NA	NA	NA	NA	NA	NA	NA	NA	NA	NA	NA	NA	NA	NA	NA	NA	NA
562.65739	NA	resistant	resistant	resistant	NA	NA	NA	NA	NA	NA	NA	NA	NA	NA	NA	NA	NA	NA	NA	NA	NA	NA	NA	NA	NA	NA	NA	NA	NA	NA	NA	NA	NA	NA	NA	NA	NA	NA	NA
562.65741	NA	susceptible	susceptible	resistant	NA	NA	NA	NA	NA	NA	NA	NA	NA	NA	NA	NA	NA	NA	NA	NA	NA	NA	NA	NA	NA	NA	NA	NA	NA	NA	NA	NA	NA	NA	NA	NA	NA	NA	NA
562.65742	NA	NA	susceptible	resistant	NA	NA	NA	NA	NA	NA	NA	NA	NA	NA	NA	NA	NA	NA	NA	NA	NA	NA	NA	NA	NA	NA	NA	NA	NA	NA	NA	NA	NA	NA	NA	NA	NA	NA	NA
562.65743	NA	NA	susceptible	susceptible	NA	NA	NA	NA	NA	NA	NA	NA	NA	NA	NA	NA	NA	NA	NA	NA	NA	NA	NA	NA	NA	NA	NA	NA	NA	NA	NA	NA	NA	NA	NA	NA	NA	NA	NA
562.65744	NA	NA	resistant	resistant	NA	NA	NA	NA	NA	NA	NA	NA	NA	NA	NA	NA	NA	NA	NA	NA	NA	NA	NA	NA	NA	NA	NA	NA	NA	NA	NA	NA	NA	NA	NA	NA	NA	NA	NA
562.65745	NA	NA	susceptible	susceptible	NA	NA	NA	NA	NA	NA	NA	NA	NA	NA	NA	NA	NA	NA	NA	NA	NA	NA	NA	NA	NA	NA	NA	NA	NA	NA	NA	NA	NA	NA	NA	NA	NA	NA	NA
562.65746	NA	NA	resistant	resistant	NA	NA	NA	NA	NA	NA	NA	NA	NA	NA	NA	NA	NA	NA	NA	NA	NA	NA	NA	NA	NA	NA	NA	NA	NA	NA	NA	NA	NA	NA	NA	NA	NA	NA	NA
562.65747	NA	NA	resistant	resistant	NA	NA	NA	NA	NA	NA	NA	NA	NA	NA	NA	NA	NA	NA	NA	NA	NA	NA	NA	NA	NA	NA	NA	NA	NA	NA	NA	NA	NA	NA	NA	NA	NA	NA	NA
562.6574	NA	NA	susceptible	susceptible	NA	NA	NA	NA	NA	NA	NA	NA	NA	NA	NA	NA	NA	NA	NA	NA	NA	NA	NA	NA	NA	NA	NA	NA	NA	NA	NA	NA	NA	NA	NA	NA	NA	NA	NA
562.7571	susceptible	NA	NA	resistant	NA	susceptible	NA	NA	NA	susceptible	NA	NA	NA	susceptible	NA	NA	NA	NA	susceptible	NA	NA	NA	NA	NA	susceptible	NA	NA	susceptible	NA	NA	susceptible	NA	resistant	resistant	NA	NA	susceptible	resistant	NA
562.65785	NA	NA	NA	resistant*	NA	NA	NA	NA	NA	NA	NA	NA	NA	NA	NA	NA	NA	resistant	resistant*	NA	susceptible	resistant	NA	NA	resistant*	NA	resistant	NA	resistant	NA	NA	NA	NA	NA	resistant	susceptible	NA	NA	resistant
562.65787	NA	NA	NA	resistant*	NA	NA	NA	NA	NA	NA	NA	NA	NA	NA	NA	NA	NA	resistant	resistant*	NA	susceptible	resistant	NA	NA	susceptible*	NA	resistant	NA	resistant	NA	NA	NA	NA	NA	resistant	susceptible	NA	NA	susceptible
562.65869	NA	NA	NA	NA	NA	NA	NA	NA	NA	NA	NA	NA	NA	NA	NA	NA	NA	NA	NA	resistant*	NA	NA	NA	NA	NA	NA	NA	NA	NA	NA	NA	NA	NA	NA	NA	NA	NA	NA	NA
562.65873	NA	NA	NA	NA	NA	NA	NA	NA	NA	NA	NA	NA	NA	NA	NA	NA	NA	NA	NA	resistant*	NA	NA	NA	NA	NA	NA	NA	NA	NA	NA	NA	NA	NA	NA	NA	NA	NA	NA	NA
562.65874	NA	NA	NA	NA	NA	NA	NA	NA	NA	NA	NA	NA	NA	NA	NA	NA	NA	NA	NA	resistant*	NA	NA	NA	NA	NA	NA	NA	NA	NA	NA	NA	NA	NA	NA	NA	NA	NA	NA	NA
562.65875	NA	NA	NA	NA	NA	NA	NA	NA	NA	NA	NA	NA	NA	NA	NA	NA	NA	NA	NA	resistant*	NA	NA	NA	NA	NA	NA	NA	NA	NA	NA	NA	NA	NA	NA	NA	NA	NA	NA	NA
562.65876	NA	NA	NA	NA	NA	NA	NA	NA	NA	NA	NA	NA	NA	NA	NA	NA	NA	NA	NA	resistant*	NA	NA	NA	NA	NA	NA	NA	NA	NA	NA	NA	NA	NA	NA	NA	NA	NA	NA	NA
562.65877	NA	NA	NA	NA	NA	NA	NA	NA	NA	NA	NA	NA	NA	NA	NA	NA	NA	NA	NA	resistant*	NA	NA	NA	NA	NA	NA	NA	NA	NA	NA	NA	NA	NA	NA	NA	NA	NA	NA	NA
562.6588	NA	NA	NA	NA	NA	NA	NA	NA	NA	NA	NA	NA	NA	NA	NA	NA	NA	NA	NA	resistant*	NA	NA	NA	NA	NA	NA	NA	NA	NA	NA	NA	NA	NA	NA	NA	NA	NA	NA	NA
562.65868	NA	NA	NA	NA	NA	NA	NA	NA	NA	NA	NA	NA	NA	NA	NA	NA	NA	NA	NA	resistant*	NA	NA	NA	NA	NA	NA	NA	NA	NA	NA	NA	NA	NA	NA	NA	NA	NA	NA	NA
562.65881	NA	NA	NA	NA	NA	NA	NA	NA	NA	NA	NA	NA	NA	NA	NA	NA	NA	NA	NA	resistant*	NA	NA	NA	NA	NA	NA	NA	NA	NA	NA	NA	NA	NA	NA	NA	NA	NA	NA	NA
562.65898	NA	NA	NA	NA	NA	NA	NA	NA	NA	NA	NA	NA	NA	NA	NA	NA	NA	NA	NA	resistant*	NA	NA	NA	NA	NA	NA	NA	NA	NA	NA	NA	NA	NA	NA	NA	NA	NA	NA	NA
562.65899	NA	NA	NA	NA	NA	NA	NA	NA	NA	NA	NA	NA	NA	NA	NA	NA	NA	NA	NA	resistant*	NA	NA	NA	NA	NA	NA	NA	NA	NA	NA	NA	NA	NA	NA	NA	NA	NA	NA	NA
562.65921	NA	NA	susceptible	susceptible	NA	NA	NA	NA	NA	NA	NA	NA	NA	NA	NA	NA	NA	NA	NA	NA	NA	NA	NA	NA	NA	NA	NA	NA	NA	NA	NA	NA	NA	NA	NA	NA	NA	NA	NA
562.7565	susceptible	NA	NA	resistant	NA	susceptible	NA	NA	NA	susceptible	NA	NA	NA	susceptible	NA	NA	NA	NA	susceptible	NA	NA	NA	NA	NA	susceptible	NA	NA	susceptible	NA	NA	susceptible	NA	susceptible	resistant	NA	NA	susceptible	resistant	NA
562.7566	susceptible	NA	NA	resistant	NA	susceptible	NA	NA	NA	susceptible	NA	NA	NA	susceptible	NA	NA	NA	NA	susceptible	NA	NA	NA	NA	NA	susceptible	NA	NA	susceptible	NA	NA	susceptible	NA	resistant	resistant	NA	NA	susceptible	resistant	NA
562.7567	susceptible	NA	NA	resistant	NA	susceptible	NA	NA	NA	susceptible	NA	NA	NA	susceptible	NA	NA	NA	NA	susceptible	NA	NA	NA	NA	NA	susceptible	NA	NA	susceptible	NA	NA	susceptible	NA	resistant	resistant	NA	NA	susceptible	resistant	NA
562.7568	susceptible	NA	NA	susceptible	NA	susceptible	NA	NA	NA	susceptible	NA	NA	NA	susceptible	NA	NA	NA	NA	susceptible	NA	NA	NA	NA	NA	susceptible	NA	NA	susceptible	NA	NA	susceptible	NA	susceptible	susceptible	NA	NA	susceptible	susceptible	NA
562.65885	NA	NA	NA	NA	NA	NA	NA	NA	NA	NA	NA	NA	NA	NA	NA	NA	NA	NA	NA	resistant*	NA	NA	NA	NA	NA	NA	NA	NA	NA	NA	NA	NA	NA	NA	NA	NA	NA	NA	NA
562.65786	NA	NA	NA	resistant*	NA	NA	NA	NA	NA	NA	resistant*	NA	NA	NA	NA	NA	NA	resistant	resistant*	NA	susceptible	resistant	NA	NA	NA	NA	resistant	NA	resistant	NA	NA	NA	NA	NA	resistant	susceptible	NA	NA	resistant
562.65867	NA	NA	NA	NA	NA	NA	NA	NA	NA	NA	NA	NA	NA	NA	NA	NA	NA	NA	NA	resistant*	NA	NA	NA	NA	NA	NA	NA	NA	NA	NA	NA	NA	NA	NA	NA	NA	NA	NA	NA
562.65865	NA	NA	NA	NA	NA	NA	NA	NA	NA	NA	NA	NA	NA	NA	NA	NA	NA	NA	NA	resistant*	NA	NA	NA	NA	NA	NA	NA	NA	NA	NA	NA	NA	NA	NA	NA	NA	NA	NA	NA
562.65788	NA	NA	NA	resistant*	NA	NA	NA	NA	NA	NA	NA	NA	NA	NA	NA	NA	NA	resistant	resistant*	NA	susceptible	resistant	NA	NA	susceptible*	NA	resistant	NA	resistant	NA	NA	NA	NA	NA	resistant	susceptible	NA	NA	resistant
562.65789	NA	NA	NA	resistant*	NA	NA	NA	NA	NA	NA	NA	NA	NA	NA	NA	NA	NA	susceptible	resistant*	NA	susceptible	resistant	NA	NA	NA	NA	resistant	NA	resistant	NA	NA	NA	NA	NA	resistant	susceptible	NA	NA	resistant
562.6579	NA	NA	NA	resistant*	NA	NA	NA	NA	NA	NA	NA	NA	NA	NA	NA	NA	NA	susceptible	resistant*	NA	susceptible	resistant	NA	NA	NA	NA	resistant	NA	resistant	NA	NA	NA	NA	NA	resistant	susceptible	NA	NA	resistant
562.65791	NA	NA	NA	resistant*	NA	NA	NA	NA	NA	NA	NA	NA	NA	NA	NA	NA	NA	resistant	resistant*	NA	susceptible	resistant	NA	NA	susceptible*	NA	resistant	NA	resistant	NA	NA	NA	NA	NA	resistant	susceptible	NA	NA	resistant
562.65842	NA	NA	NA	NA	NA	NA	NA	NA	NA	NA	NA	NA	NA	NA	NA	NA	NA	NA	NA	resistant*	NA	NA	NA	NA	NA	NA	NA	NA	NA	NA	NA	NA	NA	NA	NA	NA	NA	NA	NA
562.65851	NA	NA	NA	NA	NA	NA	NA	NA	NA	NA	NA	NA	NA	NA	NA	NA	NA	NA	NA	resistant*	NA	NA	NA	NA	NA	NA	NA	NA	NA	NA	NA	NA	NA	NA	NA	NA	NA	NA	NA
562.65854	NA	NA	NA	NA	NA	NA	NA	NA	NA	NA	NA	NA	NA	NA	NA	NA	NA	NA	NA	resistant*	NA	NA	NA	NA	NA	NA	NA	NA	NA	NA	NA	NA	NA	NA	NA	NA	NA	NA	NA
562.65866	NA	NA	NA	NA	NA	NA	NA	NA	NA	NA	NA	NA	NA	NA	NA	NA	NA	NA	NA	resistant*	NA	NA	NA	NA	NA	NA	NA	NA	NA	NA	NA	NA	NA	NA	NA	NA	NA	NA	NA
562.65855	NA	NA	NA	NA	NA	NA	NA	NA	NA	NA	NA	NA	NA	NA	NA	NA	NA	NA	NA	resistant*	NA	NA	NA	NA	NA	NA	NA	NA	NA	NA	NA	NA	NA	NA	NA	NA	NA	NA	NA
562.65858	NA	NA	NA	NA	NA	NA	NA	NA	NA	NA	NA	NA	NA	NA	NA	NA	NA	NA	NA	resistant*	NA	NA	NA	NA	NA	NA	NA	NA	NA	NA	NA	NA	NA	NA	NA	NA	NA	NA	NA
562.65859	NA	NA	NA	NA	NA	NA	NA	NA	NA	NA	NA	NA	NA	NA	NA	NA	NA	NA	NA	resistant*	NA	NA	NA	NA	NA	NA	NA	NA	NA	NA	NA	NA	NA	NA	NA	NA	NA	NA	NA
562.6586	NA	NA	NA	NA	NA	NA	NA	NA	NA	NA	NA	NA	NA	NA	NA	NA	NA	NA	NA	resistant*	NA	NA	NA	NA	NA	NA	NA	NA	NA	NA	NA	NA	NA	NA	NA	NA	NA	NA	NA
562.65861	NA	NA	NA	NA	NA	NA	NA	NA	NA	NA	NA	NA	NA	NA	NA	NA	NA	NA	NA	resistant*	NA	NA	NA	NA	NA	NA	NA	NA	NA	NA	NA	NA	NA	NA	NA	NA	NA	NA	NA
562.65862	NA	NA	NA	NA	NA	NA	NA	NA	NA	NA	NA	NA	NA	NA	NA	NA	NA	NA	NA	resistant*	NA	NA	NA	NA	NA	NA	NA	NA	NA	NA	NA	NA	NA	NA	NA	NA	NA	NA	NA
562.65863	NA	NA	NA	NA	NA	NA	NA	NA	NA	NA	NA	NA	NA	NA	NA	NA	NA	NA	NA	resistant*	NA	NA	NA	NA	NA	NA	NA	NA	NA	NA	NA	NA	NA	NA	NA	NA	NA	NA	NA
562.65864	NA	NA	NA	NA	NA	NA	NA	NA	NA	NA	NA	NA	NA	NA	NA	NA	NA	NA	NA	resistant*	NA	NA	NA	NA	NA	NA	NA	NA	NA	NA	NA	NA	NA	NA	NA	NA	NA	NA	NA
562.65857	NA	NA	NA	NA	NA	NA	NA	NA	NA	NA	NA	NA	NA	NA	NA	NA	NA	NA	NA	resistant*	NA	NA	NA	NA	NA	NA	NA	NA	NA	NA	NA	NA	NA	NA	NA	NA	NA	NA	NA
562.45664	NA	NA	NA	NA	susceptible	NA	NA	NA	susceptible	NA	NA	susceptible	NA	NA	susceptible	susceptible	NA	susceptible	NA	NA	NA	susceptible	NA	susceptible	NA	NA	susceptible	NA	susceptible	intermediate	NA	NA	NA	NA	NA	NA	NA	NA	resistant
562.7699	susceptible	NA	NA	resistant	NA	susceptible	NA	NA	NA	susceptible	NA	NA	NA	susceptible	NA	NA	NA	NA	resistant	NA	NA	NA	NA	NA	intermediate	NA	NA	susceptible	NA	NA	resistant	NA	susceptible	resistant	NA	NA	resistant	resistant	NA
562.7701	susceptible	NA	NA	resistant	NA	susceptible	NA	NA	NA	susceptible	NA	NA	NA	susceptible	NA	NA	NA	NA	susceptible	NA	NA	NA	NA	NA	susceptible	NA	NA	susceptible	NA	NA	susceptible	NA	resistant	resistant	NA	NA	susceptible	resistant	NA
1438683.3	NA	NA	NA	NA	NA	NA	NA	NA	NA	NA	NA	NA	NA	NA	NA	susceptible*	NA	NA	NA	NA	NA	NA	NA	NA	susceptible*	NA	NA	NA	NA	susceptible*	NA	NA	NA	NA	NA	NA	NA	NA	NA
1438687.3	NA	NA	NA	NA	NA	NA	NA	NA	NA	NA	resistant*	NA	NA	NA	NA	NA	NA	NA	resistant*	NA	NA	NA	NA	NA	susceptible*	NA	NA	NA	NA	NA	NA	NA	NA	NA	NA	NA	NA	NA	NA
1438689.3	NA	NA	NA	NA	NA	NA	NA	NA	NA	NA	resistant*	NA	NA	resistant*	NA	NA	NA	NA	resistant*	NA	NA	NA	NA	NA	NA	NA	NA	NA	NA	susceptible*	NA	NA	NA	NA	NA	NA	NA	NA	NA
1438690.4	NA	NA	NA	NA	NA	NA	NA	NA	NA	NA	resistant*	NA	NA	resistant*	NA	NA	NA	NA	resistant*	NA	NA	NA	NA	NA	NA	NA	NA	NA	NA	susceptible*	NA	NA	NA	NA	NA	NA	NA	NA	NA
1438691.3	NA	NA	NA	NA	NA	NA	NA	NA	NA	NA	resistant*	NA	NA	resistant*	NA	NA	NA	NA	resistant*	NA	NA	NA	NA	NA	susceptible*	NA	NA	NA	NA	susceptible*	NA	NA	NA	NA	NA	NA	NA	NA	NA
1438693.3	NA	NA	NA	NA	NA	NA	NA	NA	NA	NA	resistant*	NA	NA	resistant*	NA	NA	NA	NA	NA	NA	NA	NA	NA	NA	NA	NA	susceptible*	NA	NA	intermediate*	NA	NA	NA	NA	NA	NA	NA	NA	NA
1438694.3	NA	NA	NA	NA	NA	NA	NA	NA	NA	NA	resistant*	NA	NA	resistant*	NA	NA	NA	NA	NA	NA	NA	NA	NA	NA	NA	NA	susceptible*	NA	NA	intermediate*	NA	NA	NA	NA	NA	NA	NA	NA	NA
1438682.3	NA	NA	NA	NA	NA	NA	NA	NA	NA	NA	NA	NA	NA	NA	NA	susceptible*	NA	NA	NA	NA	NA	NA	NA	NA	susceptible*	NA	NA	NA	NA	NA	NA	NA	NA	NA	NA	NA	NA	NA	NA
1438695.3	NA	NA	NA	NA	NA	NA	NA	NA	NA	NA	resistant*	NA	NA	resistant*	NA	NA	NA	NA	resistant*	NA	NA	NA	NA	NA	NA	NA	NA	NA	NA	NA	NA	NA	NA	NA	NA	NA	NA	NA	NA
1445862.3	NA	NA	NA	NA	NA	NA	NA	NA	NA	NA	NA	NA	NA	resistant*	NA	resistant*	NA	NA	NA	NA	NA	NA	NA	NA	NA	NA	NA	NA	NA	susceptible*	NA	NA	NA	NA	NA	NA	NA	NA	NA
1445863.3	NA	NA	NA	susceptible*	NA	NA	NA	NA	NA	NA	NA	NA	NA	NA	NA	susceptible*	NA	NA	NA	NA	NA	NA	NA	NA	susceptible*	NA	NA	NA	NA	susceptible*	NA	NA	NA	NA	NA	NA	NA	NA	NA
562.57283	NA	NA	NA	resistant	NA	NA	NA	resistant	NA	NA	resistant	NA	NA	resistant	NA	NA	resistant	NA	resistant	NA	NA	NA	NA	NA	resistant	NA	NA	NA	NA	NA	NA	NA	NA	NA	NA	NA	resistant	resistant	NA
562.57282	NA	NA	NA	resistant	NA	NA	NA	resistant	NA	NA	resistant	NA	NA	resistant	NA	NA	resistant	NA	resistant	NA	NA	NA	NA	NA	resistant	NA	NA	NA	NA	NA	NA	NA	NA	NA	NA	NA	resistant	resistant	NA
562.57281	NA	NA	NA	resistant	NA	NA	NA	resistant	NA	NA	resistant	NA	NA	resistant	NA	NA	resistant	NA	resistant	NA	NA	NA	NA	NA	susceptible	NA	NA	NA	NA	NA	NA	NA	NA	NA	NA	NA	susceptible	resistant	NA
562.5728	NA	NA	NA	resistant	NA	NA	NA	resistant	NA	NA	resistant	NA	NA	resistant	NA	NA	resistant	NA	susceptible	NA	NA	NA	NA	NA	susceptible	NA	NA	NA	NA	NA	NA	NA	NA	NA	NA	NA	susceptible	resistant	NA
562.57279	NA	NA	NA	resistant	NA	NA	NA	resistant	NA	NA	resistant	NA	NA	resistant	NA	NA	resistant	NA	resistant	NA	NA	NA	NA	NA	susceptible	NA	NA	NA	NA	NA	NA	NA	NA	NA	NA	NA	resistant	resistant	NA
1438696.3	NA	NA	NA	NA	NA	NA	NA	NA	NA	NA	resistant*	NA	NA	resistant*	NA	NA	NA	NA	NA	NA	NA	NA	NA	NA	susceptible*	NA	susceptible*	NA	NA	susceptible*	NA	NA	NA	NA	NA	NA	NA	NA	NA
562.57278	NA	NA	NA	resistant	NA	NA	NA	resistant	NA	NA	resistant	NA	NA	resistant	NA	NA	resistant	NA	resistant	NA	NA	NA	NA	NA	susceptible	NA	NA	NA	NA	NA	NA	NA	NA	NA	NA	NA	susceptible	susceptible	NA
1438681.3	NA	NA	NA	NA	NA	NA	NA	NA	NA	NA	NA	NA	NA	resistant*	NA	resistant*	NA	NA	NA	NA	NA	NA	NA	NA	NA	NA	NA	NA	NA	NA	NA	NA	NA	NA	NA	NA	NA	NA	NA
1438679.3	NA	NA	NA	NA	NA	NA	NA	NA	NA	NA	NA	NA	NA	NA	NA	susceptible*	NA	NA	NA	NA	NA	NA	NA	NA	susceptible*	NA	NA	NA	NA	susceptible*	NA	NA	NA	NA	NA	NA	NA	NA	NA
1416672.3	NA	NA	NA	NA	NA	NA	NA	NA	NA	NA	resistant*	NA	NA	resistant*	NA	resistant*	NA	NA	intermediate*	NA	NA	NA	NA	NA	susceptible*	NA	NA	NA	NA	NA	NA	NA	NA	NA	NA	NA	NA	NA	NA
1416673.3	NA	NA	NA	NA	NA	NA	NA	NA	NA	NA	resistant*	NA	NA	resistant*	NA	resistant*	NA	NA	susceptible*	NA	NA	NA	NA	NA	susceptible*	NA	NA	NA	NA	NA	NA	NA	NA	NA	susceptible*	NA	NA	NA	NA
1416674.4	NA	NA	NA	NA	NA	NA	NA	NA	NA	NA	resistant*	NA	NA	resistant*	NA	resistant*	NA	NA	susceptible*	NA	NA	NA	NA	NA	susceptible*	NA	NA	NA	NA	NA	NA	NA	NA	NA	susceptible*	NA	NA	NA	NA
1416675.3	NA	NA	NA	NA	NA	NA	NA	NA	NA	NA	resistant*	NA	NA	resistant*	NA	resistant*	NA	NA	susceptible*	NA	NA	NA	NA	NA	susceptible*	NA	NA	NA	NA	NA	NA	NA	NA	NA	NA	NA	NA	NA	NA
1416676.7	NA	NA	NA	NA	NA	NA	NA	NA	NA	NA	resistant*	NA	NA	resistant*	NA	resistant*	NA	NA	susceptible*	NA	NA	NA	NA	NA	susceptible*	NA	NA	NA	NA	NA	NA	NA	NA	NA	NA	NA	NA	NA	NA
1438668.3	NA	NA	NA	NA	NA	NA	NA	NA	NA	NA	NA	NA	NA	resistant*	NA	resistant*	NA	NA	NA	NA	NA	NA	NA	NA	susceptible*	NA	NA	NA	NA	susceptible*	NA	NA	NA	NA	NA	NA	NA	NA	NA
1438669.3	NA	NA	NA	susceptible*	NA	NA	NA	NA	NA	NA	NA	NA	NA	NA	NA	susceptible*	NA	NA	NA	NA	NA	NA	NA	NA	susceptible*	NA	NA	NA	NA	susceptible*	NA	NA	NA	NA	NA	NA	NA	NA	NA
1438680.3	NA	NA	NA	NA	NA	NA	NA	NA	NA	NA	NA	NA	NA	NA	NA	susceptible*	NA	NA	NA	NA	NA	NA	NA	NA	susceptible*	NA	NA	NA	NA	susceptible*	NA	NA	NA	NA	NA	NA	NA	NA	NA
1438670.3	NA	NA	NA	NA	NA	NA	NA	NA	NA	NA	NA	NA	NA	resistant*	NA	resistant*	NA	NA	NA	NA	NA	NA	NA	NA	susceptible*	NA	NA	NA	NA	NA	NA	NA	NA	NA	susceptible*	NA	NA	NA	NA
1438672.3	NA	NA	NA	NA	NA	NA	NA	NA	NA	NA	NA	NA	NA	resistant*	NA	resistant*	NA	NA	NA	NA	NA	NA	NA	NA	susceptible*	NA	NA	NA	NA	susceptible*	NA	NA	NA	NA	NA	NA	NA	NA	NA
1438673.3	NA	NA	NA	susceptible*	NA	NA	NA	NA	NA	NA	NA	NA	NA	NA	NA	susceptible*	NA	NA	NA	NA	NA	NA	NA	NA	susceptible*	NA	NA	NA	NA	NA	NA	NA	NA	NA	NA	NA	NA	NA	NA
1438674.3	NA	NA	NA	NA	NA	NA	NA	NA	NA	NA	NA	NA	NA	NA	NA	susceptible*	NA	NA	NA	NA	NA	NA	NA	NA	susceptible*	NA	NA	NA	NA	susceptible*	NA	NA	NA	NA	NA	NA	NA	NA	NA
1438675.3	NA	NA	NA	NA	NA	NA	NA	NA	NA	NA	NA	NA	NA	NA	NA	susceptible*	NA	NA	NA	NA	NA	NA	NA	NA	susceptible*	NA	NA	NA	NA	intermediate*	NA	NA	NA	NA	NA	NA	NA	NA	NA
1438676.3	NA	NA	NA	NA	NA	NA	NA	NA	NA	NA	NA	NA	NA	NA	NA	susceptible*	NA	NA	NA	NA	NA	NA	NA	NA	susceptible*	NA	NA	NA	NA	susceptible*	NA	NA	NA	NA	NA	NA	NA	NA	NA
1438677.3	NA	NA	NA	susceptible*	NA	NA	NA	NA	NA	NA	NA	NA	NA	NA	NA	susceptible*	NA	NA	NA	NA	NA	NA	NA	NA	susceptible*	NA	NA	NA	NA	susceptible*	NA	NA	NA	NA	NA	NA	NA	NA	NA
1438678.3	NA	NA	NA	NA	NA	NA	NA	NA	NA	NA	NA	NA	NA	resistant*	NA	resistant*	NA	NA	NA	NA	NA	NA	NA	NA	susceptible*	NA	NA	NA	NA	susceptible*	NA	NA	NA	NA	NA	NA	NA	NA	NA
1438671.3	NA	NA	NA	susceptible*	NA	NA	NA	NA	NA	NA	NA	NA	NA	NA	NA	susceptible*	NA	NA	NA	NA	NA	NA	NA	NA	susceptible*	NA	NA	NA	NA	NA	NA	NA	NA	NA	NA	NA	NA	NA	NA
1416671.3	NA	NA	NA	NA	NA	NA	NA	NA	NA	NA	resistant*	NA	NA	resistant*	NA	resistant*	NA	NA	susceptible*	NA	NA	NA	NA	NA	susceptible*	NA	NA	NA	NA	NA	NA	NA	NA	NA	susceptible*	NA	NA	NA	NA
562.57277	NA	NA	NA	resistant	NA	NA	NA	resistant	NA	NA	resistant	NA	NA	resistant	NA	NA	resistant	NA	resistant	NA	NA	NA	NA	NA	susceptible	NA	NA	NA	NA	NA	NA	NA	NA	NA	NA	NA	resistant	resistant	NA
562.57274	NA	NA	NA	resistant	NA	NA	NA	resistant	NA	NA	resistant	NA	NA	resistant	NA	NA	resistant	NA	resistant	NA	NA	NA	NA	NA	susceptible	NA	NA	NA	NA	NA	NA	NA	NA	NA	NA	NA	resistant	susceptible	NA
562.57251	NA	NA	NA	resistant	NA	NA	NA	susceptible	NA	NA	susceptible	NA	NA	susceptible	NA	NA	susceptible	NA	susceptible	NA	NA	NA	NA	NA	susceptible	NA	NA	NA	NA	NA	NA	NA	NA	NA	NA	NA	susceptible	resistant	NA
562.5725	NA	NA	NA	resistant	NA	NA	NA	resistant	NA	NA	resistant	NA	NA	resistant	NA	NA	resistant	NA	resistant	NA	NA	NA	NA	NA	susceptible	NA	NA	NA	NA	NA	NA	NA	NA	NA	NA	NA	susceptible	resistant	NA
562.57249	NA	NA	NA	resistant	NA	NA	NA	resistant	NA	NA	resistant	NA	NA	resistant	NA	NA	resistant	NA	resistant	NA	NA	NA	NA	NA	resistant	NA	NA	NA	NA	NA	NA	NA	NA	NA	NA	NA	resistant	resistant	NA
562.57248	NA	NA	NA	resistant	NA	NA	NA	resistant	NA	NA	resistant	NA	NA	resistant	NA	NA	resistant	NA	resistant	NA	NA	NA	NA	NA	susceptible	NA	NA	NA	NA	NA	NA	NA	NA	NA	NA	NA	resistant	resistant	NA
562.57247	NA	NA	NA	resistant	NA	NA	NA	resistant	NA	NA	resistant	NA	NA	resistant	NA	NA	resistant	NA	susceptible	NA	NA	NA	NA	NA	resistant	NA	NA	NA	NA	NA	NA	NA	NA	NA	NA	NA	resistant	resistant	NA
562.57246	NA	NA	NA	resistant	NA	NA	NA	susceptible	NA	NA	susceptible	NA	NA	susceptible	NA	NA	susceptible	NA	susceptible	NA	NA	NA	NA	NA	susceptible	NA	NA	NA	NA	NA	NA	NA	NA	NA	NA	NA	susceptible	susceptible	NA
562.57245	NA	NA	NA	resistant	NA	NA	NA	susceptible	NA	NA	susceptible	NA	NA	susceptible	NA	NA	susceptible	NA	susceptible	NA	NA	NA	NA	NA	susceptible	NA	NA	NA	NA	NA	NA	NA	NA	NA	NA	NA	susceptible	susceptible	NA
562.57252	NA	NA	NA	resistant	NA	NA	NA	resistant	NA	NA	resistant	NA	NA	resistant	NA	NA	resistant	NA	resistant	NA	NA	NA	NA	NA	resistant	NA	NA	NA	NA	NA	NA	NA	NA	NA	NA	NA	resistant	resistant	NA
562.57244	NA	NA	NA	resistant	NA	NA	NA	susceptible	NA	NA	susceptible	NA	NA	resistant	NA	NA	susceptible	NA	susceptible	NA	NA	NA	NA	NA	susceptible	NA	NA	NA	NA	NA	NA	NA	NA	NA	NA	NA	susceptible	resistant	NA
562.57242	NA	NA	NA	susceptible	NA	NA	NA	susceptible	NA	NA	susceptible	NA	NA	susceptible	NA	NA	susceptible	NA	susceptible	NA	NA	NA	NA	NA	susceptible	NA	NA	NA	NA	NA	NA	NA	NA	NA	NA	NA	susceptible	susceptible	NA
562.57241	NA	NA	NA	resistant	NA	NA	NA	resistant	NA	NA	resistant	NA	NA	resistant	NA	NA	resistant	NA	susceptible	NA	NA	NA	NA	NA	susceptible	NA	NA	NA	NA	NA	NA	NA	NA	NA	NA	NA	susceptible	resistant	NA
562.5724	NA	NA	NA	resistant	NA	NA	NA	susceptible	NA	NA	susceptible	NA	NA	susceptible	NA	NA	susceptible	NA	susceptible	NA	NA	NA	NA	NA	susceptible	NA	NA	NA	NA	NA	NA	NA	NA	NA	NA	NA	susceptible	resistant	NA
562.57238	NA	NA	NA	resistant	NA	NA	NA	resistant	NA	NA	resistant	NA	NA	resistant	NA	NA	resistant	NA	susceptible	NA	NA	NA	NA	NA	susceptible	NA	NA	NA	NA	NA	NA	NA	NA	NA	NA	NA	susceptible	susceptible	NA
562.57237	NA	NA	NA	resistant	NA	NA	NA	susceptible	NA	NA	susceptible	NA	NA	susceptible	NA	NA	susceptible	NA	susceptible	NA	NA	NA	NA	NA	susceptible	NA	NA	NA	NA	NA	NA	NA	NA	NA	NA	NA	susceptible	resistant	NA
562.57235	NA	NA	NA	resistant	NA	NA	NA	resistant	NA	NA	resistant	NA	NA	resistant	NA	NA	resistant	NA	resistant	NA	NA	NA	NA	NA	susceptible	NA	NA	NA	NA	NA	NA	NA	NA	NA	NA	NA	susceptible	resistant	NA
562.57234	NA	NA	NA	resistant	NA	NA	NA	resistant	NA	NA	susceptible	NA	NA	resistant	NA	NA	resistant	NA	resistant	NA	NA	NA	NA	NA	susceptible	NA	NA	NA	NA	NA	NA	NA	NA	NA	NA	NA	susceptible	resistant	NA
562.57243	NA	NA	NA	susceptible	NA	NA	NA	susceptible	NA	NA	susceptible	NA	NA	susceptible	NA	NA	susceptible	NA	susceptible	NA	NA	NA	NA	NA	susceptible	NA	NA	NA	NA	NA	NA	NA	NA	NA	NA	NA	susceptible	susceptible	NA
562.57275	NA	NA	NA	resistant	NA	NA	NA	resistant	NA	NA	resistant	NA	NA	resistant	NA	NA	resistant	NA	resistant	NA	NA	NA	NA	NA	resistant	NA	NA	NA	NA	NA	NA	NA	NA	NA	NA	NA	resistant	resistant	NA
562.57253	NA	NA	NA	resistant	NA	NA	NA	resistant	NA	NA	resistant	NA	NA	resistant	NA	NA	resistant	NA	resistant	NA	NA	NA	NA	NA	resistant	NA	NA	NA	NA	NA	NA	NA	NA	NA	NA	NA	resistant	resistant	NA
562.57255	NA	NA	NA	resistant	NA	NA	NA	resistant	NA	NA	resistant	NA	NA	resistant	NA	NA	resistant	NA	susceptible	NA	NA	NA	NA	NA	susceptible	NA	NA	NA	NA	NA	NA	NA	NA	NA	NA	NA	susceptible	resistant	NA
562.57273	NA	NA	NA	resistant	NA	NA	NA	resistant	NA	NA	resistant	NA	NA	resistant	NA	NA	resistant	NA	resistant	NA	NA	NA	NA	NA	susceptible	NA	NA	NA	NA	NA	NA	NA	NA	NA	NA	NA	resistant	resistant	NA
562.57271	NA	NA	NA	resistant	NA	NA	NA	resistant	NA	NA	resistant	NA	NA	resistant	NA	NA	resistant	NA	resistant	NA	NA	NA	NA	NA	resistant	NA	NA	NA	NA	NA	NA	NA	NA	NA	NA	NA	resistant	resistant	NA
562.5727	NA	NA	NA	resistant	NA	NA	NA	resistant	NA	NA	resistant	NA	NA	resistant	NA	NA	resistant	NA	susceptible	NA	NA	NA	NA	NA	susceptible	NA	NA	NA	NA	NA	NA	NA	NA	NA	NA	NA	susceptible	susceptible	NA
562.57269	NA	NA	NA	resistant	NA	NA	NA	resistant	NA	NA	susceptible	NA	NA	resistant	NA	NA	susceptible	NA	susceptible	NA	NA	NA	NA	NA	susceptible	NA	NA	NA	NA	NA	NA	NA	NA	NA	NA	NA	resistant	susceptible	NA
562.57268	NA	NA	NA	resistant	NA	NA	NA	resistant	NA	NA	resistant	NA	NA	resistant	NA	NA	resistant	NA	resistant	NA	NA	NA	NA	NA	resistant	NA	NA	NA	NA	NA	NA	NA	NA	NA	NA	NA	resistant	resistant	NA
562.57267	NA	NA	NA	resistant	NA	NA	NA	resistant	NA	NA	resistant	NA	NA	resistant	NA	NA	resistant	NA	resistant	NA	NA	NA	NA	NA	resistant	NA	NA	NA	NA	NA	NA	NA	NA	NA	NA	NA	resistant	resistant	NA
562.57266	NA	NA	NA	resistant	NA	NA	NA	resistant	NA	NA	resistant	NA	NA	resistant	NA	NA	resistant	NA	resistant	NA	NA	NA	NA	NA	susceptible	NA	NA	NA	NA	NA	NA	NA	NA	NA	NA	NA	resistant	resistant	NA
562.57254	NA	NA	NA	resistant	NA	NA	NA	resistant	NA	NA	resistant	NA	NA	resistant	NA	NA	resistant	NA	susceptible	NA	NA	NA	NA	NA	resistant	NA	NA	NA	NA	NA	NA	NA	NA	NA	NA	NA	resistant	resistant	NA
562.57265	NA	NA	NA	resistant	NA	NA	NA	resistant	NA	NA	resistant	NA	NA	resistant	NA	NA	resistant	NA	resistant	NA	NA	NA	NA	NA	resistant	NA	NA	NA	NA	NA	NA	NA	NA	NA	NA	NA	resistant	resistant	NA
562.57263	NA	NA	NA	resistant	NA	NA	NA	resistant	NA	NA	resistant	NA	NA	resistant	NA	NA	resistant	NA	resistant	NA	NA	NA	NA	NA	resistant	NA	NA	NA	NA	NA	NA	NA	NA	NA	NA	NA	resistant	resistant	NA
562.57262	NA	NA	NA	resistant	NA	NA	NA	resistant	NA	NA	resistant	NA	NA	resistant	NA	NA	resistant	NA	resistant	NA	NA	NA	NA	NA	susceptible	NA	NA	NA	NA	NA	NA	NA	NA	NA	NA	NA	resistant	resistant	NA
562.57261	NA	NA	NA	resistant	NA	NA	NA	resistant	NA	NA	resistant	NA	NA	resistant	NA	NA	resistant	NA	susceptible	NA	NA	NA	NA	NA	susceptible	NA	NA	NA	NA	NA	NA	NA	NA	NA	NA	NA	susceptible	resistant	NA
562.5726	NA	NA	NA	resistant	NA	NA	NA	resistant	NA	NA	resistant	NA	NA	resistant	NA	NA	resistant	NA	susceptible	NA	NA	NA	NA	NA	resistant	NA	NA	NA	NA	NA	NA	NA	NA	NA	NA	NA	resistant	resistant	NA
562.57259	NA	NA	NA	resistant	NA	NA	NA	resistant	NA	NA	resistant	NA	NA	resistant	NA	NA	resistant	NA	resistant	NA	NA	NA	NA	NA	resistant	NA	NA	NA	NA	NA	NA	NA	NA	NA	NA	NA	resistant	susceptible	NA
562.57258	NA	NA	NA	resistant	NA	NA	NA	resistant	NA	NA	resistant	NA	NA	resistant	NA	NA	resistant	NA	susceptible	NA	NA	NA	NA	NA	susceptible	NA	NA	NA	NA	NA	NA	NA	NA	NA	NA	NA	susceptible	resistant	NA
562.57257	NA	NA	NA	resistant	NA	NA	NA	resistant	NA	NA	resistant	NA	NA	resistant	NA	NA	resistant	NA	susceptible	NA	NA	NA	NA	NA	resistant	NA	NA	NA	NA	NA	NA	NA	NA	NA	NA	NA	resistant	resistant	NA
562.57264	NA	NA	NA	resistant	NA	NA	NA	resistant	NA	NA	resistant	NA	NA	resistant	NA	NA	resistant	NA	susceptible	NA	NA	NA	NA	NA	susceptible	NA	NA	NA	NA	NA	NA	NA	NA	NA	NA	NA	susceptible	resistant	NA
562.77	susceptible	NA	NA	resistant	NA	susceptible	NA	NA	NA	susceptible	NA	NA	NA	susceptible	NA	NA	NA	NA	susceptible	NA	NA	NA	NA	NA	susceptible	NA	NA	susceptible	NA	NA	susceptible	NA	resistant	resistant	NA	NA	susceptible	resistant	NA
1416670.3	NA	NA	NA	NA	NA	NA	NA	NA	NA	NA	resistant*	NA	NA	resistant*	NA	resistant*	NA	NA	susceptible*	NA	NA	NA	NA	NA	susceptible*	NA	NA	NA	NA	NA	NA	NA	NA	NA	NA	NA	NA	NA	NA
1400157.3	NA	NA	NA	NA	NA	NA	NA	NA	NA	NA	NA	NA	NA	resistant*	NA	susceptible*	NA	NA	NA	NA	NA	NA	NA	NA	NA	NA	NA	NA	NA	NA	NA	NA	NA	NA	NA	susceptible*	NA	NA	NA
562.7726	susceptible	NA	NA	resistant	NA	susceptible	NA	NA	NA	susceptible	NA	NA	NA	susceptible	NA	NA	NA	NA	susceptible	NA	NA	NA	NA	NA	susceptible	NA	NA	susceptible	NA	NA	susceptible	NA	susceptible	resistant	NA	NA	susceptible	resistant	NA
562.7727	susceptible	NA	NA	resistant	NA	susceptible	NA	NA	NA	susceptible	NA	NA	NA	susceptible	NA	NA	NA	NA	susceptible	NA	NA	NA	NA	NA	susceptible	NA	NA	susceptible	NA	NA	susceptible	NA	resistant	resistant	NA	NA	susceptible	resistant	NA
562.7728	susceptible	NA	NA	susceptible	NA	susceptible	NA	NA	NA	susceptible	NA	NA	NA	susceptible	NA	NA	NA	NA	susceptible	NA	NA	NA	NA	NA	susceptible	NA	NA	susceptible	NA	NA	susceptible	NA	susceptible	susceptible	NA	NA	susceptible	susceptible	NA
562.773	susceptible	NA	NA	resistant	NA	susceptible	NA	NA	NA	susceptible	NA	NA	NA	susceptible	NA	NA	NA	NA	susceptible	NA	NA	NA	NA	NA	susceptible	NA	NA	susceptible	NA	NA	susceptible	NA	resistant	resistant	NA	NA	susceptible	resistant	NA
562.7731	susceptible	NA	NA	resistant	NA	susceptible	NA	NA	NA	susceptible	NA	NA	NA	susceptible	NA	NA	NA	NA	susceptible	NA	NA	NA	NA	NA	susceptible	NA	NA	susceptible	NA	NA	susceptible	NA	susceptible	resistant	NA	NA	susceptible	resistant	NA
562.7732	susceptible	NA	NA	susceptible	NA	susceptible	NA	NA	NA	susceptible	NA	NA	NA	susceptible	NA	NA	NA	NA	susceptible	NA	NA	NA	NA	NA	susceptible	NA	NA	susceptible	NA	NA	susceptible	NA	susceptible	susceptible	NA	NA	susceptible	susceptible	NA
562.7734	susceptible	NA	NA	susceptible	NA	susceptible	NA	NA	NA	susceptible	NA	NA	NA	susceptible	NA	NA	NA	NA	susceptible	NA	NA	NA	NA	NA	susceptible	NA	NA	susceptible	NA	NA	susceptible	NA	susceptible	resistant	NA	NA	susceptible	resistant	NA
562.7725	susceptible	NA	NA	resistant	NA	susceptible	NA	NA	NA	susceptible	NA	NA	NA	susceptible	NA	NA	NA	NA	susceptible	NA	NA	NA	NA	NA	susceptible	NA	NA	susceptible	NA	NA	susceptible	NA	susceptible	resistant	NA	NA	susceptible	resistant	NA
562.7735	susceptible	NA	NA	resistant	NA	susceptible	NA	NA	NA	susceptible	NA	NA	NA	susceptible	NA	NA	NA	NA	susceptible	NA	NA	NA	NA	NA	susceptible	NA	NA	susceptible	NA	NA	susceptible	NA	resistant	resistant	NA	NA	susceptible	resistant	NA
562.7738	susceptible	NA	NA	susceptible	NA	susceptible	NA	NA	NA	susceptible	NA	NA	NA	susceptible	NA	NA	NA	NA	susceptible	NA	NA	NA	NA	NA	susceptible	NA	NA	susceptible	NA	NA	susceptible	NA	susceptible	susceptible	NA	NA	susceptible	susceptible	NA
562.774	susceptible	NA	NA	resistant	NA	resistant	NA	NA	NA	susceptible	NA	NA	NA	susceptible	NA	NA	NA	NA	susceptible	NA	NA	NA	NA	NA	susceptible	NA	NA	susceptible	NA	NA	resistant	NA	susceptible	resistant	NA	NA	susceptible	resistant	NA
562.7741	susceptible	NA	NA	resistant	NA	susceptible	NA	NA	NA	susceptible	NA	NA	NA	susceptible	NA	NA	NA	NA	susceptible	NA	NA	NA	NA	NA	susceptible	NA	NA	susceptible	NA	NA	susceptible	NA	susceptible	susceptible	NA	NA	susceptible	resistant	NA
562.7742	susceptible	NA	NA	susceptible	NA	susceptible	NA	NA	NA	susceptible	NA	NA	NA	susceptible	NA	NA	NA	NA	susceptible	NA	NA	NA	NA	NA	susceptible	NA	NA	susceptible	NA	NA	intermediate	NA	susceptible	susceptible	NA	NA	susceptible	susceptible	NA
562.7743	susceptible	NA	NA	resistant	NA	susceptible	NA	NA	NA	susceptible	NA	NA	NA	susceptible	NA	NA	NA	NA	susceptible	NA	NA	NA	NA	NA	susceptible	NA	NA	susceptible	NA	NA	susceptible	NA	resistant	resistant	NA	NA	susceptible	resistant	NA
562.7744	susceptible	NA	NA	resistant	NA	susceptible	NA	NA	NA	susceptible	NA	NA	NA	susceptible	NA	NA	NA	NA	susceptible	NA	NA	NA	NA	NA	susceptible	NA	NA	susceptible	NA	NA	susceptible	NA	susceptible	resistant	NA	NA	susceptible	resistant	NA
562.7745	susceptible	NA	NA	resistant	NA	susceptible	NA	NA	NA	susceptible	NA	NA	NA	susceptible	NA	NA	NA	NA	susceptible	NA	NA	NA	NA	NA	susceptible	NA	NA	susceptible	NA	NA	susceptible	NA	resistant	resistant	NA	NA	susceptible	resistant	NA
562.7737	susceptible	NA	NA	resistant	NA	susceptible	NA	NA	NA	susceptible	NA	NA	NA	susceptible	NA	NA	NA	NA	susceptible	NA	NA	NA	NA	NA	susceptible	NA	NA	susceptible	NA	NA	susceptible	NA	resistant	resistant	NA	NA	susceptible	resistant	NA
562.7746	susceptible	NA	NA	resistant	NA	susceptible	NA	NA	NA	susceptible	NA	NA	NA	susceptible	NA	NA	NA	NA	susceptible	NA	NA	NA	NA	NA	susceptible	NA	NA	susceptible	NA	NA	resistant	NA	resistant	resistant	NA	NA	susceptible	resistant	NA
562.7724	susceptible	NA	NA	susceptible	NA	susceptible	NA	NA	NA	susceptible	NA	NA	NA	susceptible	NA	NA	NA	NA	susceptible	NA	NA	NA	NA	NA	susceptible	NA	NA	susceptible	NA	NA	susceptible	NA	resistant	resistant	NA	NA	susceptible	resistant	NA
562.7722	susceptible	NA	NA	susceptible	NA	susceptible	NA	NA	NA	susceptible	NA	NA	NA	susceptible	NA	NA	NA	NA	susceptible	NA	NA	NA	NA	NA	susceptible	NA	NA	susceptible	NA	NA	resistant	NA	susceptible	resistant	NA	NA	susceptible	resistant	NA
562.7702	susceptible	NA	NA	susceptible	NA	susceptible	NA	NA	NA	susceptible	NA	NA	NA	susceptible	NA	NA	NA	NA	susceptible	NA	NA	NA	NA	NA	susceptible	NA	NA	susceptible	NA	NA	susceptible	NA	resistant	susceptible	NA	NA	susceptible	susceptible	NA
562.7703	susceptible	NA	NA	resistant	NA	resistant	NA	NA	NA	susceptible	NA	NA	NA	susceptible	NA	NA	NA	NA	resistant	NA	NA	NA	NA	NA	resistant	NA	NA	susceptible	NA	NA	resistant	NA	susceptible	resistant	NA	NA	resistant	resistant	NA
562.7704	susceptible	NA	NA	resistant	NA	susceptible	NA	NA	NA	susceptible	NA	NA	NA	susceptible	NA	NA	NA	NA	susceptible	NA	NA	NA	NA	NA	susceptible	NA	NA	susceptible	NA	NA	susceptible	NA	resistant	resistant	NA	NA	susceptible	resistant	NA
562.7705	susceptible	NA	NA	susceptible	NA	susceptible	NA	NA	NA	susceptible	NA	NA	NA	susceptible	NA	NA	NA	NA	susceptible	NA	NA	NA	NA	NA	susceptible	NA	NA	susceptible	NA	NA	susceptible	NA	resistant	resistant	NA	NA	susceptible	resistant	NA
562.7706	susceptible	NA	NA	susceptible	NA	susceptible	NA	NA	NA	susceptible	NA	NA	NA	susceptible	NA	NA	NA	NA	susceptible	NA	NA	NA	NA	NA	susceptible	NA	NA	susceptible	NA	NA	susceptible	NA	susceptible	susceptible	NA	NA	susceptible	susceptible	NA
562.7707	susceptible	NA	NA	resistant	NA	susceptible	NA	NA	NA	susceptible	NA	NA	NA	susceptible	NA	NA	NA	NA	susceptible	NA	NA	NA	NA	NA	susceptible	NA	NA	susceptible	NA	NA	susceptible	NA	susceptible	resistant	NA	NA	susceptible	resistant	NA
562.7709	susceptible	NA	NA	susceptible	NA	susceptible	NA	NA	NA	susceptible	NA	NA	NA	susceptible	NA	NA	NA	NA	susceptible	NA	NA	NA	NA	NA	susceptible	NA	NA	susceptible	NA	NA	resistant	NA	susceptible	susceptible	NA	NA	susceptible	susceptible	NA
562.7723	susceptible	NA	NA	resistant	NA	susceptible	NA	NA	NA	susceptible	NA	NA	NA	susceptible	NA	NA	NA	NA	susceptible	NA	NA	NA	NA	NA	susceptible	NA	NA	susceptible	NA	NA	susceptible	NA	resistant	resistant	NA	NA	susceptible	resistant	NA
562.771	susceptible	NA	NA	resistant	NA	susceptible	NA	NA	NA	susceptible	NA	NA	NA	susceptible	NA	NA	NA	NA	susceptible	NA	NA	NA	NA	NA	susceptible	NA	NA	susceptible	NA	NA	susceptible	NA	susceptible	resistant	NA	NA	susceptible	resistant	NA
562.7713	susceptible	NA	NA	susceptible	NA	susceptible	NA	NA	NA	susceptible	NA	NA	NA	susceptible	NA	NA	NA	NA	susceptible	NA	NA	NA	NA	NA	susceptible	NA	NA	susceptible	NA	NA	susceptible	NA	susceptible	susceptible	NA	NA	susceptible	susceptible	NA
562.7714	susceptible	NA	NA	resistant	NA	susceptible	NA	NA	NA	susceptible	NA	NA	NA	susceptible	NA	NA	NA	NA	susceptible	NA	NA	NA	NA	NA	susceptible	NA	NA	susceptible	NA	NA	susceptible	NA	resistant	resistant	NA	NA	susceptible	resistant	NA
562.7717	susceptible	NA	NA	resistant	NA	susceptible	NA	NA	NA	susceptible	NA	NA	NA	susceptible	NA	NA	NA	NA	susceptible	NA	NA	NA	NA	NA	susceptible	NA	NA	susceptible	NA	NA	resistant	NA	susceptible	resistant	NA	NA	susceptible	resistant	NA
562.7718	susceptible	NA	NA	susceptible	NA	susceptible	NA	NA	NA	susceptible	NA	NA	NA	susceptible	NA	NA	NA	NA	susceptible	NA	NA	NA	NA	NA	susceptible	NA	NA	susceptible	NA	NA	susceptible	NA	resistant	susceptible	NA	NA	susceptible	susceptible	NA
562.7719	susceptible	NA	NA	susceptible	NA	susceptible	NA	NA	NA	susceptible	NA	NA	NA	susceptible	NA	NA	NA	NA	susceptible	NA	NA	NA	NA	NA	susceptible	NA	NA	susceptible	NA	NA	susceptible	NA	susceptible	susceptible	NA	NA	susceptible	susceptible	NA
562.772	susceptible	NA	NA	resistant	NA	susceptible	NA	NA	NA	susceptible	NA	NA	NA	susceptible	NA	NA	NA	NA	susceptible	NA	NA	NA	NA	NA	susceptible	NA	NA	susceptible	NA	NA	susceptible	NA	resistant	resistant	NA	NA	susceptible	resistant	NA
562.7721	susceptible	NA	NA	resistant	NA	susceptible	NA	NA	NA	susceptible	NA	NA	NA	susceptible	NA	NA	NA	NA	susceptible	NA	NA	NA	NA	NA	susceptible	NA	NA	susceptible	NA	NA	susceptible	NA	resistant	resistant	NA	NA	susceptible	resistant	NA
562.7712	susceptible	NA	NA	resistant	NA	susceptible	NA	NA	NA	susceptible	NA	NA	NA	susceptible	NA	NA	NA	NA	susceptible	NA	NA	NA	NA	NA	susceptible	NA	NA	susceptible	NA	NA	susceptible	NA	resistant	resistant	NA	NA	susceptible	resistant	NA
1400158.3	NA	NA	NA	susceptible*	NA	NA	NA	NA	NA	NA	NA	NA	NA	NA	NA	susceptible*	NA	NA	NA	NA	NA	NA	NA	NA	susceptible*	NA	NA	NA	NA	NA	NA	NA	NA	NA	NA	NA	NA	NA	NA
562.7747	susceptible	NA	NA	resistant	NA	susceptible	NA	NA	NA	resistant	NA	NA	NA	resistant	NA	NA	NA	NA	susceptible	NA	NA	NA	NA	NA	susceptible	NA	NA	susceptible	NA	NA	susceptible	NA	susceptible	susceptible	NA	NA	susceptible	susceptible	NA
562.775	susceptible	NA	NA	resistant	NA	susceptible	NA	NA	NA	susceptible	NA	NA	NA	susceptible	NA	NA	NA	NA	susceptible	NA	NA	NA	NA	NA	susceptible	NA	NA	susceptible	NA	NA	susceptible	NA	resistant	resistant	NA	NA	susceptible	resistant	NA
562.778	susceptible	NA	NA	susceptible	NA	susceptible	NA	NA	NA	susceptible	NA	NA	NA	susceptible	NA	NA	NA	NA	susceptible	NA	NA	NA	NA	NA	susceptible	NA	NA	susceptible	NA	NA	susceptible	NA	susceptible	resistant	NA	NA	susceptible	resistant	NA
562.7781	susceptible	NA	NA	susceptible	NA	susceptible	NA	NA	NA	susceptible	NA	NA	NA	susceptible	NA	NA	NA	NA	susceptible	NA	NA	NA	NA	NA	susceptible	NA	NA	susceptible	NA	NA	susceptible	NA	resistant	susceptible	NA	NA	susceptible	susceptible	NA
562.7782	susceptible	NA	NA	resistant	NA	susceptible	NA	NA	NA	susceptible	NA	NA	NA	susceptible	NA	NA	NA	NA	susceptible	NA	NA	NA	NA	NA	susceptible	NA	NA	susceptible	NA	NA	resistant	NA	resistant	resistant	NA	NA	susceptible	resistant	NA
562.7783	susceptible	NA	NA	susceptible	NA	susceptible	NA	NA	NA	susceptible	NA	NA	NA	susceptible	NA	NA	NA	NA	susceptible	NA	NA	NA	NA	NA	susceptible	NA	NA	susceptible	NA	NA	susceptible	NA	susceptible	susceptible	NA	NA	susceptible	susceptible	NA
562.7784	susceptible	NA	NA	resistant	NA	resistant	NA	NA	NA	susceptible	NA	NA	NA	susceptible	NA	NA	NA	NA	susceptible	NA	NA	NA	NA	NA	susceptible	NA	NA	susceptible	NA	NA	susceptible	NA	resistant	resistant	NA	NA	susceptible	resistant	NA
562.7785	susceptible	NA	NA	susceptible	NA	susceptible	NA	NA	NA	susceptible	NA	NA	NA	susceptible	NA	NA	NA	NA	susceptible	NA	NA	NA	NA	NA	susceptible	NA	NA	susceptible	NA	NA	susceptible	NA	susceptible	susceptible	NA	NA	susceptible	susceptible	NA
562.7786	susceptible	NA	NA	susceptible	NA	susceptible	NA	NA	NA	susceptible	NA	NA	NA	susceptible	NA	NA	NA	NA	susceptible	NA	NA	NA	NA	NA	susceptible	NA	NA	susceptible	NA	NA	susceptible	NA	susceptible	resistant	NA	NA	susceptible	resistant	NA
562.7779	susceptible	NA	NA	susceptible	NA	susceptible	NA	NA	NA	susceptible	NA	NA	NA	susceptible	NA	NA	NA	NA	susceptible	NA	NA	NA	NA	NA	susceptible	NA	NA	susceptible	NA	NA	susceptible	NA	susceptible	resistant	NA	NA	susceptible	resistant	NA
562.7788	susceptible	NA	NA	susceptible	NA	susceptible	NA	NA	NA	susceptible	NA	NA	NA	susceptible	NA	NA	NA	NA	susceptible	NA	NA	NA	NA	NA	susceptible	NA	NA	susceptible	NA	NA	susceptible	NA	susceptible	susceptible	NA	NA	susceptible	susceptible	NA
562.779	susceptible	NA	NA	resistant	NA	susceptible	NA	NA	NA	susceptible	NA	NA	NA	susceptible	NA	NA	NA	NA	susceptible	NA	NA	NA	NA	NA	susceptible	NA	NA	susceptible	NA	NA	susceptible	NA	resistant	resistant	NA	NA	susceptible	resistant	NA
562.7791	susceptible	NA	NA	resistant	NA	susceptible	NA	NA	NA	susceptible	NA	NA	NA	susceptible	NA	NA	NA	NA	susceptible	NA	NA	NA	NA	NA	susceptible	NA	NA	susceptible	NA	NA	susceptible	NA	susceptible	resistant	NA	NA	susceptible	resistant	NA
562.7792	susceptible	NA	NA	resistant	NA	susceptible	NA	NA	NA	susceptible	NA	NA	NA	susceptible	NA	NA	NA	NA	susceptible	NA	NA	NA	NA	NA	susceptible	NA	NA	susceptible	NA	NA	susceptible	NA	susceptible	resistant	NA	NA	susceptible	resistant	NA
562.7793	susceptible	NA	NA	susceptible	NA	susceptible	NA	NA	NA	susceptible	NA	NA	NA	susceptible	NA	NA	NA	NA	susceptible	NA	NA	NA	NA	NA	susceptible	NA	NA	susceptible	NA	NA	susceptible	NA	susceptible	susceptible	NA	NA	susceptible	susceptible	NA
562.7794	susceptible	NA	NA	resistant	NA	susceptible	NA	NA	NA	susceptible	NA	NA	NA	susceptible	NA	NA	NA	NA	susceptible	NA	NA	NA	NA	NA	susceptible	NA	NA	susceptible	NA	NA	susceptible	NA	resistant	resistant	NA	NA	susceptible	resistant	NA
562.57284	NA	NA	NA	resistant	NA	NA	NA	resistant	NA	NA	resistant	NA	NA	resistant	NA	NA	resistant	NA	susceptible	NA	NA	NA	NA	NA	susceptible	NA	NA	NA	NA	NA	NA	NA	NA	NA	NA	NA	resistant	resistant	NA
1400156.3	NA	NA	NA	NA	NA	NA	NA	NA	NA	NA	NA	NA	NA	resistant*	NA	resistant*	NA	NA	NA	NA	intermediate*	NA	NA	NA	NA	NA	NA	NA	NA	NA	NA	NA	NA	NA	susceptible*	NA	intermediate*	NA	NA
562.7789	susceptible	NA	NA	susceptible	NA	susceptible	NA	NA	NA	susceptible	NA	NA	NA	susceptible	NA	NA	NA	NA	susceptible	NA	NA	NA	NA	NA	susceptible	NA	NA	susceptible	NA	NA	susceptible	NA	susceptible	susceptible	NA	NA	susceptible	susceptible	NA
562.7749	susceptible	NA	NA	susceptible	NA	susceptible	NA	NA	NA	susceptible	NA	NA	NA	susceptible	NA	NA	NA	NA	susceptible	NA	NA	NA	NA	NA	susceptible	NA	NA	susceptible	NA	NA	susceptible	NA	susceptible	resistant	NA	NA	susceptible	resistant	NA
562.7778	susceptible	NA	NA	resistant	NA	susceptible	NA	NA	NA	susceptible	NA	NA	NA	susceptible	NA	NA	NA	NA	susceptible	NA	NA	NA	NA	NA	susceptible	NA	NA	susceptible	NA	NA	susceptible	NA	resistant	resistant	NA	NA	susceptible	resistant	NA
562.7775	susceptible	NA	NA	resistant	NA	resistant	NA	NA	NA	susceptible	NA	NA	NA	susceptible	NA	NA	NA	NA	resistant	NA	NA	NA	NA	NA	susceptible	NA	NA	susceptible	NA	NA	resistant	NA	resistant	resistant	NA	NA	susceptible	resistant	NA
562.7752	susceptible	NA	NA	resistant	NA	susceptible	NA	NA	NA	susceptible	NA	NA	NA	susceptible	NA	NA	NA	NA	susceptible	NA	NA	NA	NA	NA	susceptible	NA	NA	susceptible	NA	NA	susceptible	NA	resistant	resistant	NA	NA	susceptible	resistant	NA
562.7753	susceptible	NA	NA	resistant	NA	susceptible	NA	NA	NA	susceptible	NA	NA	NA	susceptible	NA	NA	NA	NA	susceptible	NA	NA	NA	NA	NA	susceptible	NA	NA	susceptible	NA	NA	intermediate	NA	resistant	resistant	NA	NA	susceptible	resistant	NA
562.7754	susceptible	NA	NA	susceptible	NA	susceptible	NA	NA	NA	susceptible	NA	NA	NA	susceptible	NA	NA	NA	NA	susceptible	NA	NA	NA	NA	NA	susceptible	NA	NA	susceptible	NA	NA	susceptible	NA	resistant	resistant	NA	NA	susceptible	resistant	NA
562.7755	susceptible	NA	NA	resistant	NA	susceptible	NA	NA	NA	susceptible	NA	NA	NA	susceptible	NA	NA	NA	NA	susceptible	NA	NA	NA	NA	NA	susceptible	NA	NA	susceptible	NA	NA	susceptible	NA	susceptible	susceptible	NA	NA	susceptible	susceptible	NA
562.7757	susceptible	NA	NA	resistant	NA	resistant	NA	NA	NA	susceptible	NA	NA	NA	susceptible	NA	NA	NA	NA	susceptible	NA	NA	NA	NA	NA	susceptible	NA	NA	susceptible	NA	NA	susceptible	NA	resistant	resistant	NA	NA	susceptible	resistant	NA
562.7758	susceptible	NA	NA	susceptible	NA	susceptible	NA	NA	NA	susceptible	NA	NA	NA	susceptible	NA	NA	NA	NA	susceptible	NA	NA	NA	NA	NA	susceptible	NA	NA	susceptible	NA	NA	susceptible	NA	susceptible	resistant	NA	NA	susceptible	resistant	NA
562.7759	susceptible	NA	NA	susceptible	NA	susceptible	NA	NA	NA	susceptible	NA	NA	NA	susceptible	NA	NA	NA	NA	susceptible	NA	NA	NA	NA	NA	susceptible	NA	NA	susceptible	NA	NA	resistant	NA	susceptible	susceptible	NA	NA	susceptible	susceptible	NA
562.7777	susceptible	NA	NA	resistant	NA	susceptible	NA	NA	NA	susceptible	NA	NA	NA	susceptible	NA	NA	NA	NA	susceptible	NA	NA	NA	NA	NA	susceptible	NA	NA	susceptible	NA	NA	susceptible	NA	resistant	resistant	NA	NA	susceptible	resistant	NA
562.776	susceptible	NA	NA	resistant	NA	susceptible	NA	NA	NA	susceptible	NA	NA	NA	susceptible	NA	NA	NA	NA	susceptible	NA	NA	NA	NA	NA	susceptible	NA	NA	susceptible	NA	NA	susceptible	NA	resistant	resistant	NA	NA	susceptible	resistant	NA
562.7762	susceptible	NA	NA	susceptible	NA	susceptible	NA	NA	NA	susceptible	NA	NA	NA	susceptible	NA	NA	NA	NA	susceptible	NA	NA	NA	NA	NA	susceptible	NA	NA	susceptible	NA	NA	susceptible	NA	susceptible	susceptible	NA	NA	susceptible	susceptible	NA
562.7765	susceptible	NA	NA	susceptible	NA	susceptible	NA	NA	NA	susceptible	NA	NA	NA	susceptible	NA	NA	NA	NA	susceptible	NA	NA	NA	NA	NA	susceptible	NA	NA	susceptible	NA	NA	susceptible	NA	susceptible	susceptible	NA	NA	susceptible	susceptible	NA
562.7766	susceptible	NA	NA	susceptible	NA	susceptible	NA	NA	NA	susceptible	NA	NA	NA	susceptible	NA	NA	NA	NA	susceptible	NA	NA	NA	NA	NA	susceptible	NA	NA	susceptible	NA	NA	susceptible	NA	susceptible	susceptible	NA	NA	susceptible	susceptible	NA
562.7767	susceptible	NA	NA	resistant	NA	resistant	NA	NA	NA	susceptible	NA	NA	NA	susceptible	NA	NA	NA	NA	susceptible	NA	NA	NA	NA	NA	susceptible	NA	NA	susceptible	NA	NA	resistant	NA	resistant	resistant	NA	NA	susceptible	resistant	NA
562.7769	susceptible	NA	NA	resistant	NA	susceptible	NA	NA	NA	susceptible	NA	NA	NA	susceptible	NA	NA	NA	NA	susceptible	NA	NA	NA	NA	NA	susceptible	NA	NA	susceptible	NA	NA	susceptible	NA	resistant	resistant	NA	NA	susceptible	resistant	NA
562.7771	susceptible	NA	NA	resistant	NA	susceptible	NA	NA	NA	susceptible	NA	NA	NA	susceptible	NA	NA	NA	NA	resistant	NA	NA	NA	NA	NA	resistant	NA	NA	susceptible	NA	NA	resistant	NA	susceptible	susceptible	NA	NA	resistant	susceptible	NA
562.7772	susceptible	NA	NA	susceptible	NA	susceptible	NA	NA	NA	susceptible	NA	NA	NA	susceptible	NA	NA	NA	NA	susceptible	NA	NA	NA	NA	NA	susceptible	NA	NA	susceptible	NA	NA	susceptible	NA	susceptible	susceptible	NA	NA	susceptible	susceptible	NA
562.7761	susceptible	NA	NA	susceptible	NA	susceptible	NA	NA	NA	susceptible	NA	NA	NA	susceptible	NA	NA	NA	NA	susceptible	NA	NA	NA	NA	NA	susceptible	NA	NA	susceptible	NA	NA	susceptible	NA	susceptible	susceptible	NA	NA	susceptible	susceptible	NA
562.45663	NA	NA	NA	NA	susceptible	NA	NA	NA	susceptible	NA	NA	susceptible	NA	NA	susceptible	susceptible	NA	resistant	NA	NA	NA	resistant	NA	susceptible	NA	NA	resistant	NA	susceptible	susceptible	NA	NA	NA	NA	NA	NA	NA	NA	resistant
562.5259	NA	NA	NA	NA	NA	NA	NA	NA	NA	NA	resistant*	NA	NA	NA	NA	NA	NA	NA	resistant*	resistant*	NA	NA	NA	NA	NA	NA	NA	NA	NA	NA	NA	NA	NA	NA	NA	susceptible*	NA	NA	NA
562.45662	NA	NA	NA	NA	susceptible	NA	NA	NA	resistant	NA	NA	susceptible	NA	NA	susceptible	susceptible	NA	resistant	NA	NA	NA	resistant	NA	susceptible	NA	NA	resistant	NA	susceptible	intermediate	NA	NA	NA	NA	NA	NA	NA	NA	resistant
562.26273	NA	NA	NA	susceptible*	NA	NA	NA	NA	NA	NA	NA	NA	NA	NA	NA	susceptible*	NA	NA	susceptible*	NA	NA	NA	NA	NA	susceptible*	NA	NA	NA	NA	NA	NA	NA	NA	NA	NA	NA	NA	NA	NA
562.26272	NA	NA	NA	NA	NA	NA	NA	NA	NA	NA	NA	NA	NA	NA	NA	susceptible*	NA	NA	susceptible*	NA	NA	NA	NA	NA	susceptible*	NA	NA	NA	NA	NA	NA	NA	NA	NA	NA	NA	NA	NA	NA
562.23936	NA	susceptible	susceptible	NA	NA	NA	NA	NA	NA	NA	susceptible	NA	NA	susceptible	NA	NA	susceptible	NA	susceptible	NA	NA	NA	NA	NA	susceptible	susceptible	NA	NA	NA	NA	NA	susceptible	NA	NA	NA	susceptible	NA	NA	NA
562.23935	NA	resistant	resistant	NA	NA	NA	NA	NA	NA	NA	susceptible	NA	NA	susceptible	NA	NA	susceptible	NA	susceptible	NA	NA	NA	NA	NA	susceptible	susceptible	NA	NA	NA	NA	NA	susceptible	NA	NA	NA	susceptible	NA	NA	NA
562.23934	NA	susceptible	susceptible	NA	NA	NA	NA	NA	NA	NA	susceptible	NA	NA	susceptible	NA	NA	susceptible	NA	susceptible	NA	NA	NA	NA	NA	susceptible	susceptible	NA	NA	NA	NA	NA	susceptible	NA	NA	NA	susceptible	NA	NA	NA
562.23933	NA	resistant	resistant	NA	NA	NA	NA	NA	NA	NA	susceptible	NA	NA	susceptible	NA	NA	susceptible	NA	susceptible	NA	NA	NA	NA	NA	susceptible	susceptible	NA	NA	NA	NA	NA	susceptible	NA	NA	NA	susceptible	NA	NA	NA
562.23932	NA	susceptible	susceptible	NA	NA	NA	NA	NA	NA	NA	susceptible	NA	NA	susceptible	NA	NA	susceptible	NA	susceptible	NA	NA	NA	NA	NA	susceptible	susceptible	NA	NA	NA	NA	NA	intermediate	NA	NA	NA	susceptible	NA	NA	NA
562.26274	NA	NA	NA	NA	NA	NA	NA	NA	NA	NA	NA	NA	NA	NA	NA	resistant*	NA	NA	susceptible*	NA	NA	NA	NA	NA	susceptible*	NA	NA	NA	NA	NA	NA	NA	NA	NA	susceptible*	NA	NA	NA	NA
562.23931	NA	resistant	susceptible	NA	NA	NA	NA	NA	NA	NA	susceptible	NA	NA	susceptible	NA	NA	susceptible	NA	susceptible	NA	NA	NA	NA	NA	susceptible	susceptible	NA	NA	NA	NA	NA	susceptible	NA	NA	NA	susceptible	NA	NA	NA
562.23929	NA	susceptible	susceptible	NA	NA	NA	NA	NA	NA	NA	susceptible	NA	NA	susceptible	NA	NA	susceptible	NA	susceptible	NA	NA	NA	NA	NA	susceptible	susceptible	NA	NA	NA	NA	NA	susceptible	NA	NA	NA	susceptible	NA	NA	NA
562.23928	NA	resistant	resistant	NA	NA	NA	NA	NA	NA	NA	susceptible	NA	NA	susceptible	NA	NA	resistant	NA	resistant	NA	NA	NA	NA	NA	susceptible	susceptible	NA	NA	NA	NA	NA	susceptible	NA	NA	NA	susceptible	NA	NA	NA
562.23927	NA	resistant	resistant	NA	NA	NA	NA	NA	NA	NA	susceptible	NA	NA	susceptible	NA	NA	resistant	NA	susceptible	NA	NA	NA	NA	NA	susceptible	susceptible	NA	NA	NA	NA	NA	susceptible	NA	NA	NA	susceptible	NA	NA	NA
562.23926	NA	susceptible	susceptible	NA	NA	NA	NA	NA	NA	NA	susceptible	NA	NA	susceptible	NA	NA	susceptible	NA	intermediate	NA	NA	NA	NA	NA	susceptible	susceptible	NA	NA	NA	NA	NA	susceptible	NA	NA	NA	susceptible	NA	NA	NA
562.23925	NA	resistant	resistant	NA	NA	NA	NA	NA	NA	NA	susceptible	NA	NA	susceptible	NA	NA	susceptible	NA	susceptible	NA	NA	NA	NA	NA	susceptible	susceptible	NA	NA	NA	NA	NA	resistant	NA	NA	NA	susceptible	NA	NA	NA
562.23924	NA	susceptible	susceptible	NA	NA	NA	NA	NA	NA	NA	susceptible	NA	NA	susceptible	NA	NA	susceptible	NA	susceptible	NA	NA	NA	NA	NA	susceptible	susceptible	NA	NA	NA	NA	NA	susceptible	NA	NA	NA	susceptible	NA	NA	NA
562.23923	NA	resistant	susceptible	NA	NA	NA	NA	NA	NA	NA	susceptible	NA	NA	susceptible	NA	NA	susceptible	NA	resistant	NA	NA	NA	NA	NA	susceptible	susceptible	NA	NA	NA	NA	NA	susceptible	NA	NA	NA	susceptible	NA	NA	NA
562.2393	NA	resistant	susceptible	NA	NA	NA	NA	NA	NA	NA	susceptible	NA	NA	susceptible	NA	NA	susceptible	NA	susceptible	NA	NA	NA	NA	NA	susceptible	susceptible	NA	NA	NA	NA	NA	susceptible	NA	NA	NA	susceptible	NA	NA	NA
562.23922	NA	susceptible	susceptible	NA	NA	NA	NA	NA	NA	NA	susceptible	NA	NA	susceptible	NA	NA	susceptible	NA	susceptible	NA	NA	NA	NA	NA	susceptible	susceptible	NA	NA	NA	NA	NA	susceptible	NA	NA	NA	susceptible	NA	NA	NA
562.26275	NA	NA	NA	susceptible*	NA	NA	NA	NA	NA	NA	NA	NA	NA	NA	NA	susceptible*	NA	NA	NA	NA	NA	NA	NA	NA	susceptible*	NA	NA	NA	NA	NA	NA	NA	NA	NA	NA	NA	NA	NA	NA
562.26277	NA	NA	NA	NA	NA	NA	NA	NA	NA	NA	NA	NA	NA	NA	NA	susceptible*	NA	NA	resistant*	NA	NA	NA	NA	NA	susceptible*	NA	NA	NA	NA	NA	NA	NA	NA	NA	NA	NA	NA	NA	NA
562.26293	NA	NA	NA	susceptible*	NA	NA	NA	NA	NA	NA	NA	NA	NA	NA	NA	susceptible*	NA	NA	susceptible*	NA	NA	NA	NA	NA	susceptible*	NA	NA	NA	NA	NA	NA	NA	NA	NA	NA	NA	NA	NA	NA
562.26292	NA	NA	NA	susceptible*	NA	NA	NA	NA	NA	NA	NA	NA	NA	NA	NA	susceptible*	NA	NA	susceptible*	NA	NA	NA	NA	NA	susceptible*	NA	NA	NA	NA	NA	NA	NA	NA	NA	NA	NA	NA	NA	NA
562.26291	NA	NA	NA	NA	NA	NA	NA	NA	NA	NA	NA	NA	NA	NA	NA	resistant*	NA	NA	NA	NA	NA	NA	NA	NA	susceptible*	NA	NA	NA	NA	NA	NA	NA	NA	NA	NA	NA	NA	NA	NA
562.2629	NA	NA	NA	NA	NA	NA	NA	NA	NA	NA	NA	NA	NA	NA	NA	susceptible*	NA	NA	susceptible*	NA	NA	NA	NA	NA	susceptible*	NA	NA	NA	NA	NA	NA	NA	NA	NA	NA	NA	NA	NA	NA
562.26289	NA	NA	NA	NA	NA	NA	NA	NA	NA	NA	NA	NA	NA	NA	NA	resistant*	NA	NA	susceptible*	NA	NA	NA	NA	NA	susceptible*	NA	NA	NA	NA	NA	NA	NA	NA	NA	NA	NA	NA	NA	NA
562.26288	NA	NA	NA	NA	NA	NA	NA	NA	NA	NA	NA	NA	NA	NA	NA	susceptible*	NA	NA	NA	NA	NA	NA	NA	NA	susceptible*	NA	NA	NA	NA	NA	NA	NA	NA	NA	NA	NA	NA	NA	NA
562.26287	NA	NA	NA	NA	NA	NA	NA	NA	NA	NA	NA	NA	NA	NA	NA	susceptible*	NA	NA	NA	NA	NA	NA	NA	NA	susceptible*	NA	NA	NA	NA	NA	NA	NA	NA	NA	NA	NA	NA	NA	NA
562.26276	NA	NA	NA	NA	NA	NA	NA	NA	NA	NA	NA	NA	NA	NA	NA	susceptible*	NA	NA	susceptible*	NA	NA	NA	NA	NA	susceptible*	NA	NA	NA	NA	NA	NA	NA	NA	NA	NA	NA	NA	NA	NA
562.26286	NA	NA	NA	susceptible*	NA	NA	NA	NA	NA	NA	NA	NA	NA	NA	NA	susceptible*	NA	NA	NA	NA	NA	NA	NA	NA	susceptible*	NA	NA	NA	NA	NA	NA	NA	NA	NA	NA	NA	NA	NA	NA
562.26284	NA	NA	NA	NA	NA	NA	NA	NA	NA	NA	NA	NA	NA	NA	NA	susceptible*	NA	NA	resistant*	NA	NA	NA	NA	NA	susceptible*	NA	NA	NA	NA	NA	NA	NA	NA	NA	NA	NA	NA	NA	NA
562.26283	NA	NA	NA	susceptible*	NA	NA	NA	NA	NA	NA	NA	NA	NA	NA	NA	susceptible*	NA	NA	NA	NA	NA	NA	NA	NA	susceptible*	NA	NA	NA	NA	NA	NA	NA	NA	NA	NA	NA	NA	NA	NA
562.26282	NA	NA	NA	NA	NA	NA	NA	NA	NA	NA	NA	NA	NA	NA	NA	resistant*	NA	NA	susceptible*	NA	NA	NA	NA	NA	susceptible*	NA	NA	NA	NA	NA	NA	NA	NA	NA	susceptible*	NA	NA	NA	NA
562.26281	NA	NA	NA	NA	NA	NA	NA	NA	NA	NA	NA	NA	NA	NA	NA	resistant*	NA	NA	susceptible*	NA	NA	NA	NA	NA	susceptible*	NA	NA	NA	NA	NA	NA	NA	NA	NA	susceptible*	NA	NA	NA	NA
562.2628	NA	NA	NA	NA	NA	NA	NA	NA	NA	NA	NA	NA	NA	NA	NA	susceptible*	NA	NA	susceptible*	NA	NA	NA	NA	NA	susceptible*	NA	NA	NA	NA	NA	NA	NA	NA	NA	NA	NA	NA	NA	NA
562.26279	NA	NA	NA	NA	NA	NA	NA	NA	NA	NA	NA	NA	NA	NA	NA	resistant*	NA	NA	susceptible*	NA	NA	NA	NA	NA	susceptible*	NA	NA	NA	NA	NA	NA	NA	NA	NA	NA	NA	NA	NA	NA
562.26278	NA	NA	NA	NA	NA	NA	NA	NA	NA	NA	NA	NA	NA	NA	NA	resistant*	NA	NA	NA	NA	NA	NA	NA	NA	susceptible*	NA	NA	NA	NA	NA	NA	NA	NA	NA	NA	NA	NA	NA	NA
562.26285	NA	NA	NA	susceptible*	NA	NA	NA	NA	NA	NA	NA	NA	NA	NA	NA	susceptible*	NA	NA	resistant*	NA	NA	NA	NA	NA	susceptible*	NA	NA	NA	NA	NA	NA	NA	NA	NA	NA	NA	NA	NA	NA
562.23921	NA	susceptible	susceptible	NA	NA	NA	NA	NA	NA	NA	susceptible	NA	NA	susceptible	NA	NA	susceptible	NA	susceptible	NA	NA	NA	NA	NA	susceptible	susceptible	NA	NA	NA	NA	NA	susceptible	NA	NA	NA	susceptible	NA	NA	NA
562.2392	NA	resistant	susceptible	NA	NA	NA	NA	NA	NA	NA	susceptible	NA	NA	susceptible	NA	NA	susceptible	NA	susceptible	NA	NA	NA	NA	NA	susceptible	susceptible	NA	NA	NA	NA	NA	susceptible	NA	NA	NA	susceptible	NA	NA	NA
562.23919	NA	susceptible	susceptible	NA	NA	NA	NA	NA	NA	NA	susceptible	NA	NA	susceptible	NA	NA	susceptible	NA	susceptible	NA	NA	NA	NA	NA	susceptible	susceptible	NA	NA	NA	NA	NA	susceptible	NA	NA	NA	susceptible	NA	NA	NA
562.23897	NA	susceptible	susceptible	NA	NA	NA	NA	NA	NA	NA	susceptible	NA	NA	susceptible	NA	NA	susceptible	NA	susceptible	NA	NA	NA	NA	NA	susceptible	susceptible	NA	NA	NA	NA	NA	susceptible	NA	NA	NA	susceptible	NA	NA	NA
562.23896	NA	susceptible	susceptible	NA	NA	NA	NA	NA	NA	NA	susceptible	NA	NA	susceptible	NA	NA	susceptible	NA	susceptible	NA	NA	NA	NA	NA	susceptible	susceptible	NA	NA	NA	NA	NA	susceptible	NA	NA	NA	susceptible	NA	NA	NA
562.23895	NA	resistant	resistant	NA	NA	NA	NA	NA	NA	NA	resistant	NA	NA	resistant	NA	NA	resistant	NA	resistant	NA	NA	NA	NA	NA	resistant	susceptible	NA	NA	NA	NA	NA	susceptible	NA	NA	NA	susceptible	NA	NA	NA
562.23894	NA	resistant	resistant	NA	NA	NA	NA	NA	NA	NA	resistant	NA	NA	resistant	NA	NA	resistant	NA	resistant	NA	NA	NA	NA	NA	resistant	susceptible	NA	NA	NA	NA	NA	susceptible	NA	NA	NA	susceptible	NA	NA	NA
562.23893	NA	susceptible	susceptible	NA	NA	NA	NA	NA	NA	NA	susceptible	NA	NA	susceptible	NA	NA	resistant	NA	susceptible	NA	NA	NA	NA	NA	susceptible	susceptible	NA	NA	NA	NA	NA	susceptible	NA	NA	NA	susceptible	NA	NA	NA
562.23892	NA	resistant	resistant	NA	NA	NA	NA	NA	NA	NA	susceptible	NA	NA	susceptible	NA	NA	resistant	NA	susceptible	NA	NA	NA	NA	NA	susceptible	susceptible	NA	NA	NA	NA	NA	susceptible	NA	NA	NA	susceptible	NA	NA	NA
562.23891	NA	susceptible	susceptible	NA	NA	NA	NA	NA	NA	NA	susceptible	NA	NA	susceptible	NA	NA	susceptible	NA	susceptible	NA	NA	NA	NA	NA	susceptible	susceptible	NA	NA	NA	NA	NA	susceptible	NA	NA	NA	susceptible	NA	NA	NA
562.23898	NA	susceptible	susceptible	NA	NA	NA	NA	NA	NA	NA	susceptible	NA	NA	susceptible	NA	NA	susceptible	NA	susceptible	NA	NA	NA	NA	NA	susceptible	susceptible	NA	NA	NA	NA	NA	susceptible	NA	NA	NA	susceptible	NA	NA	NA
562.2389	NA	resistant	resistant	NA	NA	NA	NA	NA	NA	NA	susceptible	NA	NA	susceptible	NA	NA	susceptible	NA	susceptible	NA	NA	NA	NA	NA	susceptible	susceptible	NA	NA	NA	NA	NA	susceptible	NA	NA	NA	susceptible	NA	NA	NA
562.23888	NA	resistant	resistant	NA	NA	NA	NA	NA	NA	NA	susceptible	NA	NA	susceptible	NA	NA	susceptible	NA	resistant	NA	NA	NA	NA	NA	susceptible	susceptible	NA	NA	NA	NA	NA	susceptible	NA	NA	NA	susceptible	NA	NA	NA
562.23887	NA	susceptible	susceptible	NA	NA	NA	NA	NA	NA	NA	susceptible	NA	NA	susceptible	NA	NA	susceptible	NA	susceptible	NA	NA	NA	NA	NA	susceptible	susceptible	NA	NA	NA	NA	NA	susceptible	NA	NA	NA	susceptible	NA	NA	NA
562.23886	NA	resistant	susceptible	NA	NA	NA	NA	NA	NA	NA	susceptible	NA	NA	susceptible	NA	NA	susceptible	NA	susceptible	NA	NA	NA	NA	NA	susceptible	susceptible	NA	NA	NA	NA	NA	susceptible	NA	NA	NA	susceptible	NA	NA	NA
562.23885	NA	resistant	resistant	NA	NA	NA	NA	NA	NA	NA	susceptible	NA	NA	susceptible	NA	NA	susceptible	NA	susceptible	NA	NA	NA	NA	NA	susceptible	susceptible	NA	NA	NA	NA	NA	susceptible	NA	NA	NA	susceptible	NA	NA	NA
562.23884	NA	resistant	resistant	NA	NA	NA	NA	NA	NA	NA	resistant	NA	NA	intermediate	NA	NA	resistant	NA	resistant	NA	NA	NA	NA	NA	intermediate	susceptible	NA	NA	NA	NA	NA	intermediate	NA	NA	NA	susceptible	NA	NA	NA
562.23883	NA	resistant	resistant	NA	NA	NA	NA	NA	NA	NA	susceptible	NA	NA	susceptible	NA	NA	susceptible	NA	susceptible	NA	NA	NA	NA	NA	susceptible	susceptible	NA	NA	NA	NA	NA	susceptible	NA	NA	NA	susceptible	NA	NA	NA
562.23882	NA	resistant	susceptible	NA	NA	NA	NA	NA	NA	NA	susceptible	NA	NA	susceptible	NA	NA	susceptible	NA	susceptible	NA	NA	NA	NA	NA	susceptible	susceptible	NA	NA	NA	NA	NA	susceptible	NA	NA	NA	susceptible	NA	NA	NA
562.23889	NA	susceptible	susceptible	NA	NA	NA	NA	NA	NA	NA	susceptible	NA	NA	susceptible	NA	NA	susceptible	NA	susceptible	NA	NA	NA	NA	NA	susceptible	susceptible	NA	NA	NA	NA	NA	susceptible	NA	NA	NA	susceptible	NA	NA	NA
562.23899	NA	resistant	resistant	NA	NA	NA	NA	NA	NA	NA	resistant	NA	NA	resistant	NA	NA	resistant	NA	resistant	NA	NA	NA	NA	NA	resistant	susceptible	NA	NA	NA	NA	NA	susceptible	NA	NA	NA	susceptible	NA	NA	NA
562.239	NA	susceptible	susceptible	NA	NA	NA	NA	NA	NA	NA	susceptible	NA	NA	susceptible	NA	NA	susceptible	NA	resistant	NA	NA	NA	NA	NA	susceptible	susceptible	NA	NA	NA	NA	NA	susceptible	NA	NA	NA	susceptible	NA	NA	NA
562.23901	NA	resistant	susceptible	NA	NA	NA	NA	NA	NA	NA	susceptible	NA	NA	susceptible	NA	NA	susceptible	NA	resistant	NA	NA	NA	NA	NA	susceptible	susceptible	NA	NA	NA	NA	NA	susceptible	NA	NA	NA	susceptible	NA	NA	NA
562.23918	NA	resistant	resistant	NA	NA	NA	NA	NA	NA	NA	susceptible	NA	NA	susceptible	NA	NA	susceptible	NA	susceptible	NA	NA	NA	NA	NA	susceptible	susceptible	NA	NA	NA	NA	NA	resistant	NA	NA	NA	susceptible	NA	NA	NA
562.23917	NA	resistant	susceptible	NA	NA	NA	NA	NA	NA	NA	susceptible	NA	NA	susceptible	NA	NA	susceptible	NA	susceptible	NA	NA	NA	NA	NA	susceptible	susceptible	NA	NA	NA	NA	NA	susceptible	NA	NA	NA	susceptible	NA	NA	NA
562.23916	NA	resistant	resistant	NA	NA	NA	NA	NA	NA	NA	susceptible	NA	NA	susceptible	NA	NA	susceptible	NA	susceptible	NA	NA	NA	NA	NA	susceptible	susceptible	NA	NA	NA	NA	NA	susceptible	NA	NA	NA	susceptible	NA	NA	NA
562.23915	NA	resistant	susceptible	NA	NA	NA	NA	NA	NA	NA	susceptible	NA	NA	susceptible	NA	NA	susceptible	NA	susceptible	NA	NA	NA	NA	NA	susceptible	susceptible	NA	NA	NA	NA	NA	susceptible	NA	NA	NA	susceptible	NA	NA	NA
562.23914	NA	resistant	resistant	NA	NA	NA	NA	NA	NA	NA	resistant	NA	NA	resistant	NA	NA	resistant	NA	susceptible	NA	NA	NA	NA	NA	susceptible	susceptible	NA	NA	NA	NA	NA	susceptible	NA	NA	NA	susceptible	NA	NA	NA
562.23913	NA	resistant	resistant	NA	NA	NA	NA	NA	NA	NA	NA	NA	NA	susceptible	NA	NA	resistant	NA	susceptible	NA	NA	NA	NA	NA	intermediate	susceptible	NA	NA	NA	NA	NA	resistant	NA	NA	NA	NA	NA	NA	NA
562.23912	NA	resistant	resistant	NA	NA	NA	NA	NA	NA	NA	susceptible	NA	NA	susceptible	NA	NA	susceptible	NA	susceptible	NA	NA	NA	NA	NA	susceptible	susceptible	NA	NA	NA	NA	NA	susceptible	NA	NA	NA	susceptible	NA	NA	NA
562.23911	NA	resistant	resistant	NA	NA	NA	NA	NA	NA	NA	resistant	NA	NA	susceptible	NA	NA	resistant	NA	resistant	NA	NA	NA	NA	NA	susceptible	susceptible	NA	NA	NA	NA	NA	susceptible	NA	NA	NA	susceptible	NA	NA	NA
562.2391	NA	resistant	resistant	NA	NA	NA	NA	NA	NA	NA	susceptible	NA	NA	susceptible	NA	NA	susceptible	NA	susceptible	NA	NA	NA	NA	NA	susceptible	susceptible	NA	NA	NA	NA	NA	susceptible	NA	NA	NA	susceptible	NA	NA	NA
562.23909	NA	resistant	resistant	NA	NA	NA	NA	NA	NA	NA	resistant	NA	NA	resistant	NA	NA	resistant	NA	resistant	NA	NA	NA	NA	NA	resistant	susceptible	NA	NA	NA	NA	NA	susceptible	NA	NA	NA	susceptible	NA	NA	NA
562.23908	NA	susceptible	susceptible	NA	NA	NA	NA	NA	NA	NA	susceptible	NA	NA	susceptible	NA	NA	susceptible	NA	susceptible	NA	NA	NA	NA	NA	susceptible	susceptible	NA	NA	NA	NA	NA	susceptible	NA	NA	NA	susceptible	NA	NA	NA
562.23907	NA	resistant	susceptible	NA	NA	NA	NA	NA	NA	NA	susceptible	NA	NA	susceptible	NA	NA	resistant	NA	susceptible	NA	NA	NA	NA	NA	resistant	susceptible	NA	NA	NA	NA	NA	susceptible	NA	NA	NA	susceptible	NA	NA	NA
562.23906	NA	resistant	resistant	NA	NA	NA	NA	NA	NA	NA	susceptible	NA	NA	susceptible	NA	NA	resistant	NA	susceptible	NA	NA	NA	NA	NA	susceptible	susceptible	NA	NA	NA	NA	NA	susceptible	NA	NA	NA	susceptible	NA	NA	NA
562.23905	NA	susceptible	susceptible	NA	NA	NA	NA	NA	NA	NA	susceptible	NA	NA	susceptible	NA	NA	susceptible	NA	susceptible	NA	NA	NA	NA	NA	susceptible	susceptible	NA	NA	NA	NA	NA	susceptible	NA	NA	NA	susceptible	NA	NA	NA
562.23904	NA	resistant	resistant	NA	NA	NA	NA	NA	NA	NA	susceptible	NA	NA	susceptible	NA	NA	susceptible	NA	susceptible	NA	NA	NA	NA	NA	susceptible	susceptible	NA	NA	NA	NA	NA	susceptible	NA	NA	NA	susceptible	NA	NA	NA
562.23903	NA	susceptible	susceptible	NA	NA	NA	NA	NA	NA	NA	susceptible	NA	NA	susceptible	NA	NA	susceptible	NA	susceptible	NA	NA	NA	NA	NA	susceptible	susceptible	NA	NA	NA	NA	NA	susceptible	NA	NA	NA	susceptible	NA	NA	NA
562.23902	NA	resistant	susceptible	NA	NA	NA	NA	NA	NA	NA	susceptible	NA	NA	susceptible	NA	NA	susceptible	NA	susceptible	NA	NA	NA	NA	NA	susceptible	susceptible	NA	NA	NA	NA	NA	susceptible	NA	NA	NA	susceptible	NA	NA	NA
562.26294	NA	NA	NA	NA	NA	NA	NA	NA	NA	NA	NA	NA	NA	NA	NA	susceptible*	NA	NA	susceptible*	NA	NA	NA	NA	NA	NA	NA	NA	NA	NA	NA	NA	NA	NA	NA	NA	NA	NA	NA	NA
562.26295	NA	NA	NA	NA	NA	NA	NA	NA	NA	NA	NA	NA	NA	NA	NA	susceptible*	NA	NA	resistant*	NA	NA	NA	NA	NA	NA	NA	NA	NA	NA	NA	NA	NA	NA	NA	NA	NA	NA	NA	NA
562.26296	NA	NA	NA	NA	NA	NA	NA	NA	NA	NA	NA	NA	NA	NA	NA	susceptible*	NA	NA	susceptible*	NA	NA	NA	NA	NA	susceptible*	NA	NA	NA	NA	NA	NA	NA	NA	NA	NA	NA	NA	NA	NA
562.26297	NA	NA	NA	susceptible*	NA	NA	NA	NA	NA	NA	NA	NA	NA	NA	NA	susceptible*	NA	NA	susceptible*	NA	NA	NA	NA	NA	susceptible*	NA	NA	NA	NA	NA	NA	NA	NA	NA	NA	NA	NA	NA	NA
562.30434	NA	NA	NA	NA	resistant	NA	NA	NA	resistant	NA	resistant*	NA	NA	resistant*	NA	resistant	NA	NA	resistant*	NA	resistant	NA	NA	NA	susceptible*	NA	resistant	NA	NA	NA	NA	NA	NA	NA	resistant	NA	NA	NA	resistant
562.30362	NA	NA	NA	NA	resistant	NA	NA	NA	resistant	NA	resistant*	NA	NA	resistant*	NA	resistant	NA	NA	resistant*	NA	susceptible	NA	NA	NA	susceptible*	NA	resistant	NA	NA	NA	NA	NA	NA	NA	resistant	NA	NA	NA	resistant
562.30349	intermediate	resistant	resistant	resistant	NA	resistant	resistant	NA	NA	NA	resistant	NA	NA	resistant	NA	resistant*	resistant	NA	resistant	susceptible	NA	NA	resistant	NA	susceptible	resistant	NA	resistant	NA	NA	NA	resistant	NA	NA	NA	susceptible	resistant	NA	NA
562.3031	NA	NA	NA	NA	NA	NA	NA	NA	NA	NA	resistant*	NA	NA	NA	resistant	NA	NA	susceptible	NA	NA	NA	NA	NA	NA	NA	NA	NA	NA	NA	NA	NA	NA	NA	NA	resistant	NA	NA	NA	resistant
562.30309	NA	NA	NA	NA	NA	NA	NA	NA	NA	NA	resistant*	NA	NA	NA	resistant	NA	NA	susceptible	NA	NA	NA	NA	NA	NA	NA	NA	NA	NA	NA	NA	NA	NA	NA	NA	resistant	NA	NA	NA	resistant
562.30307	NA	NA	NA	NA	NA	NA	NA	NA	NA	NA	resistant*	NA	NA	NA	resistant	NA	NA	resistant	NA	NA	NA	NA	NA	NA	NA	NA	NA	NA	NA	NA	NA	NA	NA	NA	resistant	NA	NA	NA	intermediate
562.30306	NA	NA	NA	NA	NA	NA	NA	NA	NA	NA	resistant*	NA	NA	NA	resistant	NA	NA	resistant	NA	NA	NA	NA	NA	NA	NA	NA	NA	NA	NA	NA	NA	NA	NA	NA	resistant	NA	NA	NA	resistant
562.30435	NA	NA	NA	NA	resistant	NA	NA	NA	resistant	NA	resistant*	NA	NA	resistant*	NA	resistant	NA	NA	resistant*	NA	susceptible	NA	NA	NA	NA	NA	resistant	NA	NA	NA	NA	NA	NA	NA	intermediate	NA	NA	NA	resistant
562.30304	NA	NA	NA	NA	NA	NA	NA	NA	NA	NA	resistant*	NA	NA	NA	resistant	NA	NA	resistant	NA	NA	NA	NA	NA	NA	NA	NA	NA	NA	NA	NA	NA	NA	NA	NA	resistant	NA	NA	NA	intermediate
562.29008	NA	NA	NA	NA	resistant	NA	NA	NA	resistant	NA	resistant*	NA	NA	resistant*	NA	resistant	NA	NA	resistant*	NA	susceptible	NA	NA	NA	susceptible*	NA	resistant	NA	NA	NA	NA	NA	NA	NA	resistant	NA	NA	NA	resistant
562.29007	NA	NA	NA	NA	resistant	NA	NA	NA	resistant	NA	resistant*	NA	NA	resistant*	NA	resistant	NA	NA	resistant*	NA	resistant	NA	NA	NA	NA	NA	resistant	NA	NA	NA	NA	NA	NA	NA	resistant	NA	NA	NA	resistant
562.29006	NA	NA	NA	NA	resistant	NA	NA	NA	resistant	NA	resistant*	NA	NA	resistant*	NA	resistant	NA	NA	resistant*	NA	susceptible	NA	NA	NA	NA	NA	resistant	NA	NA	NA	NA	NA	NA	NA	resistant	NA	NA	NA	resistant
562.29003	NA	NA	NA	susceptible*	susceptible	NA	NA	NA	susceptible	NA	NA	NA	NA	NA	NA	susceptible	NA	NA	resistant*	NA	susceptible	NA	NA	NA	susceptible*	NA	resistant	NA	NA	NA	NA	NA	NA	NA	resistant	NA	NA	NA	resistant
562.29002	NA	NA	NA	NA	NA	NA	NA	NA	NA	NA	resistant*	NA	NA	NA	resistant	NA	NA	resistant	NA	NA	NA	NA	NA	NA	NA	NA	NA	NA	NA	NA	NA	NA	NA	NA	resistant	NA	NA	NA	intermediate
562.29001	NA	NA	NA	NA	NA	NA	NA	NA	NA	NA	resistant*	NA	NA	NA	resistant	NA	NA	resistant	NA	NA	NA	NA	NA	NA	NA	NA	NA	NA	NA	NA	NA	NA	NA	NA	resistant	NA	NA	NA	intermediate
562.29	NA	NA	NA	NA	NA	NA	NA	NA	NA	NA	resistant*	NA	NA	NA	resistant	NA	NA	resistant	NA	NA	NA	NA	NA	NA	NA	NA	NA	NA	NA	NA	NA	NA	NA	NA	resistant	NA	NA	NA	susceptible
562.29139	NA	NA	NA	NA	resistant	NA	NA	NA	resistant	NA	resistant*	NA	NA	resistant*	NA	resistant	NA	NA	resistant*	NA	susceptible	NA	NA	NA	susceptible*	NA	resistant	NA	NA	NA	NA	NA	NA	NA	susceptible	NA	NA	NA	susceptible
562.31449	NA	NA	NA	NA	NA	NA	NA	NA	resistant	NA	NA	NA	NA	NA	NA	resistant	NA	susceptible	NA	NA	NA	NA	NA	NA	NA	NA	NA	NA	NA	NA	NA	NA	NA	NA	NA	NA	NA	NA	resistant
562.3145	NA	NA	NA	NA	NA	NA	NA	NA	resistant	NA	NA	NA	NA	NA	NA	resistant	NA	susceptible	NA	NA	NA	NA	NA	NA	NA	NA	NA	NA	NA	NA	NA	NA	NA	NA	NA	NA	NA	NA	resistant
562.31451	NA	NA	NA	NA	NA	NA	NA	NA	resistant	NA	NA	NA	NA	NA	NA	resistant	NA	susceptible	NA	NA	NA	NA	NA	NA	NA	NA	NA	NA	NA	NA	NA	NA	NA	NA	NA	NA	NA	NA	resistant
562.37108	NA	NA	NA	NA	NA	NA	NA	NA	resistant	NA	NA	NA	NA	NA	NA	resistant	NA	susceptible	NA	NA	NA	NA	NA	NA	NA	NA	NA	NA	NA	NA	NA	NA	NA	NA	NA	NA	NA	NA	resistant
562.37106000000006	NA	NA	NA	NA	NA	NA	NA	NA	susceptible	NA	NA	NA	NA	NA	NA	susceptible	NA	susceptible	NA	NA	NA	NA	NA	NA	NA	NA	NA	NA	NA	NA	NA	NA	NA	NA	NA	NA	NA	NA	susceptible
562.34089	NA	NA	NA	NA	resistant	NA	NA	NA	resistant	NA	resistant*	NA	NA	resistant*	NA	resistant	NA	NA	NA	NA	susceptible	NA	NA	NA	susceptible*	NA	susceptible	NA	NA	NA	NA	NA	NA	NA	resistant	NA	NA	NA	susceptible
562.34088	NA	NA	NA	NA	resistant	NA	NA	NA	resistant	NA	NA	NA	NA	resistant*	NA	susceptible	NA	NA	resistant*	NA	susceptible	NA	NA	NA	susceptible*	NA	resistant	NA	NA	NA	NA	NA	NA	NA	susceptible	NA	NA	NA	susceptible
562.34086	NA	NA	susceptible*	NA	susceptible	NA	NA	NA	resistant	NA	resistant*	NA	NA	NA	NA	resistant	NA	NA	NA	NA	susceptible	NA	NA	NA	NA	NA	susceptible	NA	NA	NA	NA	NA	NA	NA	resistant	NA	NA	NA	resistant
562.34085	NA	NA	NA	NA	resistant	NA	NA	NA	resistant	NA	resistant*	NA	NA	resistant*	NA	resistant	NA	NA	resistant*	NA	susceptible	NA	NA	NA	NA	NA	resistant	NA	NA	NA	NA	NA	NA	NA	resistant	NA	NA	NA	resistant
562.33281	NA	NA	NA	NA	resistant	NA	NA	NA	resistant	NA	resistant*	NA	NA	resistant*	NA	resistant	NA	NA	resistant*	NA	susceptible	NA	NA	NA	susceptible*	NA	resistant	NA	NA	NA	NA	NA	NA	NA	resistant	NA	NA	NA	resistant
562.3328	NA	NA	NA	NA	resistant	NA	NA	NA	resistant	NA	resistant*	NA	NA	resistant*	NA	resistant	NA	NA	NA	NA	resistant	NA	NA	NA	susceptible*	NA	susceptible	NA	NA	NA	NA	NA	NA	NA	resistant	NA	NA	NA	susceptible
562.31466	NA	NA	NA	NA	NA	NA	NA	NA	resistant	NA	NA	NA	NA	NA	NA	resistant	NA	resistant	NA	NA	NA	NA	NA	NA	NA	NA	NA	NA	NA	NA	NA	NA	NA	NA	NA	NA	NA	NA	susceptible
562.31465	NA	NA	NA	NA	NA	NA	NA	NA	susceptible	NA	NA	NA	NA	NA	NA	susceptible	NA	susceptible	NA	NA	NA	NA	NA	NA	NA	NA	NA	NA	NA	NA	NA	NA	NA	NA	NA	NA	NA	NA	susceptible
562.31464	NA	NA	NA	NA	NA	NA	NA	NA	susceptible	NA	NA	NA	NA	NA	NA	susceptible	NA	susceptible	NA	NA	NA	NA	NA	NA	NA	NA	NA	NA	NA	NA	NA	NA	NA	NA	NA	NA	NA	NA	resistant
562.31463	NA	NA	NA	NA	NA	NA	NA	NA	susceptible	NA	NA	NA	NA	NA	NA	susceptible	NA	susceptible	NA	NA	NA	NA	NA	NA	NA	NA	NA	NA	NA	NA	NA	NA	NA	NA	NA	NA	NA	NA	susceptible
562.31462	NA	NA	NA	NA	NA	NA	NA	NA	susceptible	NA	NA	NA	NA	NA	NA	susceptible	NA	susceptible	NA	NA	NA	NA	NA	NA	NA	NA	NA	NA	NA	NA	NA	NA	NA	NA	NA	NA	NA	NA	susceptible
562.3146	NA	NA	NA	NA	NA	NA	NA	NA	resistant	NA	NA	NA	NA	NA	NA	resistant	NA	susceptible	NA	NA	NA	NA	NA	NA	NA	NA	NA	NA	NA	NA	NA	NA	NA	NA	NA	NA	NA	NA	resistant
562.31458	NA	NA	NA	NA	NA	NA	NA	NA	resistant	NA	NA	NA	NA	NA	NA	resistant	NA	susceptible	NA	NA	NA	NA	NA	NA	NA	NA	NA	NA	NA	NA	NA	NA	NA	NA	NA	NA	NA	NA	resistant
562.31454	NA	NA	NA	NA	NA	NA	NA	NA	susceptible	NA	NA	NA	NA	NA	NA	susceptible	NA	susceptible	NA	NA	NA	NA	NA	NA	NA	NA	NA	NA	NA	NA	NA	NA	NA	NA	NA	NA	NA	NA	resistant
562.31452	NA	NA	NA	NA	NA	NA	NA	NA	resistant	NA	NA	NA	NA	NA	NA	resistant	NA	susceptible	NA	NA	NA	NA	NA	NA	NA	NA	NA	NA	NA	NA	NA	NA	NA	NA	NA	NA	NA	NA	resistant
562.28999	NA	NA	NA	NA	NA	NA	NA	NA	NA	NA	resistant*	NA	NA	NA	resistant	NA	NA	resistant	NA	NA	NA	NA	NA	NA	NA	NA	NA	NA	NA	NA	NA	NA	NA	NA	resistant	NA	NA	NA	susceptible
562.23881	NA	susceptible	susceptible	NA	NA	NA	NA	NA	NA	NA	susceptible	NA	NA	susceptible	NA	NA	susceptible	NA	susceptible	NA	NA	NA	NA	NA	susceptible	susceptible	NA	NA	NA	NA	NA	susceptible	NA	NA	NA	susceptible	NA	NA	NA
562.28998	NA	NA	NA	NA	NA	NA	NA	NA	NA	NA	resistant*	NA	NA	NA	resistant	NA	NA	resistant	NA	NA	NA	NA	NA	NA	NA	NA	NA	NA	NA	NA	NA	NA	NA	NA	resistant	NA	NA	NA	susceptible
562.28981	NA	NA	NA	NA	NA	NA	NA	NA	NA	NA	resistant*	NA	NA	NA	resistant	NA	NA	susceptible	NA	NA	NA	NA	NA	NA	NA	NA	NA	NA	NA	NA	NA	NA	NA	NA	resistant	NA	NA	NA	susceptible
562.26313	NA	NA	NA	NA	NA	NA	NA	NA	NA	NA	NA	NA	NA	NA	NA	susceptible*	NA	NA	resistant*	NA	NA	NA	NA	NA	susceptible*	NA	NA	NA	NA	NA	NA	NA	NA	NA	susceptible*	NA	NA	NA	NA
562.26312	NA	NA	NA	susceptible*	NA	NA	NA	NA	NA	NA	NA	NA	NA	NA	NA	susceptible*	NA	NA	NA	NA	NA	NA	NA	NA	susceptible*	NA	NA	NA	NA	NA	NA	NA	NA	NA	NA	NA	NA	NA	NA
562.26311	NA	NA	NA	susceptible*	NA	NA	NA	NA	NA	NA	NA	NA	NA	NA	NA	susceptible*	NA	NA	susceptible*	NA	NA	NA	NA	NA	susceptible*	NA	NA	NA	NA	NA	NA	NA	NA	NA	NA	NA	NA	NA	NA
562.2631	NA	NA	NA	NA	NA	NA	NA	NA	NA	NA	NA	NA	NA	NA	NA	susceptible*	NA	NA	susceptible*	NA	NA	NA	NA	NA	susceptible*	NA	NA	NA	NA	NA	NA	NA	NA	NA	NA	NA	NA	NA	NA
562.26309	NA	NA	NA	NA	NA	NA	NA	NA	NA	NA	NA	NA	NA	NA	NA	resistant*	NA	NA	susceptible*	NA	NA	NA	NA	NA	susceptible*	NA	NA	NA	NA	NA	NA	NA	NA	NA	NA	NA	NA	NA	NA
562.26308	NA	NA	NA	NA	NA	NA	NA	NA	NA	NA	NA	NA	NA	NA	NA	susceptible*	NA	NA	susceptible*	NA	NA	NA	NA	NA	susceptible*	NA	NA	NA	NA	NA	NA	NA	NA	NA	NA	NA	NA	NA	NA
562.26307	NA	NA	NA	NA	NA	NA	NA	NA	NA	NA	NA	NA	NA	NA	NA	resistant*	NA	NA	susceptible*	NA	NA	NA	NA	NA	susceptible*	NA	NA	NA	NA	NA	NA	NA	NA	NA	susceptible*	NA	NA	NA	NA
562.26314	NA	NA	NA	NA	NA	NA	NA	NA	NA	NA	NA	NA	NA	NA	NA	resistant*	NA	NA	susceptible*	NA	NA	NA	NA	NA	susceptible*	NA	NA	NA	NA	NA	NA	NA	NA	NA	NA	NA	NA	NA	NA
562.26306	NA	NA	NA	NA	NA	NA	NA	NA	NA	NA	NA	NA	NA	NA	NA	susceptible*	NA	NA	susceptible*	NA	NA	NA	NA	NA	susceptible*	NA	NA	NA	NA	NA	NA	NA	NA	NA	NA	NA	NA	NA	NA
562.26304	NA	NA	NA	NA	NA	NA	NA	NA	NA	NA	NA	NA	NA	NA	NA	resistant*	NA	NA	NA	NA	NA	NA	NA	NA	NA	NA	NA	NA	NA	NA	NA	NA	NA	NA	NA	NA	NA	NA	NA
562.26303	NA	NA	NA	NA	NA	NA	NA	NA	NA	NA	NA	NA	NA	NA	NA	resistant*	NA	NA	susceptible*	NA	NA	NA	NA	NA	susceptible*	NA	NA	NA	NA	NA	NA	NA	NA	NA	susceptible*	NA	NA	NA	NA
562.26302	NA	NA	NA	NA	NA	NA	NA	NA	NA	NA	NA	NA	NA	NA	NA	resistant*	NA	NA	susceptible*	NA	NA	NA	NA	NA	NA	NA	NA	NA	NA	NA	NA	NA	NA	NA	susceptible*	NA	NA	NA	NA
562.26301	NA	NA	NA	NA	NA	NA	NA	NA	NA	NA	NA	NA	NA	NA	NA	resistant*	NA	NA	susceptible*	NA	NA	NA	NA	NA	susceptible*	NA	NA	NA	NA	NA	NA	NA	NA	NA	susceptible*	NA	NA	NA	NA
562.263	NA	NA	NA	NA	NA	NA	NA	NA	NA	NA	NA	NA	NA	NA	NA	resistant*	NA	NA	susceptible*	NA	NA	NA	NA	NA	susceptible*	NA	NA	NA	NA	NA	NA	NA	NA	NA	NA	NA	NA	NA	NA
562.26299	NA	NA	NA	NA	NA	NA	NA	NA	NA	NA	NA	NA	NA	NA	NA	resistant*	NA	NA	susceptible*	NA	NA	NA	NA	NA	susceptible*	NA	NA	NA	NA	NA	NA	NA	NA	NA	susceptible*	NA	NA	NA	NA
562.26298	NA	NA	NA	NA	NA	NA	NA	NA	NA	NA	NA	NA	NA	NA	NA	resistant*	NA	NA	NA	NA	NA	NA	NA	NA	susceptible*	NA	NA	NA	NA	NA	NA	NA	NA	NA	NA	NA	NA	NA	NA
562.26305	NA	NA	NA	NA	NA	NA	NA	NA	NA	NA	NA	NA	NA	NA	NA	susceptible*	NA	NA	susceptible*	NA	NA	NA	NA	NA	susceptible*	NA	NA	NA	NA	NA	NA	NA	NA	NA	NA	NA	NA	NA	NA
562.26315	NA	NA	NA	susceptible*	NA	NA	NA	NA	NA	NA	NA	NA	NA	NA	NA	susceptible*	NA	NA	NA	NA	NA	NA	NA	NA	susceptible*	NA	NA	NA	NA	NA	NA	NA	NA	NA	NA	NA	NA	NA	NA
562.26316	NA	NA	NA	susceptible*	NA	NA	NA	NA	NA	NA	NA	NA	NA	NA	NA	susceptible*	NA	NA	susceptible*	NA	NA	NA	NA	NA	susceptible*	NA	NA	NA	NA	NA	NA	NA	NA	NA	NA	NA	NA	NA	NA
562.26317	NA	NA	NA	susceptible*	NA	NA	NA	NA	NA	NA	NA	NA	NA	NA	NA	susceptible*	NA	NA	intermediate*	NA	NA	NA	NA	NA	susceptible*	NA	NA	NA	NA	NA	NA	NA	NA	NA	NA	NA	NA	NA	NA
562.28846	NA	NA	NA	NA	NA	NA	NA	NA	resistant	NA	NA	NA	NA	NA	NA	resistant	NA	susceptible	NA	NA	NA	NA	NA	NA	NA	NA	NA	NA	NA	NA	NA	NA	NA	NA	NA	NA	NA	NA	resistant
562.28845	NA	NA	NA	NA	NA	NA	NA	NA	resistant	NA	NA	NA	NA	NA	NA	resistant	NA	susceptible	NA	NA	NA	NA	NA	NA	NA	NA	NA	NA	NA	NA	NA	NA	NA	NA	NA	NA	NA	NA	resistant
562.28841	NA	NA	NA	NA	NA	NA	NA	NA	susceptible	NA	NA	NA	NA	NA	NA	susceptible	NA	susceptible	NA	NA	NA	NA	NA	NA	NA	NA	NA	NA	NA	NA	NA	NA	NA	NA	NA	NA	NA	NA	resistant
562.2884	NA	NA	NA	NA	NA	NA	NA	NA	susceptible	NA	NA	NA	NA	NA	NA	susceptible	NA	susceptible	NA	NA	NA	NA	NA	NA	NA	NA	NA	NA	NA	NA	NA	NA	NA	NA	NA	NA	NA	NA	resistant
562.28839	NA	NA	NA	NA	NA	NA	NA	NA	resistant	NA	NA	NA	NA	NA	NA	resistant	NA	resistant	NA	NA	NA	NA	NA	NA	NA	NA	NA	NA	NA	NA	NA	NA	NA	NA	NA	NA	NA	NA	resistant
562.28838	NA	NA	NA	NA	NA	NA	NA	NA	resistant	NA	NA	NA	NA	NA	NA	resistant	NA	susceptible	NA	NA	NA	NA	NA	NA	NA	NA	NA	NA	NA	NA	NA	NA	NA	NA	NA	NA	NA	NA	resistant
562.28811	NA	NA	NA	NA	NA	NA	NA	NA	NA	NA	resistant*	NA	NA	NA	resistant	NA	NA	susceptible	NA	NA	NA	NA	NA	NA	NA	NA	NA	NA	NA	NA	NA	NA	NA	NA	resistant	NA	NA	NA	resistant
562.2881	NA	NA	NA	NA	NA	NA	NA	NA	NA	NA	resistant*	NA	NA	NA	resistant	NA	NA	susceptible	NA	NA	NA	NA	NA	NA	NA	NA	NA	NA	NA	NA	NA	NA	NA	NA	resistant	NA	NA	NA	susceptible
562.28805	NA	NA	NA	NA	susceptible	NA	NA	NA	resistant	NA	resistant*	NA	NA	resistant*	NA	resistant	NA	NA	resistant*	NA	susceptible	NA	NA	NA	NA	NA	resistant	NA	NA	NA	NA	NA	NA	NA	resistant	NA	NA	NA	resistant
562.28567	NA	NA	NA	NA	resistant	NA	NA	NA	resistant	NA	resistant*	NA	NA	resistant*	NA	resistant	NA	NA	resistant*	NA	susceptible	NA	NA	NA	susceptible*	NA	resistant	NA	NA	NA	NA	NA	NA	NA	resistant	NA	NA	NA	susceptible
562.28566	NA	NA	NA	NA	resistant	NA	NA	NA	resistant	NA	resistant*	NA	NA	resistant*	NA	resistant	NA	NA	resistant*	NA	susceptible	NA	NA	NA	susceptible*	NA	resistant	NA	NA	NA	NA	NA	NA	NA	resistant	NA	NA	NA	resistant
562.28565	NA	NA	NA	NA	intermediate	NA	NA	NA	intermediate	NA	NA	NA	NA	NA	NA	susceptible	NA	NA	NA	NA	susceptible	NA	NA	NA	susceptible*	NA	susceptible	NA	NA	NA	NA	NA	NA	NA	susceptible	NA	NA	NA	resistant
562.28563	NA	NA	NA	NA	resistant	NA	NA	NA	resistant	NA	resistant*	NA	NA	resistant*	NA	resistant	NA	NA	resistant*	NA	susceptible	NA	NA	NA	NA	NA	resistant	NA	NA	NA	NA	NA	NA	NA	resistant	NA	NA	NA	resistant
562.28435	NA	NA	NA	NA	resistant	NA	NA	NA	resistant	NA	resistant*	NA	NA	resistant*	NA	resistant	NA	NA	NA	NA	susceptible	NA	NA	NA	NA	NA	susceptible	NA	NA	NA	NA	NA	NA	NA	susceptible	NA	NA	NA	resistant
562.28434	NA	NA	NA	NA	resistant	NA	NA	NA	resistant	NA	resistant*	NA	NA	resistant*	NA	resistant	NA	NA	resistant*	NA	susceptible	NA	NA	NA	NA	NA	resistant	NA	NA	NA	NA	NA	NA	NA	resistant	NA	NA	NA	resistant
562.28389	NA	NA	susceptible*	susceptible*	susceptible	NA	NA	NA	susceptible	NA	NA	NA	NA	NA	NA	susceptible	NA	NA	NA	NA	susceptible	NA	NA	NA	susceptible*	NA	susceptible	NA	NA	NA	NA	NA	NA	NA	susceptible	NA	NA	NA	susceptible
562.26318	NA	NA	NA	NA	NA	NA	NA	NA	NA	NA	NA	NA	NA	NA	NA	susceptible*	NA	NA	susceptible*	NA	NA	NA	NA	NA	NA	NA	NA	NA	NA	NA	NA	NA	NA	NA	NA	NA	NA	NA	NA
562.28982	NA	NA	NA	NA	NA	NA	NA	NA	NA	NA	resistant*	NA	NA	NA	resistant	NA	NA	susceptible	NA	NA	NA	NA	NA	NA	NA	NA	NA	NA	NA	NA	NA	NA	NA	NA	resistant	NA	NA	NA	susceptible
562.37109	NA	NA	NA	NA	NA	NA	NA	NA	susceptible	NA	NA	NA	NA	NA	NA	susceptible	NA	susceptible	NA	NA	NA	NA	NA	NA	NA	NA	NA	NA	NA	NA	NA	NA	NA	NA	NA	NA	NA	NA	susceptible
562.2388	NA	resistant	susceptible	NA	NA	NA	NA	NA	NA	NA	susceptible	NA	NA	susceptible	NA	NA	susceptible	NA	susceptible	NA	NA	NA	NA	NA	susceptible	susceptible	NA	NA	NA	NA	NA	susceptible	NA	NA	NA	susceptible	NA	NA	NA
562.23878	NA	resistant	susceptible	NA	NA	NA	NA	NA	NA	NA	susceptible	NA	NA	susceptible	NA	NA	susceptible	NA	susceptible	NA	NA	NA	NA	NA	susceptible	susceptible	NA	NA	NA	NA	NA	susceptible	NA	NA	NA	susceptible	NA	NA	NA
562.23775	NA	resistant	susceptible	NA	NA	NA	NA	NA	NA	NA	susceptible	NA	NA	susceptible	NA	NA	susceptible	NA	susceptible	NA	NA	NA	NA	NA	susceptible	susceptible	NA	NA	NA	NA	NA	susceptible	NA	NA	NA	susceptible	NA	NA	NA
562.23774	NA	resistant	susceptible	NA	NA	NA	NA	NA	NA	NA	susceptible	NA	NA	susceptible	NA	NA	susceptible	NA	susceptible	NA	NA	NA	NA	NA	susceptible	susceptible	NA	NA	NA	NA	NA	susceptible	NA	NA	NA	susceptible	NA	NA	NA
562.23773	NA	susceptible	susceptible	NA	NA	NA	NA	NA	NA	NA	susceptible	NA	NA	susceptible	NA	NA	susceptible	NA	susceptible	NA	NA	NA	NA	NA	susceptible	susceptible	NA	NA	NA	NA	NA	susceptible	NA	NA	NA	susceptible	NA	NA	NA
562.23772	NA	resistant	resistant	NA	NA	NA	NA	NA	NA	NA	susceptible	NA	NA	susceptible	NA	NA	susceptible	NA	susceptible	NA	NA	NA	NA	NA	susceptible	susceptible	NA	NA	NA	NA	NA	susceptible	NA	NA	NA	susceptible	NA	NA	NA
562.23771	NA	susceptible	susceptible	NA	NA	NA	NA	NA	NA	NA	susceptible	NA	NA	susceptible	NA	NA	susceptible	NA	susceptible	NA	NA	NA	NA	NA	susceptible	susceptible	NA	NA	NA	NA	NA	susceptible	NA	NA	NA	susceptible	NA	NA	NA
562.2377	NA	susceptible	susceptible	NA	NA	NA	NA	NA	NA	NA	susceptible	NA	NA	susceptible	NA	NA	susceptible	NA	susceptible	NA	NA	NA	NA	NA	susceptible	susceptible	NA	NA	NA	NA	NA	susceptible	NA	NA	NA	susceptible	NA	NA	NA
562.23769	NA	resistant	resistant	NA	NA	NA	NA	NA	NA	NA	resistant	NA	NA	resistant	NA	NA	resistant	NA	resistant	NA	NA	NA	NA	NA	susceptible	susceptible	NA	NA	NA	NA	NA	susceptible	NA	NA	NA	susceptible	NA	NA	NA
562.23776	NA	susceptible	susceptible	NA	NA	NA	NA	NA	NA	NA	susceptible	NA	NA	susceptible	NA	NA	susceptible	NA	susceptible	NA	NA	NA	NA	NA	susceptible	susceptible	NA	NA	NA	NA	NA	susceptible	NA	NA	NA	susceptible	NA	NA	NA
562.23768	NA	susceptible	susceptible	NA	NA	NA	NA	NA	NA	NA	susceptible	NA	NA	susceptible	NA	NA	susceptible	NA	susceptible	NA	NA	NA	NA	NA	susceptible	susceptible	NA	NA	NA	NA	NA	susceptible	NA	NA	NA	susceptible	NA	NA	NA
562.23766	NA	resistant	susceptible	NA	NA	NA	NA	NA	NA	NA	susceptible	NA	NA	susceptible	NA	NA	susceptible	NA	susceptible	NA	NA	NA	NA	NA	susceptible	susceptible	NA	NA	NA	NA	NA	susceptible	NA	NA	NA	susceptible	NA	NA	NA
562.23765	NA	resistant	resistant	NA	NA	NA	NA	NA	NA	NA	susceptible	NA	NA	susceptible	NA	NA	susceptible	NA	resistant	NA	NA	NA	NA	NA	susceptible	susceptible	NA	NA	NA	NA	NA	susceptible	NA	NA	NA	susceptible	NA	NA	NA
562.23764	NA	resistant	susceptible	NA	NA	NA	NA	NA	NA	NA	susceptible	NA	NA	susceptible	NA	NA	susceptible	NA	susceptible	NA	NA	NA	NA	NA	susceptible	susceptible	NA	NA	NA	NA	NA	susceptible	NA	NA	NA	susceptible	NA	NA	NA
562.23763	NA	resistant	susceptible	NA	NA	NA	NA	NA	NA	NA	susceptible	NA	NA	susceptible	NA	NA	susceptible	NA	susceptible	NA	NA	NA	NA	NA	susceptible	susceptible	NA	NA	NA	NA	NA	susceptible	NA	NA	NA	susceptible	NA	NA	NA
562.23762	NA	susceptible	susceptible	NA	NA	NA	NA	NA	NA	NA	susceptible	NA	NA	susceptible	NA	NA	susceptible	NA	susceptible	NA	NA	NA	NA	NA	susceptible	susceptible	NA	NA	NA	NA	NA	susceptible	NA	NA	NA	susceptible	NA	NA	NA
562.23761	NA	susceptible	susceptible	NA	NA	NA	NA	NA	NA	NA	susceptible	NA	NA	susceptible	NA	NA	susceptible	NA	susceptible	NA	NA	NA	NA	NA	susceptible	susceptible	NA	NA	NA	NA	NA	susceptible	NA	NA	NA	susceptible	NA	NA	NA
562.2376	NA	resistant	susceptible	NA	NA	NA	NA	NA	NA	NA	susceptible	NA	NA	susceptible	NA	NA	susceptible	NA	resistant	NA	NA	NA	NA	NA	resistant	susceptible	NA	NA	NA	NA	NA	susceptible	NA	NA	NA	susceptible	NA	NA	NA
562.23767	NA	resistant	resistant	NA	NA	NA	NA	NA	NA	NA	susceptible	NA	NA	susceptible	NA	NA	susceptible	NA	susceptible	NA	NA	NA	NA	NA	susceptible	susceptible	NA	NA	NA	NA	NA	susceptible	NA	NA	NA	susceptible	NA	NA	NA
562.23759	NA	susceptible	susceptible	NA	NA	NA	NA	NA	NA	NA	susceptible	NA	NA	susceptible	NA	NA	susceptible	NA	susceptible	NA	NA	NA	NA	NA	susceptible	susceptible	NA	NA	NA	NA	NA	susceptible	NA	NA	NA	susceptible	NA	NA	NA
562.23777	NA	resistant	susceptible	NA	NA	NA	NA	NA	NA	NA	susceptible	NA	NA	susceptible	NA	NA	susceptible	NA	susceptible	NA	NA	NA	NA	NA	susceptible	susceptible	NA	NA	NA	NA	NA	susceptible	NA	NA	NA	susceptible	NA	NA	NA
562.23779	NA	resistant	susceptible	NA	NA	NA	NA	NA	NA	NA	susceptible	NA	NA	susceptible	NA	NA	susceptible	NA	susceptible	NA	NA	NA	NA	NA	susceptible	susceptible	NA	NA	NA	NA	NA	susceptible	NA	NA	NA	susceptible	NA	NA	NA
562.23795	NA	susceptible	susceptible	NA	NA	NA	NA	NA	NA	NA	susceptible	NA	NA	susceptible	NA	NA	susceptible	NA	susceptible	NA	NA	NA	NA	NA	susceptible	susceptible	NA	NA	NA	NA	NA	intermediate	NA	NA	NA	susceptible	NA	NA	NA
562.23794	NA	resistant	susceptible	NA	NA	NA	NA	NA	NA	NA	susceptible	NA	NA	susceptible	NA	NA	resistant	NA	susceptible	NA	NA	NA	NA	NA	susceptible	susceptible	NA	NA	NA	NA	NA	intermediate	NA	NA	NA	susceptible	NA	NA	NA
562.23793	NA	resistant	resistant	NA	NA	NA	NA	NA	NA	NA	susceptible	NA	NA	susceptible	NA	NA	susceptible	NA	susceptible	NA	NA	NA	NA	NA	susceptible	susceptible	NA	NA	NA	NA	NA	susceptible	NA	NA	NA	susceptible	NA	NA	NA
562.23792	susceptible	NA	resistant	resistant	NA	NA	resistant	resistant	NA	susceptible	resistant	NA	resistant	resistant	NA	NA	resistant	NA	resistant	NA	NA	NA	susceptible	NA	susceptible	NA	NA	susceptible	NA	NA	NA	resistant	NA	NA	NA	susceptible	susceptible	susceptible	NA
562.23791	susceptible	NA	susceptible	resistant	NA	NA	susceptible	intermediate	NA	susceptible	susceptible	NA	susceptible	susceptible	NA	NA	susceptible	NA	resistant	NA	NA	NA	susceptible	NA	susceptible	NA	NA	susceptible	NA	NA	NA	susceptible	NA	NA	NA	susceptible	susceptible	susceptible	NA
562.2379	susceptible	NA	susceptible	resistant	NA	NA	susceptible	intermediate	NA	susceptible	susceptible	NA	susceptible	susceptible	NA	NA	susceptible	NA	susceptible	NA	NA	NA	susceptible	NA	susceptible	NA	NA	susceptible	NA	NA	NA	susceptible	NA	NA	NA	susceptible	susceptible	susceptible	NA
562.23789	NA	resistant	susceptible	NA	NA	NA	NA	NA	NA	NA	susceptible	NA	NA	susceptible	NA	NA	susceptible	NA	susceptible	NA	NA	NA	NA	NA	susceptible	susceptible	NA	NA	NA	NA	NA	susceptible	NA	NA	NA	susceptible	NA	NA	NA
562.23778	NA	resistant	resistant	NA	NA	NA	NA	NA	NA	NA	susceptible	NA	NA	susceptible	NA	NA	susceptible	NA	susceptible	NA	NA	NA	NA	NA	susceptible	susceptible	NA	NA	NA	NA	NA	susceptible	NA	NA	NA	susceptible	NA	NA	NA
562.23788	NA	resistant	resistant	NA	NA	NA	NA	NA	NA	NA	susceptible	NA	NA	susceptible	NA	NA	resistant	NA	resistant	NA	NA	NA	NA	NA	susceptible	susceptible	NA	NA	NA	NA	NA	susceptible	NA	NA	NA	susceptible	NA	NA	NA
562.23786	NA	resistant	resistant	NA	NA	NA	NA	NA	NA	NA	susceptible	NA	NA	susceptible	NA	NA	susceptible	NA	susceptible	NA	NA	NA	NA	NA	susceptible	susceptible	NA	NA	NA	NA	NA	susceptible	NA	NA	NA	susceptible	NA	NA	NA
562.23785	NA	susceptible	susceptible	NA	NA	NA	NA	NA	NA	NA	susceptible	NA	NA	susceptible	NA	NA	susceptible	NA	susceptible	NA	NA	NA	NA	NA	susceptible	susceptible	NA	NA	NA	NA	NA	susceptible	NA	NA	NA	susceptible	NA	NA	NA
562.23784	NA	susceptible	susceptible	NA	NA	NA	NA	NA	NA	NA	susceptible	NA	NA	susceptible	NA	NA	susceptible	NA	susceptible	NA	NA	NA	NA	NA	susceptible	susceptible	NA	NA	NA	NA	NA	susceptible	NA	NA	NA	susceptible	NA	NA	NA
562.23783	NA	resistant	resistant	NA	NA	NA	NA	NA	NA	NA	intermediate	NA	NA	resistant	NA	NA	resistant	NA	resistant	NA	NA	NA	NA	NA	susceptible	susceptible	NA	NA	NA	NA	NA	susceptible	NA	NA	NA	susceptible	NA	NA	NA
562.23782	NA	susceptible	susceptible	NA	NA	NA	NA	NA	NA	NA	susceptible	NA	NA	susceptible	NA	NA	susceptible	NA	resistant	NA	NA	NA	NA	NA	susceptible	susceptible	NA	NA	NA	NA	NA	susceptible	NA	NA	NA	susceptible	NA	NA	NA
562.23781	NA	resistant	susceptible	NA	NA	NA	NA	NA	NA	NA	susceptible	NA	NA	susceptible	NA	NA	susceptible	NA	susceptible	NA	NA	NA	NA	NA	resistant	susceptible	NA	NA	NA	NA	NA	susceptible	NA	NA	NA	susceptible	NA	NA	NA
562.2378	NA	susceptible	susceptible	NA	NA	NA	NA	NA	NA	NA	susceptible	NA	NA	susceptible	NA	NA	susceptible	NA	susceptible	NA	NA	NA	NA	NA	susceptible	susceptible	NA	NA	NA	NA	NA	susceptible	NA	NA	NA	susceptible	NA	NA	NA
562.23787	NA	susceptible	susceptible	NA	NA	NA	NA	NA	NA	NA	susceptible	NA	NA	susceptible	NA	NA	susceptible	NA	susceptible	NA	NA	NA	NA	NA	susceptible	susceptible	NA	NA	NA	NA	NA	susceptible	NA	NA	NA	susceptible	NA	NA	NA
562.23758	NA	resistant	resistant	NA	NA	NA	NA	NA	NA	NA	susceptible	NA	NA	susceptible	NA	NA	susceptible	NA	resistant	NA	NA	NA	NA	NA	susceptible	susceptible	NA	NA	NA	NA	NA	susceptible	NA	NA	NA	susceptible	NA	NA	NA
562.23757	NA	resistant	susceptible	NA	NA	NA	NA	NA	NA	NA	susceptible	NA	NA	susceptible	NA	NA	susceptible	NA	susceptible	NA	NA	NA	NA	NA	susceptible	susceptible	NA	NA	NA	NA	NA	susceptible	NA	NA	NA	susceptible	NA	NA	NA
562.23756	NA	susceptible	susceptible	NA	NA	NA	NA	NA	NA	NA	susceptible	NA	NA	susceptible	NA	NA	susceptible	NA	resistant	NA	NA	NA	NA	NA	susceptible	susceptible	NA	NA	NA	NA	NA	susceptible	NA	NA	NA	susceptible	NA	NA	NA
562.23734	NA	resistant	resistant	NA	NA	NA	NA	NA	NA	NA	resistant	NA	NA	resistant	NA	NA	resistant	NA	resistant	NA	NA	NA	NA	NA	resistant	susceptible	NA	NA	NA	NA	NA	susceptible	NA	NA	NA	susceptible	NA	NA	NA
562.23733	NA	susceptible	susceptible	NA	NA	NA	NA	NA	NA	NA	susceptible	NA	NA	susceptible	NA	NA	susceptible	NA	susceptible	NA	NA	NA	NA	NA	susceptible	susceptible	NA	NA	NA	NA	NA	susceptible	NA	NA	NA	susceptible	NA	NA	NA
562.23732	NA	susceptible	susceptible	NA	NA	NA	NA	NA	NA	NA	susceptible	NA	NA	susceptible	NA	NA	susceptible	NA	susceptible	NA	NA	NA	NA	NA	susceptible	susceptible	NA	NA	NA	NA	NA	susceptible	NA	NA	NA	susceptible	NA	NA	NA
562.23731	NA	susceptible	susceptible	NA	NA	NA	NA	NA	NA	NA	susceptible	NA	NA	susceptible	NA	NA	susceptible	NA	susceptible	NA	NA	NA	NA	NA	susceptible	susceptible	NA	NA	NA	NA	NA	susceptible	NA	NA	NA	susceptible	NA	NA	NA
562.2373	NA	resistant	susceptible	NA	NA	NA	NA	NA	NA	NA	susceptible	NA	NA	susceptible	NA	NA	susceptible	NA	susceptible	NA	NA	NA	NA	NA	susceptible	susceptible	NA	NA	NA	NA	NA	susceptible	NA	NA	NA	susceptible	NA	NA	NA
562.23729	NA	resistant	susceptible	NA	NA	NA	NA	NA	NA	NA	susceptible	NA	NA	susceptible	NA	NA	susceptible	NA	susceptible	NA	NA	NA	NA	NA	susceptible	susceptible	NA	NA	NA	NA	NA	susceptible	NA	NA	NA	susceptible	NA	NA	NA
562.23728	NA	susceptible	susceptible	NA	NA	NA	NA	NA	NA	NA	susceptible	NA	NA	susceptible	NA	NA	susceptible	NA	susceptible	NA	NA	NA	NA	NA	susceptible	susceptible	NA	NA	NA	NA	NA	susceptible	NA	NA	NA	susceptible	NA	NA	NA
562.23735	NA	susceptible	susceptible	NA	NA	NA	NA	NA	NA	NA	susceptible	NA	NA	susceptible	NA	NA	susceptible	NA	susceptible	NA	NA	NA	NA	NA	susceptible	susceptible	NA	NA	NA	NA	NA	susceptible	NA	NA	NA	susceptible	NA	NA	NA
562.23727	NA	resistant	resistant	NA	NA	NA	NA	NA	NA	NA	resistant	NA	NA	resistant	NA	NA	resistant	NA	resistant	NA	NA	NA	NA	NA	susceptible	susceptible	NA	NA	NA	NA	NA	susceptible	NA	NA	NA	susceptible	NA	NA	NA
562.23725	NA	resistant	susceptible	NA	NA	NA	NA	NA	NA	NA	susceptible	NA	NA	susceptible	NA	NA	susceptible	NA	susceptible	NA	NA	NA	NA	NA	susceptible	susceptible	NA	NA	NA	NA	NA	susceptible	NA	NA	NA	susceptible	NA	NA	NA
562.23724	NA	resistant	susceptible	NA	NA	NA	NA	NA	NA	NA	susceptible	NA	NA	susceptible	NA	NA	susceptible	NA	resistant	NA	NA	NA	NA	NA	susceptible	susceptible	NA	NA	NA	NA	NA	susceptible	NA	NA	NA	susceptible	NA	NA	NA
562.23723	NA	susceptible	susceptible	NA	NA	NA	NA	NA	NA	NA	susceptible	NA	NA	susceptible	NA	NA	susceptible	NA	susceptible	NA	NA	NA	NA	NA	susceptible	susceptible	NA	NA	NA	NA	NA	susceptible	NA	NA	NA	susceptible	NA	NA	NA
562.23722	NA	susceptible	susceptible	NA	NA	NA	NA	NA	NA	NA	susceptible	NA	NA	susceptible	NA	NA	susceptible	NA	susceptible	NA	NA	NA	NA	NA	susceptible	susceptible	NA	NA	NA	NA	NA	susceptible	NA	NA	NA	susceptible	NA	NA	NA
562.23721	NA	resistant	resistant	NA	NA	NA	NA	NA	NA	NA	susceptible	NA	NA	susceptible	NA	NA	susceptible	NA	resistant	NA	NA	NA	NA	NA	resistant	susceptible	NA	NA	NA	NA	NA	susceptible	NA	NA	NA	susceptible	NA	NA	NA
562.2372	NA	susceptible	susceptible	NA	NA	NA	NA	NA	NA	NA	susceptible	NA	NA	susceptible	NA	NA	susceptible	NA	susceptible	NA	NA	NA	NA	NA	susceptible	susceptible	NA	NA	NA	NA	NA	susceptible	NA	NA	NA	susceptible	NA	NA	NA
562.23719	NA	susceptible	susceptible	NA	NA	NA	NA	NA	NA	NA	susceptible	NA	NA	susceptible	NA	NA	resistant	NA	susceptible	NA	NA	NA	NA	NA	susceptible	susceptible	NA	NA	NA	NA	NA	susceptible	NA	NA	NA	susceptible	NA	NA	NA
562.23726	NA	resistant	susceptible	NA	NA	NA	NA	NA	NA	NA	susceptible	NA	NA	susceptible	NA	NA	susceptible	NA	susceptible	NA	NA	NA	NA	NA	susceptible	susceptible	NA	NA	NA	NA	NA	susceptible	NA	NA	NA	susceptible	NA	NA	NA
562.23736	NA	susceptible	susceptible	NA	NA	NA	NA	NA	NA	NA	susceptible	NA	NA	susceptible	NA	NA	susceptible	NA	susceptible	NA	NA	NA	NA	NA	susceptible	susceptible	NA	NA	NA	NA	NA	susceptible	NA	NA	NA	susceptible	NA	NA	NA
562.23737	NA	resistant	susceptible	NA	NA	NA	NA	NA	NA	NA	resistant	NA	NA	intermediate	NA	NA	resistant	NA	resistant	NA	NA	NA	NA	NA	susceptible	susceptible	NA	NA	NA	NA	NA	susceptible	NA	NA	NA	susceptible	NA	NA	NA
562.23738	NA	resistant	resistant	NA	NA	NA	NA	NA	NA	NA	susceptible	NA	NA	susceptible	NA	NA	susceptible	NA	susceptible	NA	NA	NA	NA	NA	susceptible	susceptible	NA	NA	NA	NA	NA	susceptible	NA	NA	NA	susceptible	NA	NA	NA
562.23755	NA	susceptible	susceptible	NA	NA	NA	NA	NA	NA	NA	susceptible	NA	NA	susceptible	NA	NA	susceptible	NA	susceptible	NA	NA	NA	NA	NA	susceptible	susceptible	NA	NA	NA	NA	NA	susceptible	NA	NA	NA	susceptible	NA	NA	NA
562.23754	NA	resistant	resistant	NA	NA	NA	NA	NA	NA	NA	susceptible	NA	NA	susceptible	NA	NA	susceptible	NA	susceptible	NA	NA	NA	NA	NA	susceptible	susceptible	NA	NA	NA	NA	NA	susceptible	NA	NA	NA	susceptible	NA	NA	NA
562.23753	NA	susceptible	susceptible	NA	NA	NA	NA	NA	NA	NA	susceptible	NA	NA	susceptible	NA	NA	susceptible	NA	susceptible	NA	NA	NA	NA	NA	susceptible	susceptible	NA	NA	NA	NA	NA	susceptible	NA	NA	NA	susceptible	NA	NA	NA
562.23752	NA	resistant	susceptible	NA	NA	NA	NA	NA	NA	NA	susceptible	NA	NA	susceptible	NA	NA	susceptible	NA	susceptible	NA	NA	NA	NA	NA	susceptible	susceptible	NA	NA	NA	NA	NA	susceptible	NA	NA	NA	susceptible	NA	NA	NA
562.23751	NA	susceptible	susceptible	NA	NA	NA	NA	NA	NA	NA	susceptible	NA	NA	susceptible	NA	NA	susceptible	NA	susceptible	NA	NA	NA	NA	NA	susceptible	susceptible	NA	NA	NA	NA	NA	susceptible	NA	NA	NA	susceptible	NA	NA	NA
562.2375	NA	resistant	resistant	NA	NA	NA	NA	NA	NA	NA	susceptible	NA	NA	susceptible	NA	NA	susceptible	NA	susceptible	NA	NA	NA	NA	NA	susceptible	susceptible	NA	NA	NA	NA	NA	susceptible	NA	NA	NA	susceptible	NA	NA	NA
562.23749	NA	resistant	susceptible	NA	NA	NA	NA	NA	NA	NA	susceptible	NA	NA	susceptible	NA	NA	susceptible	NA	susceptible	NA	NA	NA	NA	NA	susceptible	susceptible	NA	NA	NA	NA	NA	susceptible	NA	NA	NA	susceptible	NA	NA	NA
562.23748	NA	susceptible	susceptible	NA	NA	NA	NA	NA	NA	NA	susceptible	NA	NA	susceptible	NA	NA	susceptible	NA	susceptible	NA	NA	NA	NA	NA	susceptible	susceptible	NA	NA	NA	NA	NA	susceptible	NA	NA	NA	susceptible	NA	NA	NA
562.23747	NA	resistant	susceptible	NA	NA	NA	NA	NA	NA	NA	susceptible	NA	NA	susceptible	NA	NA	susceptible	NA	susceptible	NA	NA	NA	NA	NA	susceptible	susceptible	NA	NA	NA	NA	NA	susceptible	NA	NA	NA	susceptible	NA	NA	NA
562.23746	NA	susceptible	susceptible	NA	NA	NA	NA	NA	NA	NA	susceptible	NA	NA	susceptible	NA	NA	susceptible	NA	susceptible	NA	NA	NA	NA	NA	susceptible	susceptible	NA	NA	NA	NA	NA	susceptible	NA	NA	NA	susceptible	NA	NA	NA
562.23745	NA	susceptible	susceptible	NA	NA	NA	NA	NA	NA	NA	susceptible	NA	NA	susceptible	NA	NA	susceptible	NA	susceptible	NA	NA	NA	NA	NA	susceptible	susceptible	NA	NA	NA	NA	NA	susceptible	NA	NA	NA	susceptible	NA	NA	NA
562.23744	NA	resistant	susceptible	NA	NA	NA	NA	NA	NA	NA	susceptible	NA	NA	susceptible	NA	NA	susceptible	NA	susceptible	NA	NA	NA	NA	NA	susceptible	susceptible	NA	NA	NA	NA	NA	susceptible	NA	NA	NA	susceptible	NA	NA	NA
562.23743	NA	resistant	resistant	NA	NA	NA	NA	NA	NA	NA	intermediate	NA	NA	intermediate	NA	NA	resistant	NA	susceptible	NA	NA	NA	NA	NA	susceptible	susceptible	NA	NA	NA	NA	NA	susceptible	NA	NA	NA	susceptible	NA	NA	NA
562.23742	NA	susceptible	susceptible	NA	NA	NA	NA	NA	NA	NA	susceptible	NA	NA	susceptible	NA	NA	susceptible	NA	susceptible	NA	NA	NA	NA	NA	susceptible	susceptible	NA	NA	NA	NA	NA	susceptible	NA	NA	NA	susceptible	NA	NA	NA
562.23741	NA	resistant	resistant	NA	NA	NA	NA	NA	NA	NA	susceptible	NA	NA	susceptible	NA	NA	susceptible	NA	susceptible	NA	NA	NA	NA	NA	susceptible	susceptible	NA	NA	NA	NA	NA	susceptible	NA	NA	NA	susceptible	NA	NA	NA
562.2374	NA	resistant	susceptible	NA	NA	NA	NA	NA	NA	NA	susceptible	NA	NA	susceptible	NA	NA	susceptible	NA	susceptible	NA	NA	NA	NA	NA	susceptible	susceptible	NA	NA	NA	NA	NA	susceptible	NA	NA	NA	susceptible	NA	NA	NA
562.23739	NA	susceptible	susceptible	NA	NA	NA	NA	NA	NA	NA	susceptible	NA	NA	susceptible	NA	NA	susceptible	NA	susceptible	NA	NA	NA	NA	NA	susceptible	susceptible	NA	NA	NA	NA	NA	susceptible	NA	NA	NA	susceptible	NA	NA	NA
562.23796	NA	resistant	susceptible	NA	NA	NA	NA	NA	NA	NA	susceptible	NA	NA	susceptible	NA	NA	susceptible	NA	resistant	NA	NA	NA	NA	NA	susceptible	susceptible	NA	NA	NA	NA	NA	susceptible	NA	NA	NA	susceptible	NA	NA	NA
562.23797	NA	susceptible	susceptible	NA	NA	NA	NA	NA	NA	NA	susceptible	NA	NA	susceptible	NA	NA	susceptible	NA	susceptible	NA	NA	NA	NA	NA	susceptible	susceptible	NA	NA	NA	NA	NA	susceptible	NA	NA	NA	susceptible	NA	NA	NA
562.23798	NA	resistant	susceptible	NA	NA	NA	NA	NA	NA	NA	susceptible	NA	NA	susceptible	NA	NA	susceptible	NA	susceptible	NA	NA	NA	NA	NA	susceptible	susceptible	NA	NA	NA	NA	NA	susceptible	NA	NA	NA	susceptible	NA	NA	NA
562.23799	NA	susceptible	susceptible	NA	NA	NA	NA	NA	NA	NA	susceptible	NA	NA	susceptible	NA	NA	susceptible	NA	susceptible	NA	NA	NA	NA	NA	susceptible	susceptible	NA	NA	NA	NA	NA	intermediate	NA	NA	NA	susceptible	NA	NA	NA
562.23856	NA	susceptible	susceptible	NA	NA	NA	NA	NA	NA	NA	susceptible	NA	NA	susceptible	NA	NA	susceptible	NA	susceptible	NA	NA	NA	NA	NA	susceptible	susceptible	NA	NA	NA	NA	NA	susceptible	NA	NA	NA	susceptible	NA	NA	NA
562.23855	NA	susceptible	susceptible	NA	NA	NA	NA	NA	NA	NA	susceptible	NA	NA	susceptible	NA	NA	susceptible	NA	susceptible	NA	NA	NA	NA	NA	susceptible	susceptible	NA	NA	NA	NA	NA	susceptible	NA	NA	NA	susceptible	NA	NA	NA
562.23854	susceptible	NA	susceptible	resistant	NA	NA	susceptible	susceptible	NA	susceptible	susceptible	NA	susceptible	susceptible	NA	NA	susceptible	NA	susceptible	NA	NA	NA	susceptible	NA	susceptible	NA	NA	susceptible	NA	NA	NA	susceptible	NA	NA	NA	susceptible	susceptible	resistant	NA
562.23853	NA	resistant	susceptible	NA	NA	NA	NA	NA	NA	NA	susceptible	NA	NA	susceptible	NA	NA	susceptible	NA	susceptible	NA	NA	NA	NA	NA	susceptible	susceptible	NA	NA	NA	NA	NA	susceptible	NA	NA	NA	susceptible	NA	NA	NA
562.23852	NA	resistant	susceptible	NA	NA	NA	NA	NA	NA	NA	susceptible	NA	NA	susceptible	NA	NA	susceptible	NA	susceptible	NA	NA	NA	NA	NA	susceptible	susceptible	NA	NA	NA	NA	NA	susceptible	NA	NA	NA	susceptible	NA	NA	NA
562.23851	NA	susceptible	susceptible	NA	NA	NA	NA	NA	NA	NA	susceptible	NA	NA	susceptible	NA	NA	susceptible	NA	susceptible	NA	NA	NA	NA	NA	susceptible	susceptible	NA	NA	NA	NA	NA	susceptible	NA	NA	NA	susceptible	NA	NA	NA
562.2385	NA	resistant	resistant	NA	NA	NA	NA	NA	NA	NA	resistant	NA	NA	resistant	NA	NA	resistant	NA	resistant	NA	NA	NA	NA	NA	susceptible	susceptible	NA	NA	NA	NA	NA	susceptible	NA	NA	NA	susceptible	NA	NA	NA
562.23857	NA	susceptible	susceptible	NA	NA	NA	NA	NA	NA	NA	susceptible	NA	NA	susceptible	NA	NA	susceptible	NA	susceptible	NA	NA	NA	NA	NA	susceptible	susceptible	NA	NA	NA	NA	NA	resistant	NA	NA	NA	susceptible	NA	NA	NA
562.23849	NA	susceptible	susceptible	NA	NA	NA	NA	NA	NA	NA	susceptible	NA	NA	susceptible	NA	NA	susceptible	NA	susceptible	NA	NA	NA	NA	NA	susceptible	susceptible	NA	NA	NA	NA	NA	susceptible	NA	NA	NA	susceptible	NA	NA	NA
562.23847	NA	susceptible	susceptible	NA	NA	NA	NA	NA	NA	NA	susceptible	NA	NA	susceptible	NA	NA	susceptible	NA	susceptible	NA	NA	NA	NA	NA	susceptible	susceptible	NA	NA	NA	NA	NA	susceptible	NA	NA	NA	susceptible	NA	NA	NA
562.23846	NA	resistant	susceptible	NA	NA	NA	NA	NA	NA	NA	susceptible	NA	NA	susceptible	NA	NA	susceptible	NA	susceptible	NA	NA	NA	NA	NA	susceptible	susceptible	NA	NA	NA	NA	NA	susceptible	NA	NA	NA	susceptible	NA	NA	NA
562.23845	NA	susceptible	susceptible	NA	NA	NA	NA	NA	NA	NA	susceptible	NA	NA	susceptible	NA	NA	susceptible	NA	susceptible	NA	NA	NA	NA	NA	susceptible	susceptible	NA	NA	NA	NA	NA	susceptible	NA	NA	NA	susceptible	NA	NA	NA
562.23844	NA	susceptible	susceptible	NA	NA	NA	NA	NA	NA	NA	susceptible	NA	NA	susceptible	NA	NA	susceptible	NA	susceptible	NA	NA	NA	NA	NA	susceptible	susceptible	NA	NA	NA	NA	NA	susceptible	NA	NA	NA	susceptible	NA	NA	NA
562.23843	NA	susceptible	susceptible	NA	NA	NA	NA	NA	NA	NA	susceptible	NA	NA	susceptible	NA	NA	susceptible	NA	susceptible	NA	NA	NA	NA	NA	susceptible	susceptible	NA	NA	NA	NA	NA	susceptible	NA	NA	NA	susceptible	NA	NA	NA
562.23842	NA	resistant	resistant	NA	NA	NA	NA	NA	NA	NA	susceptible	NA	NA	susceptible	NA	NA	susceptible	NA	susceptible	NA	NA	NA	NA	NA	susceptible	susceptible	NA	NA	NA	NA	NA	susceptible	NA	NA	NA	susceptible	NA	NA	NA
562.23841	NA	susceptible	susceptible	NA	NA	NA	NA	NA	NA	NA	susceptible	NA	NA	susceptible	NA	NA	susceptible	NA	susceptible	NA	NA	NA	NA	NA	susceptible	susceptible	NA	NA	NA	NA	NA	susceptible	NA	NA	NA	susceptible	NA	NA	NA
562.23848	NA	susceptible	susceptible	NA	NA	NA	NA	NA	NA	NA	susceptible	NA	NA	susceptible	NA	NA	susceptible	NA	susceptible	NA	NA	NA	NA	NA	susceptible	susceptible	NA	NA	NA	NA	NA	susceptible	NA	NA	NA	susceptible	NA	NA	NA
562.23858	NA	resistant	susceptible	NA	NA	NA	NA	NA	NA	NA	susceptible	NA	NA	susceptible	NA	NA	resistant	NA	resistant	NA	NA	NA	NA	NA	resistant	susceptible	NA	NA	NA	NA	NA	intermediate	NA	NA	NA	susceptible	NA	NA	NA
562.23859	NA	resistant	resistant	NA	NA	NA	NA	NA	NA	NA	susceptible	NA	NA	susceptible	NA	NA	susceptible	NA	resistant	NA	NA	NA	NA	NA	susceptible	susceptible	NA	NA	NA	NA	NA	susceptible	NA	NA	NA	susceptible	NA	NA	NA
562.2386	NA	resistant	resistant	NA	NA	NA	NA	NA	NA	NA	resistant	NA	NA	resistant	NA	NA	resistant	NA	resistant	NA	NA	NA	NA	NA	resistant	susceptible	NA	NA	NA	NA	NA	susceptible	NA	NA	NA	susceptible	NA	NA	NA
562.23877	NA	susceptible	susceptible	NA	NA	NA	NA	NA	NA	NA	susceptible	NA	NA	susceptible	NA	NA	susceptible	NA	susceptible	NA	NA	NA	NA	NA	susceptible	susceptible	NA	NA	NA	NA	NA	susceptible	NA	NA	NA	susceptible	NA	NA	NA
562.23876	NA	resistant	resistant	NA	NA	NA	NA	NA	NA	NA	susceptible	NA	NA	susceptible	NA	NA	susceptible	NA	susceptible	NA	NA	NA	NA	NA	susceptible	susceptible	NA	NA	NA	NA	NA	susceptible	NA	NA	NA	susceptible	NA	NA	NA
562.23875	NA	resistant	susceptible	NA	NA	NA	NA	NA	NA	NA	susceptible	NA	NA	susceptible	NA	NA	susceptible	NA	susceptible	NA	NA	NA	NA	NA	susceptible	susceptible	NA	NA	NA	NA	NA	susceptible	NA	NA	NA	susceptible	NA	NA	NA
562.23874	NA	resistant	resistant	NA	NA	NA	NA	NA	NA	NA	resistant	NA	NA	intermediate	NA	NA	resistant	NA	resistant	NA	NA	NA	NA	NA	susceptible	susceptible	NA	NA	NA	NA	NA	susceptible	NA	NA	NA	susceptible	NA	NA	NA
562.23873	NA	susceptible	susceptible	NA	NA	NA	NA	NA	NA	NA	susceptible	NA	NA	susceptible	NA	NA	susceptible	NA	susceptible	NA	NA	NA	NA	NA	susceptible	susceptible	NA	NA	NA	NA	NA	susceptible	NA	NA	NA	susceptible	NA	NA	NA
562.23872	NA	resistant	resistant	NA	NA	NA	NA	NA	NA	NA	susceptible	NA	NA	susceptible	NA	NA	susceptible	NA	susceptible	NA	NA	NA	NA	NA	susceptible	susceptible	NA	NA	NA	NA	NA	susceptible	NA	NA	NA	susceptible	NA	NA	NA
562.23871	NA	resistant	resistant	NA	NA	NA	NA	NA	NA	NA	susceptible	NA	NA	susceptible	NA	NA	susceptible	NA	susceptible	NA	NA	NA	NA	NA	susceptible	susceptible	NA	NA	NA	NA	NA	susceptible	NA	NA	NA	susceptible	NA	NA	NA
562.2387	NA	susceptible	susceptible	NA	NA	NA	NA	NA	NA	NA	susceptible	NA	NA	susceptible	NA	NA	susceptible	NA	susceptible	NA	NA	NA	NA	NA	susceptible	susceptible	NA	NA	NA	NA	NA	susceptible	NA	NA	NA	susceptible	NA	NA	NA
562.23869	NA	resistant	resistant	NA	NA	NA	NA	NA	NA	NA	resistant	NA	NA	resistant	NA	NA	resistant	NA	resistant	NA	NA	NA	NA	NA	resistant	susceptible	NA	NA	NA	NA	NA	resistant	NA	NA	NA	susceptible	NA	NA	NA
562.23868	NA	susceptible	susceptible	NA	NA	NA	NA	NA	NA	NA	susceptible	NA	NA	susceptible	NA	NA	susceptible	NA	resistant	NA	NA	NA	NA	NA	susceptible	susceptible	NA	NA	NA	NA	NA	susceptible	NA	NA	NA	susceptible	NA	NA	NA
562.23867	susceptible	NA	susceptible	resistant	NA	NA	susceptible	susceptible	NA	susceptible	susceptible	NA	susceptible	susceptible	NA	NA	susceptible	NA	susceptible	NA	NA	NA	susceptible	NA	susceptible	NA	NA	susceptible	NA	NA	NA	susceptible	NA	NA	NA	susceptible	susceptible	resistant	NA
562.23866	susceptible	NA	susceptible	resistant	NA	NA	susceptible	susceptible	NA	susceptible	susceptible	NA	susceptible	susceptible	NA	NA	susceptible	NA	susceptible	NA	NA	NA	susceptible	NA	susceptible	NA	NA	susceptible	NA	NA	NA	susceptible	NA	NA	NA	susceptible	susceptible	resistant	NA
562.23865	NA	susceptible	susceptible	NA	NA	NA	NA	NA	NA	NA	NA	NA	NA	susceptible	NA	NA	susceptible	NA	susceptible	NA	NA	NA	NA	NA	susceptible	susceptible	NA	NA	NA	NA	NA	susceptible	NA	NA	NA	NA	NA	NA	NA
562.23864	NA	susceptible	susceptible	NA	NA	NA	NA	NA	NA	NA	susceptible	NA	NA	susceptible	NA	NA	susceptible	NA	susceptible	NA	NA	NA	NA	NA	susceptible	susceptible	NA	NA	NA	NA	NA	susceptible	NA	NA	NA	susceptible	NA	NA	NA
562.23863	NA	susceptible	susceptible	NA	NA	NA	NA	NA	NA	NA	susceptible	NA	NA	susceptible	NA	NA	susceptible	NA	susceptible	NA	NA	NA	NA	NA	susceptible	susceptible	NA	NA	NA	NA	NA	susceptible	NA	NA	NA	susceptible	NA	NA	NA
562.23862	NA	resistant	resistant	NA	NA	NA	NA	NA	NA	NA	resistant	NA	NA	resistant	NA	NA	resistant	NA	susceptible	NA	NA	NA	NA	NA	resistant	susceptible	NA	NA	NA	NA	NA	susceptible	NA	NA	NA	susceptible	NA	NA	NA
562.23861	NA	resistant	susceptible	NA	NA	NA	NA	NA	NA	NA	susceptible	NA	NA	susceptible	NA	NA	susceptible	NA	susceptible	NA	NA	NA	NA	NA	susceptible	susceptible	NA	NA	NA	NA	NA	susceptible	NA	NA	NA	susceptible	NA	NA	NA
562.2384	NA	resistant	susceptible	NA	NA	NA	NA	NA	NA	NA	susceptible	NA	NA	susceptible	NA	NA	susceptible	NA	susceptible	NA	NA	NA	NA	NA	susceptible	susceptible	NA	NA	NA	NA	NA	susceptible	NA	NA	NA	susceptible	NA	NA	NA
562.23879	NA	resistant	susceptible	NA	NA	NA	NA	NA	NA	NA	susceptible	NA	NA	susceptible	NA	NA	susceptible	NA	susceptible	NA	NA	NA	NA	NA	susceptible	susceptible	NA	NA	NA	NA	NA	susceptible	NA	NA	NA	susceptible	NA	NA	NA
562.23839	NA	susceptible	susceptible	NA	NA	NA	NA	NA	NA	NA	susceptible	NA	NA	susceptible	NA	NA	resistant	NA	susceptible	NA	NA	NA	NA	NA	susceptible	susceptible	NA	NA	NA	NA	NA	susceptible	NA	NA	NA	susceptible	NA	NA	NA
562.23837	NA	susceptible	susceptible	NA	NA	NA	NA	NA	NA	NA	susceptible	NA	NA	susceptible	NA	NA	susceptible	NA	resistant	NA	NA	NA	NA	NA	susceptible	susceptible	NA	NA	NA	NA	NA	susceptible	NA	NA	NA	susceptible	NA	NA	NA
562.23815	NA	resistant	susceptible	NA	NA	NA	NA	NA	NA	NA	susceptible	NA	NA	susceptible	NA	NA	susceptible	NA	susceptible	NA	NA	NA	NA	NA	susceptible	susceptible	NA	NA	NA	NA	NA	susceptible	NA	NA	NA	susceptible	NA	NA	NA
562.23814	NA	resistant	resistant	NA	NA	NA	NA	NA	NA	NA	intermediate	NA	NA	susceptible	NA	NA	resistant	NA	susceptible	NA	NA	NA	NA	NA	susceptible	susceptible	NA	NA	NA	NA	NA	intermediate	NA	NA	NA	susceptible	NA	NA	NA
562.23813	NA	resistant	susceptible	NA	NA	NA	NA	NA	NA	NA	susceptible	NA	NA	susceptible	NA	NA	susceptible	NA	susceptible	NA	NA	NA	NA	NA	susceptible	susceptible	NA	NA	NA	NA	NA	susceptible	NA	NA	NA	susceptible	NA	NA	NA
562.23812	NA	susceptible	susceptible	NA	NA	NA	NA	NA	NA	NA	susceptible	NA	NA	susceptible	NA	NA	susceptible	NA	susceptible	NA	NA	NA	NA	NA	susceptible	susceptible	NA	NA	NA	NA	NA	susceptible	NA	NA	NA	susceptible	NA	NA	NA
562.23811	NA	resistant	resistant	NA	NA	NA	NA	NA	NA	NA	susceptible	NA	NA	susceptible	NA	NA	susceptible	NA	susceptible	NA	NA	NA	NA	NA	susceptible	susceptible	NA	NA	NA	NA	NA	susceptible	NA	NA	NA	susceptible	NA	NA	NA
562.2381	NA	susceptible	susceptible	NA	NA	NA	NA	NA	NA	NA	susceptible	NA	NA	susceptible	NA	NA	susceptible	NA	susceptible	NA	NA	NA	NA	NA	susceptible	susceptible	NA	NA	NA	NA	NA	susceptible	NA	NA	NA	susceptible	NA	NA	NA
562.23809	NA	resistant	susceptible	NA	NA	NA	NA	NA	NA	NA	susceptible	NA	NA	susceptible	NA	NA	susceptible	NA	susceptible	NA	NA	NA	NA	NA	susceptible	susceptible	NA	NA	NA	NA	NA	susceptible	NA	NA	NA	susceptible	NA	NA	NA
562.23816	NA	resistant	resistant	NA	NA	NA	NA	NA	NA	NA	susceptible	NA	NA	susceptible	NA	NA	resistant	NA	susceptible	NA	NA	NA	NA	NA	susceptible	susceptible	NA	NA	NA	NA	NA	susceptible	NA	NA	NA	susceptible	NA	NA	NA
562.23808	NA	susceptible	susceptible	NA	NA	NA	NA	NA	NA	NA	susceptible	NA	NA	susceptible	NA	NA	susceptible	NA	susceptible	NA	NA	NA	NA	NA	susceptible	susceptible	NA	NA	NA	NA	NA	susceptible	NA	NA	NA	susceptible	NA	NA	NA
562.23806	NA	resistant	resistant	NA	NA	NA	NA	NA	NA	NA	susceptible	NA	NA	susceptible	NA	NA	susceptible	NA	susceptible	NA	NA	NA	NA	NA	susceptible	susceptible	NA	NA	NA	NA	NA	intermediate	NA	NA	NA	susceptible	NA	NA	NA
562.23805	NA	resistant	resistant	NA	NA	NA	NA	NA	NA	NA	susceptible	NA	NA	susceptible	NA	NA	susceptible	NA	susceptible	NA	NA	NA	NA	NA	susceptible	susceptible	NA	NA	NA	NA	NA	susceptible	NA	NA	NA	susceptible	NA	NA	NA
562.23804	NA	resistant	resistant	NA	NA	NA	NA	NA	NA	NA	resistant	NA	NA	intermediate	NA	NA	resistant	NA	resistant	NA	NA	NA	NA	NA	susceptible	susceptible	NA	NA	NA	NA	NA	susceptible	NA	NA	NA	susceptible	NA	NA	NA
562.23803	NA	resistant	susceptible	NA	NA	NA	NA	NA	NA	NA	susceptible	NA	NA	susceptible	NA	NA	susceptible	NA	susceptible	NA	NA	NA	NA	NA	susceptible	susceptible	NA	NA	NA	NA	NA	susceptible	NA	NA	NA	susceptible	NA	NA	NA
562.23802	NA	susceptible	susceptible	NA	NA	NA	NA	NA	NA	NA	susceptible	NA	NA	susceptible	NA	NA	susceptible	NA	susceptible	NA	NA	NA	NA	NA	susceptible	susceptible	NA	NA	NA	NA	NA	susceptible	NA	NA	NA	susceptible	NA	NA	NA
562.23801	NA	susceptible	susceptible	NA	NA	NA	NA	NA	NA	NA	susceptible	NA	NA	susceptible	NA	NA	susceptible	NA	susceptible	NA	NA	NA	NA	NA	susceptible	susceptible	NA	NA	NA	NA	NA	susceptible	NA	NA	NA	susceptible	NA	NA	NA
562.238	NA	resistant	resistant	NA	NA	NA	NA	NA	NA	NA	resistant	NA	NA	susceptible	NA	NA	resistant	NA	resistant	NA	NA	NA	NA	NA	susceptible	susceptible	NA	NA	NA	NA	NA	resistant	NA	NA	NA	susceptible	NA	NA	NA
562.23807	NA	susceptible	susceptible	NA	NA	NA	NA	NA	NA	NA	susceptible	NA	NA	susceptible	NA	NA	susceptible	NA	susceptible	NA	NA	NA	NA	NA	susceptible	susceptible	NA	NA	NA	NA	NA	susceptible	NA	NA	NA	susceptible	NA	NA	NA
562.23817	NA	resistant	susceptible	NA	NA	NA	NA	NA	NA	NA	susceptible	NA	NA	susceptible	NA	NA	susceptible	NA	susceptible	NA	NA	NA	NA	NA	susceptible	susceptible	NA	NA	NA	NA	NA	susceptible	NA	NA	NA	susceptible	NA	NA	NA
562.23818000000006	NA	resistant	resistant	NA	NA	NA	NA	NA	NA	NA	susceptible	NA	NA	susceptible	NA	NA	resistant	NA	susceptible	NA	NA	NA	NA	NA	intermediate	susceptible	NA	NA	NA	NA	NA	intermediate	NA	NA	NA	susceptible	NA	NA	NA
562.23819	NA	resistant	resistant	NA	NA	NA	NA	NA	NA	NA	susceptible	NA	NA	susceptible	NA	NA	susceptible	NA	susceptible	NA	NA	NA	NA	NA	susceptible	susceptible	NA	NA	NA	NA	NA	susceptible	NA	NA	NA	susceptible	NA	NA	NA
562.23836	NA	susceptible	susceptible	NA	NA	NA	NA	NA	NA	NA	susceptible	NA	NA	susceptible	NA	NA	susceptible	NA	susceptible	NA	NA	NA	NA	NA	susceptible	susceptible	NA	NA	NA	NA	NA	susceptible	NA	NA	NA	susceptible	NA	NA	NA
562.23835	NA	resistant	resistant	NA	NA	NA	NA	NA	NA	NA	susceptible	NA	NA	susceptible	NA	NA	susceptible	NA	susceptible	NA	NA	NA	NA	NA	susceptible	susceptible	NA	NA	NA	NA	NA	susceptible	NA	NA	NA	susceptible	NA	NA	NA
562.23834	NA	resistant	susceptible	NA	NA	NA	NA	NA	NA	NA	susceptible	NA	NA	susceptible	NA	NA	susceptible	NA	susceptible	NA	NA	NA	NA	NA	susceptible	susceptible	NA	NA	NA	NA	NA	susceptible	NA	NA	NA	susceptible	NA	NA	NA
562.23833	NA	susceptible	susceptible	NA	NA	NA	NA	NA	NA	NA	susceptible	NA	NA	susceptible	NA	NA	susceptible	NA	susceptible	NA	NA	NA	NA	NA	susceptible	susceptible	NA	NA	NA	NA	NA	susceptible	NA	NA	NA	susceptible	NA	NA	NA
562.23832	NA	resistant	susceptible	NA	NA	NA	NA	NA	NA	NA	susceptible	NA	NA	susceptible	NA	NA	susceptible	NA	resistant	NA	NA	NA	NA	NA	susceptible	susceptible	NA	NA	NA	NA	NA	susceptible	NA	NA	NA	susceptible	NA	NA	NA
562.23831	NA	resistant	susceptible	NA	NA	NA	NA	NA	NA	NA	susceptible	NA	NA	susceptible	NA	NA	susceptible	NA	susceptible	NA	NA	NA	NA	NA	resistant	susceptible	NA	NA	NA	NA	NA	susceptible	NA	NA	NA	susceptible	NA	NA	NA
562.2383	NA	resistant	susceptible	NA	NA	NA	NA	NA	NA	NA	susceptible	NA	NA	susceptible	NA	NA	susceptible	NA	susceptible	NA	NA	NA	NA	NA	susceptible	susceptible	NA	NA	NA	NA	NA	susceptible	NA	NA	NA	susceptible	NA	NA	NA
562.23829	NA	susceptible	susceptible	NA	NA	NA	NA	NA	NA	NA	susceptible	NA	NA	susceptible	NA	NA	susceptible	NA	susceptible	NA	NA	NA	NA	NA	susceptible	susceptible	NA	NA	NA	NA	NA	susceptible	NA	NA	NA	susceptible	NA	NA	NA
562.23828	NA	resistant	susceptible	NA	NA	NA	NA	NA	NA	NA	susceptible	NA	NA	susceptible	NA	NA	susceptible	NA	susceptible	NA	NA	NA	NA	NA	susceptible	susceptible	NA	NA	NA	NA	NA	susceptible	NA	NA	NA	susceptible	NA	NA	NA
562.23827000000006	NA	susceptible	susceptible	NA	NA	NA	NA	NA	NA	NA	susceptible	NA	NA	susceptible	NA	NA	susceptible	NA	susceptible	NA	NA	NA	NA	NA	susceptible	susceptible	NA	NA	NA	NA	NA	susceptible	NA	NA	NA	susceptible	NA	NA	NA
562.23826	NA	resistant	resistant	NA	NA	NA	NA	NA	NA	NA	susceptible	NA	NA	susceptible	NA	NA	susceptible	NA	susceptible	NA	NA	NA	NA	NA	susceptible	susceptible	NA	NA	NA	NA	NA	resistant	NA	NA	NA	susceptible	NA	NA	NA
562.23825	NA	resistant	resistant	NA	NA	NA	NA	NA	NA	NA	susceptible	NA	NA	susceptible	NA	NA	susceptible	NA	susceptible	NA	NA	NA	NA	NA	susceptible	susceptible	NA	NA	NA	NA	NA	susceptible	NA	NA	NA	susceptible	NA	NA	NA
562.23824	NA	resistant	resistant	NA	NA	NA	NA	NA	NA	NA	susceptible	NA	NA	susceptible	NA	NA	susceptible	NA	susceptible	NA	NA	NA	NA	NA	susceptible	susceptible	NA	NA	NA	NA	NA	susceptible	NA	NA	NA	susceptible	NA	NA	NA
562.23823	NA	susceptible	susceptible	NA	NA	NA	NA	NA	NA	NA	susceptible	NA	NA	susceptible	NA	NA	susceptible	NA	susceptible	NA	NA	NA	NA	NA	susceptible	susceptible	NA	NA	NA	NA	NA	susceptible	NA	NA	NA	susceptible	NA	NA	NA
562.23822	NA	resistant	resistant	NA	NA	NA	NA	NA	NA	NA	susceptible	NA	NA	susceptible	NA	NA	susceptible	NA	resistant	NA	NA	NA	NA	NA	resistant	susceptible	NA	NA	NA	NA	NA	susceptible	NA	NA	NA	susceptible	NA	NA	NA
562.23821	NA	resistant	resistant	NA	NA	NA	NA	NA	NA	NA	resistant	NA	NA	intermediate	NA	NA	resistant	NA	resistant	NA	NA	NA	NA	NA	susceptible	susceptible	NA	NA	NA	NA	NA	intermediate	NA	NA	NA	susceptible	NA	NA	NA
562.2382	NA	susceptible	susceptible	NA	NA	NA	NA	NA	NA	NA	susceptible	NA	NA	susceptible	NA	NA	susceptible	NA	susceptible	NA	NA	NA	NA	NA	susceptible	susceptible	NA	NA	NA	NA	NA	susceptible	NA	NA	NA	susceptible	NA	NA	NA
562.23838	NA	susceptible	susceptible	NA	NA	NA	NA	NA	NA	NA	susceptible	NA	NA	susceptible	NA	NA	susceptible	NA	susceptible	NA	NA	NA	NA	NA	susceptible	susceptible	NA	NA	NA	NA	NA	susceptible	NA	NA	NA	susceptible	NA	NA	NA
562.42634	NA	NA	NA	NA	NA	NA	NA	NA	resistant	NA	NA	NA	NA	resistant*	NA	susceptible	NA	NA	resistant*	NA	NA	NA	NA	NA	NA	NA	resistant	NA	NA	NA	NA	NA	NA	NA	resistant	NA	NA	NA	resistant
562.30308	NA	NA	NA	NA	NA	NA	NA	NA	NA	NA	resistant*	NA	NA	NA	resistant	NA	NA	resistant	NA	NA	NA	NA	NA	NA	NA	NA	NA	NA	NA	NA	NA	NA	NA	NA	resistant	NA	NA	NA	intermediate
562.42636	NA	NA	susceptible*	NA	NA	NA	NA	NA	NA	NA	NA	NA	NA	resistant*	NA	resistant	NA	NA	resistant*	NA	NA	NA	NA	NA	susceptible*	NA	resistant	NA	NA	susceptible	NA	NA	NA	NA	susceptible	NA	NA	NA	susceptible
562.42841	NA	NA	NA	NA	NA	NA	NA	NA	resistant	NA	resistant*	NA	NA	resistant*	NA	resistant	NA	NA	resistant*	NA	susceptible	NA	NA	NA	NA	NA	resistant	NA	NA	NA	NA	NA	NA	NA	resistant	NA	NA	NA	resistant
562.4284	NA	NA	NA	NA	NA	NA	NA	NA	resistant	NA	resistant*	NA	NA	resistant*	NA	resistant	NA	NA	resistant*	NA	susceptible	NA	NA	NA	NA	NA	resistant	NA	NA	NA	NA	NA	NA	NA	susceptible	NA	NA	NA	susceptible
562.42839	NA	NA	NA	NA	NA	NA	NA	NA	resistant	NA	NA	NA	NA	NA	NA	susceptible	NA	NA	resistant*	NA	susceptible	NA	NA	NA	susceptible*	NA	resistant	NA	NA	NA	NA	NA	NA	NA	susceptible	NA	NA	NA	susceptible
562.42838	NA	NA	NA	NA	NA	NA	NA	NA	intermediate	NA	NA	NA	NA	NA	NA	susceptible	NA	NA	NA	NA	susceptible	NA	NA	NA	susceptible*	NA	susceptible	NA	NA	NA	NA	NA	NA	NA	susceptible	NA	NA	NA	susceptible
562.42837	NA	NA	susceptible*	susceptible*	NA	NA	NA	NA	resistant	NA	NA	NA	NA	NA	NA	susceptible	NA	NA	resistant*	resistant*	susceptible	NA	NA	NA	NA	NA	resistant	NA	NA	NA	NA	NA	NA	NA	susceptible	NA	NA	NA	susceptible
562.42836	NA	NA	NA	NA	NA	NA	NA	NA	intermediate	NA	NA	NA	NA	NA	NA	susceptible	NA	NA	NA	NA	susceptible	NA	NA	NA	NA	NA	susceptible	NA	NA	NA	NA	NA	NA	NA	resistant	NA	NA	NA	resistant
562.42835	NA	NA	NA	NA	NA	NA	NA	NA	resistant	NA	resistant*	NA	NA	resistant*	NA	resistant	NA	NA	NA	NA	susceptible	NA	NA	NA	susceptible*	NA	susceptible	NA	NA	NA	NA	NA	NA	NA	susceptible	NA	NA	NA	susceptible
562.42834	NA	NA	NA	NA	NA	NA	NA	NA	resistant	NA	resistant*	NA	NA	resistant*	NA	resistant	NA	NA	resistant*	NA	susceptible	NA	NA	NA	NA	NA	resistant	NA	NA	NA	NA	NA	NA	NA	resistant	NA	NA	NA	resistant
562.42833	NA	NA	NA	NA	NA	NA	NA	NA	resistant	NA	resistant*	NA	NA	resistant*	NA	resistant	NA	NA	resistant*	NA	intermediate	NA	NA	NA	susceptible*	NA	resistant	NA	NA	NA	NA	NA	NA	NA	resistant	NA	NA	NA	resistant
562.42832	NA	NA	NA	NA	NA	NA	NA	NA	resistant	NA	resistant*	NA	NA	resistant*	NA	resistant	NA	NA	resistant*	NA	intermediate	NA	NA	NA	susceptible*	NA	resistant	NA	NA	NA	NA	NA	NA	NA	resistant	NA	NA	NA	resistant
562.42831	NA	NA	NA	NA	NA	NA	NA	NA	resistant	NA	resistant*	NA	NA	resistant*	NA	resistant	NA	NA	resistant*	NA	intermediate	NA	NA	NA	susceptible*	NA	intermediate	NA	NA	NA	NA	NA	NA	NA	resistant	NA	NA	NA	resistant
562.4283	NA	NA	NA	NA	NA	NA	NA	NA	resistant	NA	resistant*	NA	NA	resistant*	NA	resistant	NA	NA	resistant*	NA	susceptible	NA	NA	NA	NA	NA	resistant	NA	NA	NA	NA	NA	NA	NA	susceptible	NA	NA	NA	susceptible
562.42829	NA	NA	NA	NA	NA	NA	NA	NA	resistant	NA	resistant*	NA	NA	resistant*	NA	resistant	NA	NA	resistant*	NA	resistant	NA	NA	NA	susceptible*	NA	resistant	NA	NA	NA	NA	NA	NA	NA	susceptible	NA	NA	NA	susceptible
562.42828	NA	NA	NA	NA	NA	NA	NA	NA	resistant	NA	resistant*	NA	NA	resistant*	NA	resistant	NA	NA	resistant*	NA	intermediate	NA	NA	NA	NA	NA	resistant	NA	NA	NA	NA	NA	NA	NA	resistant	NA	NA	NA	susceptible
562.42827	NA	NA	NA	NA	NA	NA	NA	NA	resistant	NA	resistant*	NA	NA	resistant*	NA	resistant	NA	NA	resistant*	NA	susceptible	NA	NA	NA	NA	NA	resistant	NA	NA	NA	NA	NA	NA	NA	susceptible	NA	NA	NA	susceptible
562.42826	NA	NA	NA	NA	NA	NA	NA	NA	resistant	NA	resistant*	NA	NA	resistant*	NA	resistant	NA	NA	resistant*	NA	intermediate	NA	NA	NA	NA	NA	resistant	NA	NA	NA	NA	NA	NA	NA	susceptible	NA	NA	NA	susceptible
562.42825	NA	NA	NA	NA	NA	NA	NA	NA	resistant	NA	resistant*	NA	NA	resistant*	NA	resistant	NA	NA	resistant*	NA	resistant	NA	NA	NA	susceptible*	NA	resistant	NA	NA	NA	NA	NA	NA	NA	resistant	NA	NA	NA	susceptible
562.42824	NA	NA	NA	NA	NA	NA	NA	NA	resistant	NA	resistant*	NA	NA	resistant*	NA	resistant	NA	NA	resistant*	NA	susceptible	NA	NA	NA	NA	NA	resistant	NA	NA	NA	NA	NA	NA	NA	resistant	NA	NA	NA	resistant
562.42823	NA	NA	NA	NA	NA	NA	NA	NA	resistant	NA	resistant*	NA	NA	resistant*	NA	resistant	NA	NA	resistant*	NA	intermediate	NA	NA	NA	NA	NA	resistant	NA	NA	NA	NA	NA	NA	NA	susceptible	NA	NA	NA	resistant
562.42842	NA	NA	NA	NA	NA	NA	NA	NA	resistant	NA	resistant*	NA	NA	resistant*	NA	resistant	NA	NA	NA	NA	susceptible	NA	NA	NA	susceptible*	NA	susceptible	NA	NA	NA	NA	NA	NA	NA	susceptible	NA	NA	NA	susceptible
562.42822	NA	NA	NA	NA	NA	NA	NA	NA	resistant	NA	resistant*	NA	NA	resistant*	NA	resistant	NA	NA	resistant*	NA	resistant	NA	NA	NA	susceptible*	NA	resistant	NA	NA	NA	NA	NA	NA	NA	resistant	NA	NA	NA	resistant
562.42843	NA	NA	NA	NA	NA	NA	NA	NA	resistant	NA	resistant*	NA	NA	resistant*	NA	resistant	NA	NA	resistant*	NA	intermediate	NA	NA	NA	NA	NA	resistant	NA	NA	NA	NA	NA	NA	NA	resistant	NA	NA	NA	resistant
562.42845	NA	NA	NA	susceptible*	NA	NA	NA	NA	susceptible	NA	NA	NA	NA	NA	NA	susceptible	NA	NA	NA	NA	susceptible	NA	NA	NA	susceptible*	NA	susceptible	NA	NA	NA	NA	NA	NA	NA	susceptible	NA	NA	NA	susceptible
562.42865	NA	NA	NA	NA	NA	NA	NA	NA	resistant	NA	resistant*	NA	NA	resistant*	NA	resistant	NA	NA	NA	NA	susceptible	NA	NA	NA	susceptible*	NA	susceptible	NA	NA	NA	NA	NA	NA	NA	resistant	NA	NA	NA	resistant
562.42863	NA	NA	NA	NA	NA	NA	NA	NA	resistant	NA	resistant*	NA	NA	resistant*	NA	resistant	NA	NA	resistant*	NA	susceptible	NA	NA	NA	susceptible*	NA	resistant	NA	NA	NA	NA	NA	NA	NA	resistant	NA	NA	NA	resistant
562.42862	NA	NA	susceptible*	NA	NA	NA	NA	NA	resistant	NA	resistant*	NA	NA	resistant*	NA	resistant	NA	NA	resistant*	NA	susceptible	NA	NA	NA	susceptible*	NA	resistant	NA	NA	NA	NA	NA	NA	NA	susceptible	NA	NA	NA	resistant
562.42861	NA	NA	NA	NA	NA	NA	NA	NA	resistant	NA	resistant*	NA	NA	resistant*	NA	resistant	NA	NA	resistant*	NA	susceptible	NA	NA	NA	susceptible*	NA	resistant	NA	NA	NA	NA	NA	NA	NA	resistant	NA	NA	NA	susceptible
562.4286	NA	NA	NA	NA	NA	NA	NA	NA	resistant	NA	resistant*	NA	NA	resistant*	NA	resistant	NA	NA	NA	NA	susceptible	NA	NA	NA	susceptible*	NA	susceptible	NA	NA	NA	NA	NA	NA	NA	susceptible	NA	NA	NA	susceptible
562.42859	NA	NA	NA	NA	NA	NA	NA	NA	resistant	NA	resistant*	NA	NA	resistant*	NA	resistant	NA	NA	resistant*	NA	susceptible	NA	NA	NA	susceptible*	NA	resistant	NA	NA	NA	NA	NA	NA	NA	susceptible	NA	NA	NA	susceptible
562.42858	NA	NA	susceptible*	NA	NA	NA	NA	NA	susceptible	NA	NA	NA	NA	resistant*	NA	susceptible	NA	NA	resistant*	NA	susceptible	NA	NA	NA	susceptible*	NA	resistant	NA	NA	NA	NA	NA	NA	NA	susceptible	NA	NA	NA	resistant
562.42857	NA	NA	NA	NA	NA	NA	NA	NA	resistant	NA	NA	NA	NA	NA	NA	susceptible	NA	NA	NA	NA	susceptible	NA	NA	NA	susceptible*	NA	susceptible	NA	NA	NA	NA	NA	NA	NA	susceptible	NA	NA	NA	susceptible
562.42856	NA	NA	NA	NA	NA	NA	NA	NA	resistant	NA	resistant*	NA	NA	resistant*	NA	resistant	NA	NA	NA	NA	susceptible	NA	NA	NA	susceptible*	NA	susceptible	NA	NA	NA	NA	NA	NA	NA	resistant	NA	NA	NA	susceptible
562.42855	NA	NA	NA	NA	NA	NA	NA	NA	resistant	NA	resistant*	NA	NA	resistant*	NA	resistant	NA	NA	resistant*	NA	susceptible	NA	NA	NA	susceptible*	NA	resistant	NA	NA	NA	NA	NA	NA	NA	resistant	NA	NA	NA	resistant
562.42854	NA	NA	NA	NA	NA	NA	NA	NA	resistant	NA	resistant*	NA	NA	resistant*	NA	resistant	NA	NA	resistant*	NA	susceptible	NA	NA	NA	NA	NA	resistant	NA	NA	NA	NA	NA	NA	NA	resistant	NA	NA	NA	susceptible
562.42853	NA	NA	NA	NA	NA	NA	NA	NA	resistant	NA	resistant*	NA	NA	resistant*	NA	resistant	NA	NA	resistant*	NA	susceptible	NA	NA	NA	NA	NA	resistant	NA	NA	NA	NA	NA	NA	NA	susceptible	NA	NA	NA	resistant
562.42852	NA	NA	susceptible*	NA	NA	NA	NA	NA	resistant	NA	resistant*	NA	NA	resistant*	NA	resistant	NA	NA	resistant*	NA	susceptible	NA	NA	NA	susceptible*	NA	resistant	NA	NA	NA	NA	NA	NA	NA	resistant	NA	NA	NA	resistant
562.42851	NA	NA	NA	NA	NA	NA	NA	NA	resistant	NA	resistant*	NA	NA	resistant*	NA	resistant	NA	NA	NA	NA	susceptible	NA	NA	NA	susceptible*	NA	susceptible	NA	NA	NA	NA	NA	NA	NA	susceptible	NA	NA	NA	susceptible
562.4285	NA	NA	NA	NA	NA	NA	NA	NA	resistant	NA	resistant*	NA	NA	resistant*	NA	resistant	NA	NA	resistant*	NA	susceptible	NA	NA	NA	susceptible*	NA	resistant	NA	NA	NA	NA	NA	NA	NA	resistant	NA	NA	NA	resistant
562.42849	NA	NA	NA	NA	NA	NA	NA	NA	resistant	NA	resistant*	NA	NA	resistant*	NA	resistant	NA	NA	resistant*	NA	susceptible	NA	NA	NA	NA	NA	resistant	NA	NA	NA	NA	NA	NA	NA	resistant	NA	NA	NA	resistant
562.42848	NA	NA	NA	NA	NA	NA	NA	NA	resistant	NA	NA	NA	NA	NA	NA	susceptible	NA	NA	resistant*	NA	susceptible	NA	NA	NA	susceptible*	NA	resistant	NA	NA	NA	NA	NA	NA	NA	resistant	NA	NA	NA	resistant
562.42847	NA	NA	susceptible*	NA	NA	NA	NA	NA	resistant	NA	NA	NA	NA	NA	NA	susceptible	NA	NA	NA	NA	susceptible	NA	NA	NA	NA	NA	susceptible	NA	NA	NA	NA	NA	NA	NA	susceptible	NA	NA	NA	resistant
562.42846	NA	NA	NA	NA	NA	NA	NA	NA	resistant	NA	resistant*	NA	NA	resistant*	NA	resistant	NA	NA	NA	NA	susceptible	NA	NA	NA	susceptible*	NA	susceptible	NA	NA	NA	NA	NA	NA	NA	susceptible	NA	NA	NA	susceptible
562.42844	NA	NA	NA	susceptible*	NA	NA	NA	NA	susceptible	NA	NA	NA	NA	NA	NA	susceptible	NA	NA	NA	NA	susceptible	NA	NA	NA	susceptible*	NA	susceptible	NA	NA	NA	NA	NA	NA	NA	susceptible	NA	NA	NA	susceptible
562.42867	NA	NA	NA	NA	NA	NA	NA	NA	resistant	NA	resistant*	NA	NA	resistant*	NA	resistant	NA	NA	resistant*	NA	resistant	NA	NA	NA	susceptible*	NA	resistant	NA	NA	NA	NA	NA	NA	NA	susceptible	NA	NA	NA	resistant
562.42821	NA	NA	NA	NA	NA	NA	NA	NA	resistant	NA	resistant*	NA	NA	resistant*	NA	resistant	NA	NA	resistant*	NA	susceptible	NA	NA	NA	NA	NA	resistant	NA	NA	NA	NA	NA	NA	NA	susceptible	NA	NA	NA	resistant
562.42819	NA	NA	susceptible*	NA	intermediate	NA	NA	NA	resistant	NA	NA	NA	NA	NA	NA	resistant	NA	NA	resistant*	NA	NA	NA	NA	NA	NA	NA	resistant	NA	NA	NA	NA	NA	NA	NA	resistant	NA	NA	NA	resistant
562.42792	NA	NA	NA	NA	resistant	NA	NA	NA	resistant	NA	NA	NA	NA	NA	NA	resistant	NA	NA	resistant*	NA	NA	NA	NA	NA	NA	NA	resistant	NA	NA	NA	NA	NA	NA	NA	NA	NA	NA	NA	resistant
562.42791	NA	NA	NA	NA	resistant	NA	NA	NA	resistant	NA	NA	NA	NA	NA	NA	resistant	NA	NA	resistant*	NA	NA	NA	NA	NA	NA	NA	resistant	NA	NA	NA	NA	NA	NA	NA	NA	NA	NA	NA	resistant
562.4279	NA	NA	NA	susceptible*	susceptible	NA	NA	NA	susceptible	NA	NA	NA	NA	NA	NA	susceptible	NA	NA	resistant*	NA	NA	NA	NA	NA	susceptible*	NA	resistant	NA	NA	NA	NA	NA	NA	NA	NA	NA	NA	NA	susceptible
562.42789	NA	NA	NA	NA	resistant	NA	NA	NA	resistant	NA	NA	NA	NA	NA	NA	resistant	NA	NA	resistant*	NA	NA	NA	NA	NA	NA	NA	resistant	NA	NA	NA	NA	NA	NA	NA	NA	NA	NA	NA	resistant
562.42788	NA	NA	NA	NA	resistant	NA	NA	NA	resistant	NA	NA	NA	NA	NA	NA	resistant	NA	NA	resistant*	NA	NA	NA	NA	NA	NA	NA	resistant	NA	NA	NA	NA	NA	NA	NA	NA	NA	NA	NA	resistant
562.42787	NA	NA	NA	NA	resistant	NA	NA	NA	resistant	NA	NA	NA	NA	NA	NA	resistant	NA	NA	resistant*	NA	NA	NA	NA	NA	susceptible*	NA	resistant	NA	NA	NA	NA	NA	NA	NA	NA	NA	NA	NA	resistant
562.42786	NA	NA	NA	NA	resistant	NA	NA	NA	resistant	NA	NA	NA	NA	NA	NA	resistant	NA	NA	resistant*	NA	NA	NA	NA	NA	susceptible*	NA	resistant	NA	NA	NA	NA	NA	NA	NA	NA	NA	NA	NA	susceptible
562.42785	NA	NA	NA	NA	resistant	NA	NA	NA	resistant	NA	NA	NA	NA	NA	NA	resistant	NA	NA	NA	NA	NA	NA	NA	NA	susceptible*	NA	susceptible	NA	NA	NA	NA	NA	NA	NA	NA	NA	NA	NA	susceptible
562.42784	NA	NA	NA	NA	resistant	NA	NA	NA	resistant	NA	NA	NA	NA	NA	NA	resistant	NA	NA	resistant*	NA	NA	NA	NA	NA	NA	NA	resistant	NA	NA	NA	NA	NA	NA	NA	resistant	NA	NA	NA	susceptible
562.42783	NA	NA	NA	NA	resistant	NA	NA	NA	resistant	NA	NA	NA	NA	NA	NA	resistant	NA	NA	resistant*	NA	NA	NA	NA	NA	NA	NA	resistant	NA	NA	NA	NA	NA	NA	NA	NA	NA	NA	NA	resistant
562.42782	NA	NA	susceptible*	NA	resistant	NA	NA	NA	resistant	NA	NA	NA	NA	NA	NA	resistant	NA	NA	resistant*	NA	NA	NA	NA	NA	susceptible*	NA	resistant	NA	NA	NA	NA	NA	NA	NA	susceptible	NA	NA	NA	susceptible
562.42781	NA	NA	NA	NA	NA	NA	NA	NA	resistant	NA	NA	NA	NA	NA	NA	resistant	NA	NA	resistant*	NA	NA	NA	NA	NA	susceptible*	NA	resistant	NA	NA	NA	NA	NA	NA	NA	susceptible	NA	NA	NA	susceptible
562.4278	NA	NA	NA	NA	NA	NA	NA	NA	resistant	NA	NA	NA	NA	NA	NA	resistant	NA	NA	resistant*	NA	NA	NA	NA	NA	susceptible*	NA	resistant	NA	NA	NA	NA	NA	NA	NA	susceptible	NA	NA	NA	susceptible
562.42635	NA	NA	NA	resistant	NA	NA	NA	NA	resistant	NA	susceptible	NA	NA	susceptible*	NA	resistant	NA	NA	susceptible*	NA	NA	NA	NA	NA	susceptible	NA	resistant	NA	NA	NA	NA	NA	NA	NA	susceptible	NA	NA	NA	resistant
562.42778	NA	NA	NA	NA	NA	NA	NA	NA	resistant	NA	NA	NA	NA	NA	NA	resistant	NA	NA	intermediate*	NA	NA	NA	NA	NA	NA	NA	susceptible	NA	NA	NA	NA	NA	NA	NA	resistant	NA	NA	NA	resistant
562.42777	NA	NA	susceptible*	NA	susceptible	NA	NA	NA	resistant	NA	NA	NA	NA	NA	NA	resistant	NA	NA	resistant*	NA	NA	NA	NA	NA	susceptible*	NA	resistant	NA	NA	NA	NA	NA	NA	NA	resistant	NA	NA	NA	resistant
562.42776	NA	NA	susceptible*	NA	susceptible	NA	NA	NA	resistant	NA	NA	NA	NA	NA	NA	resistant	NA	NA	resistant*	NA	NA	NA	NA	NA	susceptible*	NA	resistant	NA	NA	NA	NA	NA	NA	NA	resistant	NA	NA	NA	resistant
562.42775	NA	NA	susceptible*	NA	intermediate	NA	NA	NA	resistant	NA	NA	NA	NA	NA	NA	resistant	NA	NA	resistant*	NA	NA	NA	NA	NA	NA	NA	resistant	NA	NA	NA	NA	NA	NA	NA	resistant	NA	NA	NA	resistant
562.42774	NA	NA	susceptible*	NA	resistant	NA	NA	NA	resistant	NA	NA	NA	NA	NA	NA	resistant	NA	NA	resistant*	NA	NA	NA	NA	NA	NA	NA	resistant	NA	NA	NA	NA	NA	NA	NA	NA	NA	NA	NA	resistant
562.42794	NA	NA	NA	NA	resistant	NA	NA	NA	resistant	NA	NA	NA	NA	NA	NA	resistant	NA	NA	resistant*	NA	NA	NA	NA	NA	susceptible*	NA	resistant	NA	NA	NA	NA	NA	NA	NA	NA	NA	NA	NA	susceptible
562.4282	NA	NA	NA	NA	NA	NA	NA	NA	resistant	NA	resistant*	NA	NA	resistant*	NA	resistant	NA	NA	resistant*	NA	resistant	NA	NA	NA	susceptible*	NA	resistant	NA	NA	NA	NA	NA	NA	NA	intermediate	NA	NA	NA	resistant
562.42796	NA	NA	NA	NA	resistant	NA	NA	NA	resistant	NA	NA	NA	NA	NA	NA	resistant	NA	NA	NA	NA	NA	NA	NA	NA	susceptible*	NA	susceptible	NA	NA	NA	NA	NA	NA	NA	NA	NA	NA	NA	susceptible
562.42799	NA	NA	NA	NA	resistant	NA	NA	NA	resistant	NA	NA	NA	NA	NA	NA	resistant	NA	NA	resistant*	NA	NA	NA	NA	NA	susceptible*	NA	resistant	NA	NA	NA	NA	NA	NA	NA	NA	NA	NA	NA	resistant
562.42818	NA	NA	NA	NA	resistant	NA	NA	NA	resistant	NA	NA	NA	NA	NA	NA	resistant	NA	NA	resistant*	NA	NA	NA	NA	NA	NA	NA	resistant	NA	NA	NA	NA	NA	NA	NA	NA	NA	NA	NA	resistant
562.42817	NA	NA	NA	NA	resistant	NA	NA	NA	resistant	NA	NA	NA	NA	NA	NA	resistant	NA	NA	resistant*	NA	NA	NA	NA	NA	NA	NA	resistant	NA	NA	NA	NA	NA	NA	NA	NA	NA	NA	NA	resistant
562.42816	NA	NA	NA	NA	resistant	NA	NA	NA	resistant	NA	NA	NA	NA	NA	NA	resistant	NA	NA	resistant*	NA	NA	NA	NA	NA	susceptible*	NA	resistant	NA	NA	NA	NA	NA	NA	NA	NA	NA	NA	NA	resistant
562.42815	NA	NA	NA	NA	resistant	NA	NA	NA	resistant	NA	NA	NA	NA	NA	NA	resistant	NA	NA	intermediate*	NA	NA	NA	NA	NA	susceptible*	NA	susceptible	NA	NA	NA	NA	NA	NA	NA	NA	NA	NA	NA	susceptible
562.42814	NA	NA	NA	NA	resistant	NA	NA	NA	resistant	NA	NA	NA	NA	NA	NA	resistant	NA	NA	resistant*	NA	NA	NA	NA	NA	NA	NA	resistant	NA	NA	NA	NA	NA	NA	NA	NA	NA	NA	NA	susceptible
562.42813	NA	NA	NA	NA	resistant	NA	NA	NA	resistant	NA	NA	NA	NA	NA	NA	resistant	NA	NA	resistant*	NA	NA	NA	NA	NA	NA	NA	resistant	NA	NA	NA	NA	NA	NA	NA	NA	NA	NA	NA	resistant
562.42812	NA	NA	NA	NA	resistant	NA	NA	NA	resistant	NA	NA	NA	NA	NA	NA	resistant	NA	NA	resistant*	NA	NA	NA	NA	NA	NA	NA	resistant	NA	NA	NA	NA	NA	NA	NA	NA	NA	NA	NA	resistant
562.42811	NA	NA	NA	NA	resistant	NA	NA	NA	resistant	NA	NA	NA	NA	NA	NA	resistant	NA	NA	intermediate*	NA	NA	NA	NA	NA	susceptible*	NA	susceptible	NA	NA	NA	NA	NA	NA	NA	NA	NA	NA	NA	susceptible
562.4281	NA	NA	NA	NA	resistant	NA	NA	NA	resistant	NA	NA	NA	NA	NA	NA	resistant	NA	NA	resistant*	NA	NA	NA	NA	NA	NA	NA	resistant	NA	NA	NA	NA	NA	NA	NA	NA	NA	NA	NA	resistant
562.42809	NA	NA	NA	NA	resistant	NA	NA	NA	resistant	NA	NA	NA	NA	NA	NA	resistant	NA	NA	resistant*	NA	NA	NA	NA	NA	NA	NA	resistant	NA	NA	NA	NA	NA	NA	NA	NA	NA	NA	NA	susceptible
562.42808	NA	NA	NA	NA	resistant	NA	NA	NA	resistant	NA	NA	NA	NA	NA	NA	resistant	NA	NA	resistant*	NA	NA	NA	NA	NA	NA	NA	resistant	NA	NA	NA	NA	NA	NA	NA	NA	NA	NA	NA	resistant
562.42807	NA	NA	NA	NA	resistant	NA	NA	NA	resistant	NA	NA	NA	NA	NA	NA	resistant	NA	NA	resistant*	NA	NA	NA	NA	NA	NA	NA	resistant	NA	NA	NA	NA	NA	NA	NA	NA	NA	NA	NA	resistant
562.42806	NA	NA	NA	NA	resistant	NA	NA	NA	resistant	NA	NA	NA	NA	NA	NA	resistant	NA	NA	resistant*	NA	NA	NA	NA	NA	NA	NA	resistant	NA	NA	NA	NA	NA	NA	NA	NA	NA	NA	NA	resistant
562.42805	NA	NA	NA	NA	resistant	NA	NA	NA	resistant	NA	NA	NA	NA	NA	NA	resistant	NA	NA	resistant*	NA	NA	NA	NA	NA	NA	NA	resistant	NA	NA	NA	NA	NA	NA	NA	NA	NA	NA	NA	resistant
562.42804	NA	NA	NA	NA	resistant	NA	NA	NA	resistant	NA	NA	NA	NA	NA	NA	resistant	NA	NA	resistant*	NA	NA	NA	NA	NA	NA	NA	resistant	NA	NA	NA	NA	NA	NA	NA	NA	NA	NA	NA	resistant
562.42803	NA	NA	NA	NA	resistant	NA	NA	NA	resistant	NA	NA	NA	NA	NA	NA	resistant	NA	NA	resistant*	NA	NA	NA	NA	NA	NA	NA	resistant	NA	NA	NA	NA	NA	NA	NA	NA	NA	NA	NA	resistant
562.42802	NA	NA	NA	NA	resistant	NA	NA	NA	resistant	NA	NA	NA	NA	NA	NA	resistant	NA	NA	resistant*	NA	NA	NA	NA	NA	NA	NA	resistant	NA	NA	NA	NA	NA	NA	NA	NA	NA	NA	NA	resistant
562.42801	NA	NA	NA	NA	resistant	NA	NA	NA	resistant	NA	NA	NA	NA	NA	NA	resistant	NA	NA	resistant*	NA	NA	NA	NA	NA	NA	NA	resistant	NA	NA	NA	NA	NA	NA	NA	NA	NA	NA	NA	resistant
562.428	NA	NA	NA	NA	resistant	NA	NA	NA	resistant	NA	NA	NA	NA	NA	NA	resistant	NA	NA	resistant*	NA	NA	NA	NA	NA	NA	NA	resistant	NA	NA	NA	NA	NA	NA	NA	NA	NA	NA	NA	resistant
562.42797	NA	NA	NA	NA	resistant	NA	NA	NA	resistant	NA	NA	NA	NA	NA	NA	resistant	NA	NA	resistant*	NA	NA	NA	NA	NA	NA	NA	resistant	NA	NA	NA	NA	NA	NA	NA	NA	NA	NA	NA	resistant
562.42868	NA	NA	NA	NA	NA	NA	NA	NA	resistant	NA	resistant*	NA	NA	resistant*	NA	resistant	NA	NA	resistant*	NA	resistant	NA	NA	NA	susceptible*	NA	resistant	NA	NA	NA	NA	NA	NA	NA	resistant	NA	NA	NA	resistant
562.42869	NA	NA	NA	NA	NA	NA	NA	NA	resistant	NA	resistant*	NA	NA	resistant*	NA	resistant	NA	NA	resistant*	NA	susceptible	NA	NA	NA	susceptible*	NA	resistant	NA	NA	NA	NA	NA	NA	NA	resistant	NA	NA	NA	resistant
562.4287	NA	NA	NA	NA	NA	NA	NA	NA	resistant	NA	resistant*	NA	NA	resistant*	NA	resistant	NA	NA	NA	NA	resistant	NA	NA	NA	susceptible*	NA	susceptible	NA	NA	NA	NA	NA	NA	NA	resistant	NA	NA	NA	resistant
562.45638	NA	NA	NA	NA	susceptible	NA	NA	NA	susceptible	NA	NA	susceptible	NA	NA	susceptible	susceptible	NA	susceptible	NA	NA	NA	susceptible	NA	susceptible	NA	NA	susceptible	NA	susceptible	susceptible	NA	NA	NA	NA	NA	NA	NA	NA	intermediate
562.45637	NA	NA	NA	NA	susceptible	NA	NA	NA	susceptible	NA	NA	susceptible	NA	NA	susceptible	susceptible	NA	resistant	NA	NA	NA	susceptible	NA	susceptible	NA	NA	resistant	NA	susceptible	intermediate	NA	NA	NA	NA	NA	NA	NA	NA	susceptible
562.45636	NA	NA	NA	NA	susceptible	NA	NA	NA	intermediate	NA	NA	susceptible	NA	NA	susceptible	susceptible	NA	susceptible	NA	NA	NA	resistant	NA	susceptible	NA	NA	resistant	NA	susceptible	intermediate	NA	NA	NA	NA	NA	NA	NA	NA	susceptible
562.45635	NA	NA	NA	NA	susceptible	NA	NA	NA	susceptible	NA	NA	susceptible	NA	NA	susceptible	susceptible	NA	resistant	NA	NA	NA	resistant	NA	susceptible	NA	NA	resistant	NA	susceptible	susceptible	NA	NA	NA	NA	NA	NA	NA	NA	resistant
562.45634	NA	NA	NA	NA	susceptible	NA	NA	NA	intermediate	NA	NA	susceptible	NA	NA	susceptible	susceptible	NA	resistant	NA	NA	NA	intermediate	NA	susceptible	NA	NA	resistant	NA	susceptible	susceptible	NA	NA	NA	NA	NA	NA	NA	NA	resistant
562.45633	NA	NA	NA	NA	susceptible	NA	NA	NA	susceptible	NA	NA	susceptible	NA	NA	susceptible	susceptible	NA	resistant	NA	NA	NA	susceptible	NA	susceptible	NA	NA	susceptible	NA	susceptible	susceptible	NA	NA	NA	NA	NA	NA	NA	NA	susceptible
562.45632	NA	NA	NA	NA	susceptible	NA	NA	NA	susceptible	NA	NA	susceptible	NA	NA	susceptible	susceptible	NA	resistant	NA	NA	NA	intermediate	NA	susceptible	NA	NA	resistant	NA	susceptible	susceptible	NA	NA	NA	NA	NA	NA	NA	NA	resistant
562.45631	NA	NA	NA	NA	intermediate	NA	NA	NA	intermediate	NA	NA	susceptible	NA	NA	susceptible	susceptible	NA	resistant	NA	NA	NA	resistant	NA	susceptible	NA	NA	resistant	NA	susceptible	intermediate	NA	NA	NA	NA	NA	NA	NA	NA	resistant
562.4563	NA	NA	NA	NA	susceptible	NA	NA	NA	susceptible	NA	NA	susceptible	NA	NA	susceptible	susceptible	NA	resistant	NA	NA	NA	intermediate	NA	susceptible	NA	NA	resistant	NA	susceptible	resistant	NA	NA	NA	NA	NA	NA	NA	NA	resistant
562.45629	NA	NA	NA	NA	susceptible	NA	NA	NA	intermediate	NA	NA	susceptible	NA	NA	susceptible	susceptible	NA	susceptible	NA	NA	NA	intermediate	NA	susceptible	NA	NA	resistant	NA	susceptible	resistant	NA	NA	NA	NA	NA	NA	NA	NA	resistant
562.45628	NA	NA	NA	NA	susceptible	NA	NA	NA	intermediate	NA	NA	susceptible	NA	NA	susceptible	susceptible	NA	susceptible	NA	NA	NA	intermediate	NA	susceptible	NA	NA	resistant	NA	susceptible	susceptible	NA	NA	NA	NA	NA	NA	NA	NA	susceptible
562.45627	NA	NA	NA	NA	susceptible	NA	NA	NA	susceptible	NA	NA	susceptible	NA	NA	susceptible	susceptible	NA	susceptible	NA	NA	NA	susceptible	NA	susceptible	NA	NA	susceptible	NA	susceptible	susceptible	NA	NA	NA	NA	NA	NA	NA	NA	susceptible
562.45626	NA	NA	NA	NA	susceptible	NA	NA	NA	resistant	NA	NA	susceptible	NA	NA	resistant	resistant	NA	susceptible	NA	NA	NA	susceptible	NA	susceptible	NA	NA	resistant	NA	susceptible	susceptible	NA	NA	NA	NA	NA	NA	NA	NA	susceptible
562.45625	NA	NA	NA	NA	susceptible	NA	NA	NA	susceptible	NA	NA	susceptible	NA	NA	susceptible	susceptible	NA	resistant	NA	NA	NA	resistant	NA	susceptible	NA	NA	resistant	NA	susceptible	resistant	NA	NA	NA	NA	NA	NA	NA	NA	resistant
562.45624	NA	NA	NA	NA	susceptible	NA	NA	NA	susceptible	NA	NA	susceptible	NA	NA	susceptible	susceptible	NA	susceptible	NA	NA	NA	intermediate	NA	susceptible	NA	NA	resistant	NA	susceptible	susceptible	NA	NA	NA	NA	NA	NA	NA	NA	resistant
562.45623	NA	NA	NA	NA	intermediate	NA	NA	NA	susceptible	NA	NA	susceptible	NA	NA	susceptible	susceptible	NA	susceptible	NA	NA	NA	intermediate	NA	susceptible	NA	NA	resistant	NA	susceptible	resistant	NA	NA	NA	NA	NA	NA	NA	NA	susceptible
562.45622	NA	NA	NA	NA	susceptible	NA	NA	NA	susceptible	NA	NA	susceptible	NA	NA	susceptible	susceptible	NA	resistant	NA	NA	NA	intermediate	NA	susceptible	NA	NA	intermediate	NA	susceptible	susceptible	NA	NA	NA	NA	NA	NA	NA	NA	resistant
562.45621	NA	NA	NA	NA	susceptible	NA	NA	NA	intermediate	NA	NA	susceptible	NA	NA	susceptible	susceptible	NA	susceptible	NA	NA	NA	resistant	NA	susceptible	NA	NA	susceptible	NA	susceptible	susceptible	NA	NA	NA	NA	NA	NA	NA	NA	resistant
562.4562	NA	NA	NA	NA	intermediate	NA	NA	NA	resistant	NA	NA	susceptible	NA	NA	resistant	resistant	NA	resistant	NA	NA	NA	susceptible	NA	susceptible	NA	NA	susceptible	NA	susceptible	susceptible	NA	NA	NA	NA	NA	NA	NA	NA	susceptible
562.45639	NA	NA	NA	NA	intermediate	NA	NA	NA	intermediate	NA	NA	susceptible	NA	NA	susceptible	susceptible	NA	resistant	NA	NA	NA	susceptible	NA	susceptible	NA	NA	resistant	NA	susceptible	resistant	NA	NA	NA	NA	NA	NA	NA	NA	resistant
562.45619	NA	NA	NA	NA	susceptible	NA	NA	NA	susceptible	NA	NA	susceptible	NA	NA	susceptible	susceptible	NA	resistant	NA	NA	NA	intermediate	NA	susceptible	NA	NA	resistant	NA	susceptible	intermediate	NA	NA	NA	NA	NA	NA	NA	NA	resistant
562.4564	NA	NA	NA	NA	susceptible	NA	NA	NA	intermediate	NA	NA	susceptible	NA	NA	susceptible	susceptible	NA	susceptible	NA	NA	NA	intermediate	NA	susceptible	NA	NA	susceptible	NA	susceptible	resistant	NA	NA	NA	NA	NA	NA	NA	NA	resistant
562.45642	NA	NA	NA	NA	susceptible	NA	NA	NA	susceptible	NA	NA	susceptible	NA	NA	susceptible	susceptible	NA	resistant	NA	NA	NA	resistant	NA	susceptible	NA	NA	resistant	NA	susceptible	resistant	NA	NA	NA	NA	NA	NA	NA	NA	resistant
562.45661	NA	NA	NA	NA	susceptible	NA	NA	NA	susceptible	NA	NA	susceptible	NA	NA	susceptible	susceptible	NA	susceptible	NA	NA	NA	susceptible	NA	susceptible	NA	NA	susceptible	NA	susceptible	susceptible	NA	NA	NA	NA	NA	NA	NA	NA	susceptible
562.4566	NA	NA	NA	NA	susceptible	NA	NA	NA	intermediate	NA	NA	susceptible	NA	NA	susceptible	susceptible	NA	susceptible	NA	NA	NA	intermediate	NA	susceptible	NA	NA	resistant	NA	susceptible	susceptible	NA	NA	NA	NA	NA	NA	NA	NA	susceptible
562.45659	NA	NA	NA	NA	susceptible	NA	NA	NA	resistant	NA	NA	susceptible	NA	NA	resistant	resistant	NA	resistant	NA	NA	NA	resistant	NA	susceptible	NA	NA	resistant	NA	susceptible	intermediate	NA	NA	NA	NA	NA	NA	NA	NA	resistant
562.45658	NA	NA	NA	NA	susceptible	NA	NA	NA	intermediate	NA	NA	susceptible	NA	NA	susceptible	susceptible	NA	resistant	NA	NA	NA	resistant	NA	susceptible	NA	NA	resistant	NA	susceptible	resistant	NA	NA	NA	NA	NA	NA	NA	NA	resistant
562.45657	NA	NA	NA	NA	resistant	NA	NA	NA	intermediate	NA	NA	susceptible	NA	NA	susceptible	susceptible	NA	resistant	NA	NA	NA	resistant	NA	susceptible	NA	NA	resistant	NA	susceptible	susceptible	NA	NA	NA	NA	NA	NA	NA	NA	resistant
562.45656	NA	NA	NA	NA	susceptible	NA	NA	NA	intermediate	NA	NA	susceptible	NA	NA	susceptible	susceptible	NA	resistant	NA	NA	NA	resistant	NA	susceptible	NA	NA	susceptible	NA	intermediate	susceptible	NA	NA	NA	NA	NA	NA	NA	NA	susceptible
562.45655	NA	NA	NA	NA	intermediate	NA	NA	NA	intermediate	NA	NA	susceptible	NA	NA	susceptible	susceptible	NA	susceptible	NA	NA	NA	intermediate	NA	susceptible	NA	NA	resistant	NA	susceptible	intermediate	NA	NA	NA	NA	NA	NA	NA	NA	resistant
562.45654	NA	NA	NA	NA	susceptible	NA	NA	NA	susceptible	NA	NA	susceptible	NA	NA	susceptible	susceptible	NA	resistant	NA	NA	NA	intermediate	NA	susceptible	NA	NA	susceptible	NA	susceptible	susceptible	NA	NA	NA	NA	NA	NA	NA	NA	resistant
562.45653	NA	NA	NA	NA	susceptible	NA	NA	NA	susceptible	NA	NA	susceptible	NA	NA	susceptible	susceptible	NA	resistant	NA	NA	NA	intermediate	NA	susceptible	NA	NA	resistant	NA	susceptible	resistant	NA	NA	NA	NA	NA	NA	NA	NA	resistant
562.45652	NA	NA	NA	NA	susceptible	NA	NA	NA	susceptible	NA	NA	susceptible	NA	NA	susceptible	susceptible	NA	susceptible	NA	NA	NA	resistant	NA	susceptible	NA	NA	resistant	NA	susceptible	resistant	NA	NA	NA	NA	NA	NA	NA	NA	susceptible
562.45651	NA	NA	NA	NA	susceptible	NA	NA	NA	susceptible	NA	NA	susceptible	NA	NA	susceptible	susceptible	NA	susceptible	NA	NA	NA	susceptible	NA	susceptible	NA	NA	resistant	NA	susceptible	susceptible	NA	NA	NA	NA	NA	NA	NA	NA	susceptible
562.4565	NA	NA	NA	NA	susceptible	NA	NA	NA	susceptible	NA	NA	susceptible	NA	NA	susceptible	susceptible	NA	susceptible	NA	NA	NA	intermediate	NA	susceptible	NA	NA	resistant	NA	susceptible	intermediate	NA	NA	NA	NA	NA	NA	NA	NA	resistant
562.45649	NA	NA	NA	NA	susceptible	NA	NA	NA	intermediate	NA	NA	susceptible	NA	NA	susceptible	susceptible	NA	resistant	NA	NA	NA	resistant	NA	susceptible	NA	NA	susceptible	NA	susceptible	resistant	NA	NA	NA	NA	NA	NA	NA	NA	susceptible
562.45648	NA	NA	NA	NA	susceptible	NA	NA	NA	susceptible	NA	NA	susceptible	NA	NA	susceptible	susceptible	NA	susceptible	NA	NA	NA	susceptible	NA	susceptible	NA	NA	susceptible	NA	susceptible	susceptible	NA	NA	NA	NA	NA	NA	NA	NA	susceptible
562.45647	NA	NA	NA	NA	intermediate	NA	NA	NA	intermediate	NA	NA	susceptible	NA	NA	susceptible	susceptible	NA	susceptible	NA	NA	NA	resistant	NA	susceptible	NA	NA	intermediate	NA	susceptible	susceptible	NA	NA	NA	NA	NA	NA	NA	NA	resistant
562.45646	NA	NA	NA	NA	susceptible	NA	NA	NA	intermediate	NA	NA	susceptible	NA	NA	susceptible	susceptible	NA	susceptible	NA	NA	NA	intermediate	NA	susceptible	NA	NA	resistant	NA	susceptible	resistant	NA	NA	NA	NA	NA	NA	NA	NA	susceptible
562.45645	NA	NA	NA	NA	susceptible	NA	NA	NA	resistant	NA	NA	susceptible	NA	NA	resistant	resistant	NA	resistant	NA	NA	NA	intermediate	NA	susceptible	NA	NA	resistant	NA	susceptible	resistant	NA	NA	NA	NA	NA	NA	NA	NA	intermediate
562.45644	NA	NA	NA	NA	resistant	NA	NA	NA	resistant	NA	NA	susceptible	NA	NA	intermediate	resistant	NA	resistant	NA	NA	NA	resistant	NA	susceptible	NA	NA	resistant	NA	susceptible	susceptible	NA	NA	NA	NA	NA	NA	NA	NA	resistant
562.45643	NA	NA	NA	NA	susceptible	NA	NA	NA	susceptible	NA	NA	susceptible	NA	NA	susceptible	susceptible	NA	resistant	NA	NA	NA	resistant	NA	susceptible	NA	NA	susceptible	NA	resistant	susceptible	NA	NA	NA	NA	NA	NA	NA	NA	resistant
562.45641	NA	NA	NA	NA	susceptible	NA	NA	NA	susceptible	NA	NA	susceptible	NA	NA	susceptible	susceptible	NA	susceptible	NA	NA	NA	susceptible	NA	susceptible	NA	NA	susceptible	NA	susceptible	susceptible	NA	NA	NA	NA	NA	NA	NA	NA	susceptible
562.45618	NA	NA	NA	NA	intermediate	NA	NA	NA	resistant	NA	NA	susceptible	NA	NA	resistant	resistant	NA	susceptible	NA	NA	NA	resistant	NA	susceptible	NA	NA	resistant	NA	susceptible	resistant	NA	NA	NA	NA	NA	NA	NA	NA	resistant
562.45617	NA	NA	NA	NA	susceptible	NA	NA	NA	susceptible	NA	NA	susceptible	NA	NA	susceptible	susceptible	NA	susceptible	NA	NA	NA	susceptible	NA	susceptible	NA	NA	resistant	NA	susceptible	susceptible	NA	NA	NA	NA	NA	NA	NA	NA	susceptible
562.45616	NA	NA	NA	NA	susceptible	NA	NA	NA	intermediate	NA	NA	susceptible	NA	NA	susceptible	susceptible	NA	susceptible	NA	NA	NA	resistant	NA	susceptible	NA	NA	resistant	NA	susceptible	resistant	NA	NA	NA	NA	NA	NA	NA	NA	susceptible
562.45591	NA	NA	NA	NA	intermediate	NA	NA	NA	intermediate	NA	NA	susceptible	NA	NA	susceptible	susceptible	NA	resistant	NA	NA	NA	intermediate	NA	susceptible	NA	NA	resistant	NA	susceptible	resistant	NA	NA	NA	NA	NA	NA	NA	NA	resistant
562.4559	NA	NA	NA	NA	susceptible	NA	NA	NA	susceptible	NA	NA	susceptible	NA	NA	susceptible	susceptible	NA	resistant	NA	NA	NA	susceptible	NA	susceptible	NA	NA	susceptible	NA	susceptible	susceptible	NA	NA	NA	NA	NA	NA	NA	NA	susceptible
562.45589	NA	NA	NA	NA	susceptible	NA	NA	NA	intermediate	NA	NA	susceptible	NA	NA	susceptible	susceptible	NA	susceptible	NA	NA	NA	intermediate	NA	susceptible	NA	NA	resistant	NA	susceptible	intermediate	NA	NA	NA	NA	NA	NA	NA	NA	resistant
562.45588	NA	NA	NA	NA	susceptible	NA	NA	NA	resistant	NA	NA	susceptible	NA	NA	resistant	resistant	NA	susceptible	NA	NA	NA	resistant	NA	susceptible	NA	NA	resistant	NA	susceptible	susceptible	NA	NA	NA	NA	NA	NA	NA	NA	resistant
562.45587	NA	NA	NA	NA	susceptible	NA	NA	NA	intermediate	NA	NA	susceptible	NA	NA	susceptible	susceptible	NA	susceptible	NA	NA	NA	intermediate	NA	susceptible	NA	NA	resistant	NA	susceptible	intermediate	NA	NA	NA	NA	NA	NA	NA	NA	resistant
562.45585	NA	NA	NA	NA	susceptible	NA	NA	NA	susceptible	NA	NA	susceptible	NA	NA	susceptible	susceptible	NA	susceptible	NA	NA	NA	resistant	NA	susceptible	NA	NA	resistant	NA	susceptible	resistant	NA	NA	NA	NA	NA	NA	NA	NA	resistant
562.45404	NA	NA	NA	NA	NA	NA	NA	NA	NA	NA	NA	NA	NA	NA	NA	NA	NA	susceptible	NA	NA	NA	NA	NA	susceptible	NA	NA	NA	NA	NA	NA	NA	NA	NA	NA	susceptible	NA	NA	NA	resistant
562.45403	NA	NA	NA	NA	NA	NA	NA	NA	NA	NA	NA	NA	NA	NA	NA	NA	NA	susceptible	NA	NA	NA	NA	NA	susceptible	NA	NA	NA	NA	NA	susceptible	NA	NA	NA	NA	susceptible	NA	NA	NA	susceptible
562.45401	NA	NA	NA	NA	NA	NA	NA	NA	NA	NA	NA	NA	NA	NA	NA	NA	NA	resistant	NA	NA	NA	NA	NA	susceptible	NA	NA	NA	NA	NA	intermediate	NA	NA	NA	NA	resistant	NA	NA	NA	resistant
562.454	NA	NA	NA	NA	NA	NA	NA	NA	NA	NA	NA	NA	NA	NA	NA	NA	NA	resistant	NA	NA	NA	NA	NA	susceptible	NA	NA	NA	NA	NA	susceptible	NA	NA	NA	NA	resistant	NA	NA	NA	resistant
562.45399	NA	NA	NA	NA	NA	NA	NA	NA	NA	NA	NA	NA	NA	NA	NA	NA	NA	resistant	NA	NA	NA	NA	NA	susceptible	NA	NA	NA	NA	NA	susceptible	NA	NA	NA	NA	resistant	NA	NA	NA	susceptible
562.45398	NA	NA	NA	NA	NA	NA	NA	NA	NA	NA	NA	NA	NA	NA	NA	NA	NA	susceptible	NA	NA	NA	NA	NA	susceptible	NA	NA	NA	NA	NA	susceptible	NA	NA	NA	NA	susceptible	NA	NA	NA	susceptible
562.45397	NA	NA	NA	NA	NA	NA	NA	NA	NA	NA	NA	NA	NA	NA	NA	NA	NA	susceptible	NA	NA	NA	NA	NA	susceptible	NA	NA	NA	NA	NA	susceptible	NA	NA	NA	NA	resistant	NA	NA	NA	resistant
562.45396	NA	NA	NA	NA	NA	NA	NA	NA	NA	NA	NA	NA	NA	NA	NA	NA	NA	NA	NA	NA	NA	NA	NA	NA	NA	NA	NA	NA	NA	susceptible	NA	NA	NA	NA	NA	NA	NA	NA	resistant
562.45395	NA	NA	NA	NA	NA	NA	NA	NA	NA	NA	NA	NA	NA	NA	NA	NA	NA	resistant	NA	NA	NA	NA	NA	NA	NA	NA	NA	NA	NA	susceptible	NA	NA	NA	NA	resistant	NA	NA	NA	resistant
562.45394	NA	NA	NA	NA	NA	NA	NA	NA	NA	NA	NA	NA	NA	NA	NA	NA	NA	NA	NA	NA	NA	NA	NA	NA	NA	NA	NA	NA	NA	susceptible	NA	NA	NA	NA	NA	NA	NA	NA	resistant
562.42873	NA	NA	NA	NA	NA	NA	NA	NA	resistant	NA	resistant*	NA	NA	resistant*	NA	resistant	NA	NA	resistant*	NA	resistant	NA	NA	NA	NA	NA	resistant	NA	NA	NA	NA	NA	NA	NA	susceptible	NA	NA	NA	resistant
562.42872	NA	NA	NA	NA	NA	NA	NA	NA	resistant	NA	resistant*	NA	NA	resistant*	NA	resistant	NA	NA	resistant*	NA	intermediate	NA	NA	NA	NA	NA	resistant	NA	NA	NA	NA	NA	NA	NA	resistant	NA	NA	NA	resistant
562.42871	NA	NA	NA	NA	NA	NA	NA	NA	resistant	NA	resistant*	NA	NA	resistant*	NA	resistant	NA	NA	NA	NA	resistant	NA	NA	NA	susceptible*	NA	susceptible	NA	NA	NA	NA	NA	NA	NA	resistant	NA	NA	NA	susceptible
562.45592	NA	NA	NA	NA	susceptible	NA	NA	NA	resistant	NA	NA	susceptible	NA	NA	resistant	resistant	NA	resistant	NA	NA	NA	resistant	NA	susceptible	NA	NA	resistant	NA	intermediate	resistant	NA	NA	NA	NA	NA	NA	NA	NA	susceptible
562.45593	NA	NA	NA	NA	susceptible	NA	NA	NA	susceptible	NA	NA	susceptible	NA	NA	susceptible	susceptible	NA	resistant	NA	NA	NA	susceptible	NA	susceptible	NA	NA	resistant	NA	susceptible	susceptible	NA	NA	NA	NA	NA	NA	NA	NA	susceptible
562.45594	NA	NA	NA	NA	susceptible	NA	NA	NA	susceptible	NA	NA	susceptible	NA	NA	susceptible	susceptible	NA	resistant	NA	NA	NA	intermediate	NA	susceptible	NA	NA	resistant	NA	susceptible	susceptible	NA	NA	NA	NA	NA	NA	NA	NA	resistant
562.45595	NA	NA	NA	NA	susceptible	NA	NA	NA	intermediate	NA	NA	susceptible	NA	NA	susceptible	susceptible	NA	resistant	NA	NA	NA	resistant	NA	susceptible	NA	NA	resistant	NA	susceptible	susceptible	NA	NA	NA	NA	NA	NA	NA	NA	resistant
562.45615	NA	NA	NA	NA	susceptible	NA	NA	NA	resistant	NA	NA	susceptible	NA	NA	resistant	resistant	NA	resistant	NA	NA	NA	intermediate	NA	susceptible	NA	NA	resistant	NA	susceptible	resistant	NA	NA	NA	NA	NA	NA	NA	NA	resistant
562.45614	NA	NA	NA	NA	susceptible	NA	NA	NA	susceptible	NA	NA	susceptible	NA	NA	susceptible	susceptible	NA	resistant	NA	NA	NA	resistant	NA	susceptible	NA	NA	resistant	NA	susceptible	resistant	NA	NA	NA	NA	NA	NA	NA	NA	resistant
562.45613	NA	NA	NA	NA	susceptible	NA	NA	NA	susceptible	NA	NA	susceptible	NA	NA	susceptible	susceptible	NA	susceptible	NA	NA	NA	resistant	NA	susceptible	NA	NA	intermediate	NA	intermediate	resistant	NA	NA	NA	NA	NA	NA	NA	NA	resistant
562.45612	NA	NA	NA	NA	susceptible	NA	NA	NA	susceptible	NA	NA	susceptible	NA	NA	susceptible	susceptible	NA	susceptible	NA	NA	NA	resistant	NA	susceptible	NA	NA	susceptible	NA	susceptible	susceptible	NA	NA	NA	NA	NA	NA	NA	NA	resistant
562.45611	NA	NA	NA	NA	susceptible	NA	NA	NA	susceptible	NA	NA	susceptible	NA	NA	susceptible	susceptible	NA	susceptible	NA	NA	NA	resistant	NA	susceptible	NA	NA	resistant	NA	susceptible	intermediate	NA	NA	NA	NA	NA	NA	NA	NA	susceptible
562.4561	NA	NA	NA	NA	intermediate	NA	NA	NA	susceptible	NA	NA	susceptible	NA	NA	susceptible	susceptible	NA	susceptible	NA	NA	NA	resistant	NA	susceptible	NA	NA	susceptible	NA	susceptible	susceptible	NA	NA	NA	NA	NA	NA	NA	NA	resistant
562.45609	NA	NA	NA	NA	susceptible	NA	NA	NA	intermediate	NA	NA	susceptible	NA	NA	susceptible	susceptible	NA	resistant	NA	NA	NA	resistant	NA	susceptible	NA	NA	resistant	NA	susceptible	resistant	NA	NA	NA	NA	NA	NA	NA	NA	resistant
562.45608	NA	NA	NA	NA	susceptible	NA	NA	NA	susceptible	NA	NA	susceptible	NA	NA	susceptible	susceptible	NA	resistant	NA	NA	NA	intermediate	NA	susceptible	NA	NA	resistant	NA	susceptible	susceptible	NA	NA	NA	NA	NA	NA	NA	NA	resistant
562.45607	NA	NA	NA	NA	susceptible	NA	NA	NA	resistant	NA	NA	susceptible	NA	NA	resistant	resistant	NA	resistant	NA	NA	NA	intermediate	NA	susceptible	NA	NA	intermediate	NA	susceptible	susceptible	NA	NA	NA	NA	NA	NA	NA	NA	susceptible
562.42773	NA	NA	NA	NA	resistant	NA	NA	NA	resistant	NA	NA	NA	NA	NA	NA	resistant	NA	NA	resistant*	NA	NA	NA	NA	NA	NA	NA	resistant	NA	NA	NA	NA	NA	NA	NA	resistant	NA	NA	NA	resistant
562.45606	NA	NA	NA	NA	susceptible	NA	NA	NA	susceptible	NA	NA	susceptible	NA	NA	susceptible	susceptible	NA	resistant	NA	NA	NA	resistant	NA	susceptible	NA	NA	resistant	NA	susceptible	resistant	NA	NA	NA	NA	NA	NA	NA	NA	resistant
562.45604	NA	NA	NA	NA	susceptible	NA	NA	NA	susceptible	NA	NA	susceptible	NA	NA	susceptible	susceptible	NA	susceptible	NA	NA	NA	resistant	NA	susceptible	NA	NA	susceptible	NA	susceptible	susceptible	NA	NA	NA	NA	NA	NA	NA	NA	resistant
562.45603	NA	NA	NA	NA	susceptible	NA	NA	NA	susceptible	NA	NA	susceptible	NA	NA	susceptible	susceptible	NA	resistant	NA	NA	NA	intermediate	NA	susceptible	NA	NA	resistant	NA	susceptible	resistant	NA	NA	NA	NA	NA	NA	NA	NA	resistant
562.45602	NA	NA	NA	NA	susceptible	NA	NA	NA	intermediate	NA	NA	susceptible	NA	NA	susceptible	susceptible	NA	resistant	NA	NA	NA	intermediate	NA	susceptible	NA	NA	resistant	NA	susceptible	resistant	NA	NA	NA	NA	NA	NA	NA	NA	resistant
562.45601	NA	NA	NA	NA	susceptible	NA	NA	NA	susceptible	NA	NA	susceptible	NA	NA	susceptible	susceptible	NA	susceptible	NA	NA	NA	resistant	NA	susceptible	NA	NA	resistant	NA	susceptible	susceptible	NA	NA	NA	NA	NA	NA	NA	NA	resistant
562.456	NA	NA	NA	NA	susceptible	NA	NA	NA	susceptible	NA	NA	susceptible	NA	NA	susceptible	susceptible	NA	susceptible	NA	NA	NA	resistant	NA	susceptible	NA	NA	susceptible	NA	intermediate	susceptible	NA	NA	NA	NA	NA	NA	NA	NA	resistant
562.45599	NA	NA	NA	NA	susceptible	NA	NA	NA	intermediate	NA	NA	susceptible	NA	NA	susceptible	susceptible	NA	resistant	NA	NA	NA	intermediate	NA	susceptible	NA	NA	resistant	NA	susceptible	susceptible	NA	NA	NA	NA	NA	NA	NA	NA	resistant
562.45598	NA	NA	NA	NA	susceptible	NA	NA	NA	susceptible	NA	NA	susceptible	NA	NA	susceptible	susceptible	NA	resistant	NA	NA	NA	resistant	NA	susceptible	NA	NA	resistant	NA	susceptible	susceptible	NA	NA	NA	NA	NA	NA	NA	NA	resistant
562.45597	NA	NA	NA	NA	susceptible	NA	NA	NA	susceptible	NA	NA	susceptible	NA	NA	susceptible	susceptible	NA	resistant	NA	NA	NA	intermediate	NA	susceptible	NA	NA	resistant	NA	susceptible	susceptible	NA	NA	NA	NA	NA	NA	NA	NA	resistant
562.45596	NA	NA	NA	NA	susceptible	NA	NA	NA	susceptible	NA	NA	susceptible	NA	NA	susceptible	susceptible	NA	resistant	NA	NA	NA	resistant	NA	susceptible	NA	NA	resistant	NA	susceptible	resistant	NA	NA	NA	NA	NA	NA	NA	NA	resistant
562.45605	NA	NA	NA	NA	susceptible	NA	NA	NA	resistant	NA	NA	susceptible	NA	NA	resistant	resistant	NA	resistant	NA	NA	NA	intermediate	NA	susceptible	NA	NA	resistant	NA	susceptible	susceptible	NA	NA	NA	NA	NA	NA	NA	NA	resistant
562.42772	NA	NA	NA	NA	NA	NA	NA	NA	resistant	NA	NA	NA	NA	NA	NA	resistant	NA	NA	intermediate*	NA	NA	NA	NA	NA	NA	NA	susceptible	NA	NA	NA	NA	NA	NA	NA	resistant	NA	NA	NA	resistant
562.42779	NA	NA	NA	NA	resistant	NA	NA	NA	resistant	NA	NA	NA	NA	NA	NA	resistant	NA	NA	resistant*	NA	NA	NA	NA	NA	susceptible*	NA	resistant	NA	NA	NA	NA	NA	NA	NA	susceptible	NA	NA	NA	resistant
562.4277	NA	NA	NA	NA	resistant	NA	NA	NA	resistant	NA	NA	NA	NA	NA	NA	resistant	NA	NA	resistant*	NA	NA	NA	NA	NA	NA	NA	resistant	NA	NA	NA	NA	NA	NA	NA	NA	NA	NA	NA	resistant
562.42693	NA	NA	susceptible*	NA	NA	NA	NA	NA	NA	NA	NA	NA	NA	resistant*	NA	resistant	NA	NA	resistant*	NA	NA	NA	NA	NA	NA	NA	resistant	NA	NA	susceptible	NA	NA	NA	NA	susceptible	NA	NA	NA	susceptible
562.42691	NA	NA	susceptible*	NA	NA	NA	NA	NA	susceptible	NA	NA	NA	NA	resistant*	NA	susceptible	NA	NA	NA	NA	NA	NA	NA	NA	susceptible*	NA	susceptible	NA	NA	NA	NA	NA	NA	NA	resistant	NA	NA	NA	resistant
562.4269	NA	NA	NA	NA	NA	NA	NA	NA	susceptible	NA	NA	NA	NA	resistant*	NA	resistant	NA	NA	NA	NA	NA	NA	NA	NA	NA	NA	susceptible	NA	NA	NA	NA	NA	NA	NA	resistant	NA	NA	NA	resistant
562.42689	NA	NA	NA	NA	NA	NA	NA	NA	susceptible	NA	NA	NA	NA	resistant*	NA	resistant	NA	NA	NA	NA	NA	NA	NA	NA	NA	NA	susceptible	NA	NA	NA	NA	NA	NA	NA	susceptible	NA	NA	NA	resistant
562.42688	NA	NA	susceptible*	NA	NA	NA	NA	NA	resistant	NA	NA	NA	NA	resistant*	NA	resistant	NA	NA	NA	NA	NA	NA	NA	NA	NA	NA	susceptible	NA	NA	NA	NA	NA	NA	NA	resistant	NA	NA	NA	susceptible
562.42686	NA	NA	NA	NA	resistant	NA	NA	NA	resistant	NA	resistant*	NA	NA	resistant*	NA	resistant	NA	NA	resistant*	NA	susceptible	NA	NA	NA	NA	NA	resistant	NA	NA	NA	NA	NA	NA	NA	resistant	NA	NA	NA	resistant
562.42685	NA	NA	NA	NA	NA	NA	NA	NA	NA	NA	NA	NA	NA	resistant*	NA	resistant	NA	NA	resistant*	NA	NA	NA	NA	NA	NA	NA	resistant	NA	NA	intermediate	NA	NA	NA	NA	resistant	NA	NA	NA	resistant
562.42683	NA	NA	susceptible*	NA	NA	NA	NA	NA	NA	NA	NA	NA	NA	resistant*	NA	resistant	NA	NA	resistant*	NA	NA	NA	NA	NA	susceptible*	NA	resistant	NA	NA	susceptible	NA	NA	NA	NA	susceptible	NA	NA	NA	susceptible
562.42682	NA	NA	susceptible*	NA	NA	NA	NA	NA	NA	NA	NA	NA	NA	resistant*	NA	resistant	NA	NA	NA	NA	NA	NA	NA	NA	susceptible*	NA	susceptible	NA	NA	susceptible	NA	NA	NA	NA	susceptible	NA	NA	NA	susceptible
562.42681	NA	NA	susceptible*	NA	NA	NA	NA	NA	NA	NA	NA	NA	NA	resistant*	NA	susceptible*	NA	NA	NA	NA	NA	NA	NA	NA	susceptible*	NA	susceptible	NA	NA	susceptible	NA	NA	NA	NA	susceptible	NA	NA	NA	resistant
562.4268	NA	NA	NA	NA	NA	NA	NA	NA	resistant	NA	NA	NA	NA	resistant*	NA	resistant	NA	NA	resistant*	NA	NA	NA	NA	NA	NA	NA	resistant	NA	NA	NA	NA	NA	NA	NA	susceptible	NA	NA	NA	susceptible
562.42679	NA	NA	NA	NA	NA	NA	NA	NA	NA	NA	NA	NA	NA	resistant*	NA	resistant	NA	NA	resistant*	NA	NA	NA	NA	NA	NA	NA	resistant	NA	NA	susceptible	NA	NA	NA	NA	resistant	NA	NA	NA	resistant
562.42678	NA	NA	NA	NA	NA	NA	NA	NA	NA	NA	NA	NA	NA	resistant*	NA	resistant	NA	NA	resistant*	NA	NA	NA	NA	NA	NA	NA	resistant	NA	NA	susceptible	NA	NA	NA	NA	resistant	NA	NA	NA	resistant
562.42677	NA	NA	NA	NA	NA	NA	NA	NA	resistant	NA	NA	NA	NA	resistant*	NA	resistant	NA	NA	resistant*	NA	NA	NA	NA	NA	NA	NA	resistant	NA	NA	NA	NA	NA	NA	NA	susceptible	NA	NA	NA	susceptible
562.42676	NA	NA	susceptible*	NA	NA	NA	NA	NA	NA	NA	NA	NA	NA	NA	NA	susceptible	NA	NA	NA	NA	NA	NA	NA	NA	NA	NA	susceptible	NA	NA	NA	NA	NA	NA	NA	resistant	NA	NA	NA	resistant
562.42694	NA	NA	NA	NA	NA	NA	NA	NA	resistant	NA	NA	NA	NA	resistant*	NA	resistant	NA	NA	resistant*	NA	NA	NA	NA	NA	susceptible*	NA	resistant	NA	NA	NA	NA	NA	NA	NA	resistant	NA	NA	NA	resistant
562.42675	NA	NA	NA	NA	NA	NA	NA	NA	NA	NA	NA	NA	NA	resistant*	NA	resistant	NA	NA	resistant*	NA	NA	NA	NA	NA	NA	NA	resistant	NA	NA	susceptible	NA	NA	NA	NA	susceptible	NA	NA	NA	susceptible
562.42695	NA	NA	susceptible*	NA	NA	NA	NA	NA	NA	NA	NA	NA	NA	resistant*	NA	resistant	NA	NA	resistant*	NA	NA	NA	NA	NA	susceptible*	NA	resistant	NA	NA	susceptible	NA	NA	NA	NA	susceptible	NA	NA	NA	susceptible
562.42697	NA	NA	NA	NA	NA	NA	NA	NA	NA	NA	NA	NA	NA	resistant*	NA	resistant	NA	NA	NA	NA	NA	NA	NA	NA	susceptible*	NA	intermediate	NA	NA	intermediate	NA	NA	NA	NA	resistant	NA	NA	NA	resistant
562.42713	NA	NA	NA	NA	NA	NA	NA	NA	resistant	NA	NA	NA	NA	resistant*	NA	resistant	NA	NA	resistant*	NA	NA	NA	NA	NA	NA	NA	resistant	NA	NA	susceptible	NA	NA	NA	NA	resistant	NA	NA	NA	resistant
562.42712	NA	NA	susceptible*	NA	NA	NA	NA	NA	resistant	NA	NA	NA	NA	resistant*	NA	resistant	NA	NA	resistant*	NA	NA	NA	NA	NA	susceptible*	NA	resistant	NA	NA	susceptible	NA	NA	NA	NA	resistant	NA	NA	NA	resistant
562.42711	NA	NA	NA	NA	NA	NA	NA	NA	NA	NA	NA	NA	NA	resistant*	NA	resistant	NA	NA	resistant*	NA	NA	NA	NA	NA	NA	NA	resistant	NA	NA	NA	NA	NA	NA	NA	resistant	NA	NA	NA	resistant
562.4271	NA	NA	NA	NA	NA	NA	NA	NA	resistant	NA	NA	NA	NA	resistant*	NA	resistant	NA	NA	resistant*	NA	NA	NA	NA	NA	susceptible*	NA	resistant	NA	NA	susceptible	NA	NA	NA	NA	resistant	NA	NA	NA	resistant
562.42708	NA	NA	NA	NA	NA	NA	NA	NA	NA	NA	NA	NA	NA	resistant*	NA	resistant	NA	NA	NA	NA	NA	NA	NA	NA	susceptible*	NA	susceptible	NA	NA	NA	NA	NA	NA	NA	susceptible	NA	NA	NA	susceptible
562.42707	NA	NA	susceptible*	NA	NA	NA	NA	NA	resistant	NA	NA	NA	NA	resistant*	NA	resistant	NA	NA	NA	NA	NA	NA	NA	NA	susceptible*	NA	susceptible	NA	NA	susceptible	NA	NA	NA	NA	susceptible	NA	NA	NA	susceptible
562.42706	NA	NA	NA	NA	NA	NA	NA	NA	resistant	NA	NA	NA	NA	resistant*	NA	resistant	NA	NA	resistant*	NA	NA	NA	NA	NA	susceptible*	NA	resistant	NA	NA	susceptible	NA	NA	NA	NA	resistant	NA	NA	NA	resistant
562.42771	NA	NA	susceptible*	NA	resistant	NA	NA	NA	resistant	NA	NA	NA	NA	NA	NA	resistant	NA	NA	resistant*	NA	NA	NA	NA	NA	susceptible*	NA	resistant	NA	NA	NA	NA	NA	NA	NA	resistant	NA	NA	NA	resistant
562.42704	NA	NA	susceptible*	NA	NA	NA	NA	NA	resistant	NA	NA	NA	NA	resistant*	NA	resistant	NA	NA	NA	NA	NA	NA	NA	NA	susceptible*	NA	susceptible	NA	NA	susceptible	NA	NA	NA	NA	resistant	NA	NA	NA	resistant
562.42703	NA	NA	NA	NA	NA	NA	NA	NA	resistant	NA	NA	NA	NA	resistant*	NA	resistant	NA	NA	intermediate*	NA	NA	NA	NA	NA	susceptible*	NA	susceptible	NA	NA	susceptible	NA	NA	NA	NA	resistant	NA	NA	NA	resistant
562.42702	NA	NA	NA	NA	NA	NA	NA	NA	NA	NA	NA	NA	NA	resistant*	NA	resistant	NA	NA	resistant*	NA	NA	NA	NA	NA	NA	NA	resistant	NA	NA	NA	NA	NA	NA	NA	susceptible	NA	NA	NA	susceptible
562.42701	NA	NA	susceptible*	NA	NA	NA	NA	NA	NA	NA	NA	NA	NA	NA	NA	resistant	NA	NA	resistant*	NA	NA	NA	NA	NA	susceptible*	NA	resistant	NA	NA	susceptible	NA	NA	NA	NA	resistant	NA	NA	NA	susceptible
562.427	NA	NA	susceptible*	NA	NA	NA	NA	NA	resistant	NA	NA	NA	NA	resistant*	NA	resistant	NA	NA	resistant*	NA	NA	NA	NA	NA	susceptible*	NA	resistant	NA	NA	NA	NA	NA	NA	NA	resistant	NA	NA	NA	resistant
562.42699	NA	NA	NA	NA	NA	NA	NA	NA	NA	NA	NA	NA	NA	resistant*	NA	resistant	NA	NA	resistant*	NA	NA	NA	NA	NA	NA	NA	resistant	NA	NA	susceptible	NA	NA	NA	NA	resistant	NA	NA	NA	susceptible
562.42698	NA	NA	NA	NA	NA	NA	NA	NA	NA	NA	NA	NA	NA	resistant*	NA	resistant	NA	NA	resistant*	NA	NA	NA	NA	NA	susceptible*	NA	resistant	NA	NA	susceptible	NA	NA	NA	NA	resistant	NA	NA	NA	resistant
562.42696	NA	NA	NA	NA	NA	NA	NA	NA	NA	NA	NA	NA	NA	resistant*	NA	resistant	NA	NA	resistant*	NA	NA	NA	NA	NA	susceptible*	NA	resistant	NA	NA	susceptible	NA	NA	NA	NA	resistant	NA	NA	NA	susceptible
562.42715	NA	NA	susceptible*	NA	NA	NA	NA	NA	resistant	NA	NA	NA	NA	NA	NA	resistant	NA	NA	NA	NA	NA	NA	NA	NA	susceptible*	NA	susceptible	NA	NA	susceptible	NA	NA	NA	NA	resistant	NA	NA	NA	susceptible
562.42674	NA	NA	NA	NA	NA	NA	NA	NA	NA	NA	NA	NA	NA	resistant*	NA	resistant	NA	NA	NA	NA	NA	NA	NA	NA	susceptible*	NA	susceptible	NA	NA	susceptible	NA	NA	NA	NA	susceptible	NA	NA	NA	susceptible
562.42672	NA	NA	NA	NA	NA	NA	NA	NA	NA	NA	NA	NA	NA	resistant*	NA	susceptible	NA	NA	resistant*	NA	NA	NA	NA	NA	susceptible*	NA	resistant	NA	NA	resistant	NA	NA	NA	NA	susceptible	NA	NA	NA	susceptible
562.42652	NA	NA	susceptible*	NA	NA	NA	NA	NA	NA	NA	NA	NA	NA	resistant*	NA	resistant	NA	NA	resistant*	NA	NA	NA	NA	NA	susceptible*	NA	resistant	NA	NA	susceptible	NA	NA	NA	NA	susceptible	NA	NA	NA	resistant
562.42651	NA	NA	susceptible*	NA	NA	NA	NA	NA	NA	NA	NA	NA	NA	resistant*	NA	resistant	NA	NA	resistant*	NA	NA	NA	NA	NA	susceptible*	NA	resistant	NA	NA	susceptible	NA	NA	NA	NA	resistant	NA	NA	NA	resistant
562.4265	NA	NA	susceptible*	NA	NA	NA	NA	NA	NA	NA	NA	NA	NA	resistant*	NA	resistant	NA	NA	resistant*	NA	NA	NA	NA	NA	susceptible*	NA	resistant	NA	NA	susceptible	NA	NA	NA	NA	resistant	NA	NA	NA	resistant
562.42649	NA	NA	NA	NA	NA	NA	NA	NA	NA	NA	NA	NA	NA	resistant*	NA	resistant	NA	NA	resistant*	NA	NA	NA	NA	NA	susceptible*	NA	resistant	NA	NA	resistant	NA	NA	NA	NA	susceptible	NA	NA	NA	resistant
562.42648	NA	NA	susceptible*	NA	NA	NA	NA	NA	NA	NA	NA	NA	NA	resistant*	NA	resistant	NA	NA	resistant*	NA	NA	NA	NA	NA	susceptible*	NA	resistant	NA	NA	susceptible	NA	NA	NA	NA	susceptible	NA	NA	NA	resistant
562.42647	NA	NA	NA	NA	NA	NA	NA	NA	NA	NA	NA	NA	NA	resistant*	NA	resistant	NA	NA	resistant*	NA	NA	NA	NA	NA	NA	NA	resistant	NA	NA	susceptible	NA	NA	NA	NA	resistant	NA	NA	NA	resistant
562.42646	NA	NA	susceptible*	NA	NA	NA	NA	NA	NA	NA	NA	NA	NA	NA	NA	resistant	NA	NA	resistant*	NA	NA	NA	NA	NA	susceptible*	NA	susceptible	NA	NA	resistant	NA	NA	NA	NA	susceptible	NA	NA	NA	susceptible
562.42645	NA	NA	susceptible*	NA	NA	NA	NA	NA	NA	NA	NA	NA	NA	resistant*	NA	resistant	NA	NA	resistant*	NA	NA	NA	NA	NA	susceptible*	NA	resistant	NA	NA	susceptible	NA	NA	NA	NA	resistant	NA	NA	NA	resistant
562.42644	NA	NA	susceptible*	NA	NA	NA	NA	NA	NA	NA	NA	NA	NA	NA	NA	resistant	NA	NA	resistant*	NA	NA	NA	NA	NA	susceptible*	NA	resistant	NA	NA	susceptible	NA	NA	NA	NA	resistant	NA	NA	NA	resistant
562.42643	NA	NA	susceptible*	NA	NA	NA	NA	NA	NA	NA	NA	NA	NA	NA	NA	susceptible	NA	NA	resistant*	NA	NA	NA	NA	NA	susceptible*	NA	susceptible	NA	NA	susceptible	NA	NA	NA	NA	susceptible	NA	NA	NA	susceptible
562.42641	NA	NA	susceptible*	NA	NA	NA	NA	NA	NA	NA	NA	NA	NA	NA	NA	resistant	NA	NA	resistant*	NA	NA	NA	NA	NA	susceptible*	NA	resistant	NA	NA	resistant	NA	NA	NA	NA	resistant	NA	NA	NA	resistant
562.4264	NA	NA	susceptible*	NA	NA	NA	NA	NA	NA	NA	NA	NA	NA	resistant*	NA	resistant	NA	NA	resistant*	NA	NA	NA	NA	NA	susceptible*	NA	resistant	NA	NA	susceptible	NA	NA	NA	NA	resistant	NA	NA	NA	susceptible
562.42639	NA	NA	susceptible*	NA	NA	NA	NA	NA	NA	NA	NA	NA	NA	resistant*	NA	resistant	NA	NA	resistant*	NA	NA	NA	NA	NA	susceptible*	NA	resistant	NA	NA	susceptible	NA	NA	NA	NA	resistant	NA	NA	NA	resistant
562.42638	NA	NA	susceptible*	NA	NA	NA	NA	NA	NA	NA	NA	NA	NA	resistant*	NA	resistant	NA	NA	resistant*	NA	NA	NA	NA	NA	susceptible*	NA	resistant	NA	NA	susceptible	NA	NA	NA	NA	resistant	NA	NA	NA	resistant
562.42637	NA	NA	susceptible*	NA	NA	NA	NA	NA	NA	NA	NA	NA	NA	resistant*	NA	resistant	NA	NA	resistant*	NA	NA	NA	NA	NA	susceptible*	NA	resistant	NA	NA	susceptible	NA	NA	NA	NA	susceptible	NA	NA	NA	susceptible
562.42653	NA	NA	NA	NA	NA	NA	NA	NA	NA	NA	NA	NA	NA	resistant*	NA	resistant	NA	NA	resistant*	NA	NA	NA	NA	NA	NA	NA	resistant	NA	NA	susceptible	NA	NA	NA	NA	resistant	NA	NA	NA	resistant
562.42673	NA	NA	NA	NA	NA	NA	NA	NA	NA	NA	NA	NA	NA	resistant*	NA	resistant	NA	NA	resistant*	NA	NA	NA	NA	NA	susceptible*	NA	resistant	NA	NA	susceptible	NA	NA	NA	NA	resistant	NA	NA	NA	resistant
562.42654	NA	NA	NA	NA	NA	NA	NA	NA	NA	NA	NA	NA	NA	resistant*	NA	resistant	NA	NA	resistant*	NA	NA	NA	NA	NA	susceptible*	NA	resistant	NA	NA	susceptible	NA	NA	NA	NA	resistant	NA	NA	NA	resistant
562.42656	NA	NA	NA	NA	NA	NA	NA	NA	NA	NA	NA	NA	NA	resistant*	NA	resistant	NA	NA	NA	NA	NA	NA	NA	NA	susceptible*	NA	susceptible	NA	NA	susceptible	NA	NA	NA	NA	susceptible	NA	NA	NA	susceptible
562.42671	NA	NA	susceptible*	NA	NA	NA	NA	NA	NA	NA	NA	NA	NA	resistant*	NA	resistant	NA	NA	resistant*	NA	NA	NA	NA	NA	susceptible*	NA	resistant	NA	NA	susceptible	NA	NA	NA	NA	susceptible	NA	NA	NA	susceptible
562.4267	NA	NA	NA	NA	NA	NA	NA	NA	NA	NA	NA	NA	NA	resistant*	NA	resistant	NA	NA	resistant*	NA	NA	NA	NA	NA	NA	NA	resistant	NA	NA	susceptible	NA	NA	NA	NA	susceptible	NA	NA	NA	susceptible
562.42669	NA	NA	NA	NA	NA	NA	NA	NA	NA	NA	NA	NA	NA	resistant*	NA	resistant	NA	NA	resistant*	NA	NA	NA	NA	NA	NA	NA	susceptible	NA	NA	susceptible	NA	NA	NA	NA	resistant	NA	NA	NA	susceptible
562.42668	NA	NA	susceptible*	NA	NA	NA	NA	NA	NA	NA	NA	NA	NA	resistant*	NA	resistant	NA	NA	NA	NA	NA	NA	NA	NA	susceptible*	NA	susceptible	NA	NA	susceptible	NA	NA	NA	NA	resistant	NA	NA	NA	resistant
562.42667	NA	NA	NA	NA	NA	NA	NA	NA	NA	NA	NA	NA	NA	resistant*	NA	resistant	NA	NA	resistant*	NA	NA	NA	NA	NA	NA	NA	resistant	NA	NA	susceptible	NA	NA	NA	NA	resistant	NA	NA	NA	susceptible
562.42666	NA	NA	NA	NA	NA	NA	NA	NA	NA	NA	NA	susceptible	NA	NA	NA	resistant	NA	resistant	NA	NA	NA	NA	NA	NA	NA	NA	resistant	NA	NA	susceptible	NA	NA	NA	NA	resistant	NA	NA	NA	susceptible
562.42665	NA	NA	NA	NA	NA	NA	NA	NA	NA	NA	NA	NA	NA	resistant*	NA	resistant	NA	NA	resistant*	NA	NA	NA	NA	NA	NA	NA	resistant	NA	NA	susceptible	NA	NA	NA	NA	susceptible	NA	NA	NA	resistant
562.42664	NA	NA	NA	NA	NA	NA	NA	NA	resistant	NA	NA	NA	NA	resistant*	NA	resistant	NA	NA	resistant*	NA	NA	NA	NA	NA	susceptible*	NA	resistant	NA	NA	NA	NA	NA	NA	NA	resistant	NA	NA	NA	resistant
562.42663	NA	NA	susceptible*	NA	NA	NA	NA	NA	resistant	NA	NA	NA	NA	resistant*	NA	resistant	NA	NA	resistant*	NA	NA	NA	NA	NA	NA	NA	resistant	NA	NA	NA	NA	NA	NA	NA	resistant	NA	intermediate*	NA	resistant
562.42662	NA	NA	NA	NA	NA	NA	NA	NA	resistant	NA	NA	NA	NA	resistant*	NA	resistant	NA	NA	resistant*	NA	NA	NA	NA	NA	NA	NA	resistant	NA	NA	susceptible	NA	NA	NA	NA	resistant	NA	NA	NA	resistant
562.42661	NA	NA	susceptible*	NA	NA	NA	NA	NA	NA	NA	NA	NA	NA	resistant*	NA	resistant	NA	NA	resistant*	NA	NA	NA	NA	NA	NA	NA	resistant	NA	NA	susceptible	NA	NA	NA	NA	susceptible	NA	NA	NA	susceptible
562.4266	NA	NA	NA	NA	NA	NA	NA	NA	NA	NA	NA	NA	NA	resistant*	NA	resistant	NA	NA	resistant*	NA	NA	NA	NA	NA	NA	NA	resistant	NA	NA	resistant	NA	NA	NA	NA	resistant	NA	NA	NA	resistant
562.42659	NA	NA	susceptible*	NA	NA	NA	NA	NA	resistant	NA	NA	NA	NA	resistant*	NA	resistant	NA	NA	resistant*	NA	NA	NA	NA	NA	susceptible*	NA	resistant	NA	NA	NA	NA	NA	NA	NA	resistant	NA	NA	NA	resistant
562.42658	NA	NA	NA	NA	NA	NA	NA	NA	resistant	NA	NA	NA	NA	resistant*	NA	resistant	NA	NA	resistant*	NA	NA	NA	NA	NA	susceptible*	NA	resistant	NA	NA	NA	NA	NA	NA	NA	resistant	NA	NA	NA	resistant
562.42657	NA	NA	NA	NA	NA	NA	NA	NA	NA	NA	NA	susceptible	NA	NA	NA	resistant	NA	resistant	NA	NA	NA	NA	NA	susceptible	NA	NA	resistant	NA	NA	NA	NA	NA	NA	NA	resistant	NA	NA	NA	resistant
562.42655	NA	NA	NA	NA	NA	NA	NA	NA	NA	NA	NA	susceptible	NA	NA	NA	resistant	NA	resistant	NA	NA	NA	NA	NA	susceptible	NA	NA	resistant	NA	NA	NA	NA	NA	NA	NA	resistant	NA	NA	NA	resistant
562.42716	NA	NA	NA	NA	NA	NA	NA	NA	resistant	NA	NA	NA	NA	resistant*	NA	resistant	NA	NA	NA	NA	NA	NA	NA	NA	susceptible*	NA	susceptible	NA	NA	susceptible	NA	NA	NA	NA	resistant	NA	NA	NA	resistant
562.42705	NA	NA	NA	NA	NA	NA	NA	NA	NA	NA	NA	NA	NA	NA	NA	resistant	NA	NA	intermediate*	NA	NA	NA	NA	NA	NA	NA	susceptible	NA	NA	NA	NA	NA	NA	NA	resistant	NA	intermediate*	NA	resistant
1438688.3	NA	NA	NA	NA	NA	NA	NA	NA	NA	NA	NA	NA	NA	NA	NA	NA	NA	NA	intermediate*	NA	NA	NA	NA	NA	susceptible*	NA	susceptible*	NA	NA	susceptible*	NA	NA	NA	NA	NA	NA	NA	NA	NA
562.42751	NA	NA	NA	NA	NA	NA	NA	NA	NA	NA	NA	NA	NA	NA	NA	susceptible	NA	NA	resistant*	NA	NA	NA	NA	resistant	susceptible*	NA	resistant	NA	NA	susceptible	NA	NA	NA	NA	susceptible	NA	NA	NA	resistant
562.4275	NA	NA	NA	NA	NA	NA	NA	NA	resistant	NA	NA	NA	NA	resistant*	NA	resistant	NA	NA	resistant*	NA	NA	NA	NA	NA	NA	NA	resistant	NA	NA	susceptible	NA	NA	NA	NA	susceptible	NA	NA	NA	susceptible
562.42749	NA	NA	NA	NA	NA	NA	NA	NA	NA	NA	NA	NA	NA	resistant*	NA	resistant	NA	NA	resistant*	NA	NA	NA	NA	NA	NA	NA	resistant	NA	NA	NA	NA	NA	NA	NA	susceptible	NA	NA	NA	resistant
562.42748	NA	NA	NA	NA	NA	NA	NA	NA	resistant	NA	NA	NA	NA	resistant*	NA	resistant	NA	NA	NA	NA	NA	NA	NA	NA	susceptible*	NA	susceptible	NA	NA	susceptible	NA	NA	NA	NA	susceptible	NA	NA	NA	susceptible
562.42747	NA	NA	NA	NA	NA	NA	NA	NA	resistant	NA	NA	NA	NA	resistant*	NA	resistant	NA	NA	resistant*	NA	NA	NA	NA	NA	susceptible*	NA	resistant	NA	NA	susceptible	NA	NA	NA	NA	resistant	NA	NA	NA	resistant
562.42745	NA	NA	NA	NA	NA	NA	NA	NA	resistant	NA	NA	NA	NA	resistant*	NA	resistant	NA	NA	resistant*	NA	NA	NA	NA	NA	NA	NA	resistant	NA	NA	resistant	NA	NA	NA	NA	resistant	NA	NA	NA	resistant
562.42744	NA	NA	susceptible*	NA	NA	NA	NA	NA	NA	NA	NA	NA	NA	resistant*	NA	resistant	NA	NA	resistant*	NA	NA	NA	NA	NA	susceptible*	NA	resistant	NA	NA	NA	NA	NA	NA	NA	resistant	NA	NA	NA	resistant
562.42743	NA	NA	NA	NA	NA	NA	NA	NA	resistant	NA	NA	NA	NA	resistant*	NA	resistant	NA	NA	NA	NA	NA	NA	NA	NA	susceptible*	NA	susceptible	NA	NA	susceptible	NA	NA	NA	NA	susceptible	NA	NA	NA	susceptible
562.42742	NA	NA	susceptible*	NA	NA	NA	NA	NA	resistant	NA	NA	NA	NA	resistant*	NA	resistant	NA	NA	resistant*	NA	NA	NA	NA	NA	susceptible*	NA	resistant	NA	NA	susceptible	NA	NA	NA	NA	susceptible	NA	NA	NA	susceptible
562.42741	NA	NA	NA	NA	NA	NA	NA	NA	resistant	NA	NA	NA	NA	resistant*	NA	intermediate*	NA	NA	resistant*	NA	NA	NA	NA	NA	susceptible*	NA	resistant	NA	NA	susceptible	NA	NA	NA	NA	resistant	NA	NA	NA	resistant
562.42752	NA	NA	susceptible*	NA	NA	NA	NA	NA	susceptible	NA	NA	NA	NA	NA	NA	susceptible	NA	NA	NA	NA	NA	NA	NA	NA	susceptible*	NA	susceptible	NA	NA	NA	NA	NA	NA	NA	susceptible	NA	NA	NA	resistant
562.4274	NA	NA	susceptible*	NA	NA	NA	NA	NA	resistant	NA	NA	NA	NA	resistant*	NA	resistant	NA	NA	resistant*	NA	NA	NA	NA	NA	susceptible*	NA	resistant	NA	NA	susceptible	NA	NA	NA	NA	resistant	NA	NA	NA	susceptible
562.42738	NA	NA	NA	NA	NA	NA	NA	NA	resistant	NA	NA	NA	NA	resistant*	NA	resistant	NA	NA	resistant*	NA	NA	NA	NA	NA	NA	NA	resistant	NA	NA	intermediate	NA	NA	NA	NA	susceptible	NA	NA	NA	susceptible
562.42737	NA	NA	NA	NA	NA	NA	NA	NA	resistant	NA	NA	NA	NA	NA	NA	resistant	NA	NA	resistant*	NA	NA	NA	NA	NA	susceptible*	NA	resistant	NA	NA	susceptible	NA	NA	NA	NA	susceptible	NA	NA	NA	susceptible
562.42736	NA	NA	susceptible*	NA	NA	NA	NA	NA	resistant	NA	NA	NA	NA	resistant*	NA	resistant	NA	NA	resistant*	NA	NA	NA	NA	NA	susceptible*	NA	resistant	NA	NA	susceptible	NA	NA	NA	NA	susceptible	NA	NA	NA	susceptible
562.42735	NA	NA	susceptible*	NA	NA	NA	NA	NA	resistant	NA	NA	NA	NA	resistant*	NA	resistant	NA	NA	resistant*	NA	NA	NA	NA	NA	susceptible*	NA	resistant	NA	NA	susceptible	NA	NA	NA	NA	resistant	NA	NA	NA	resistant
562.42733	NA	NA	susceptible*	NA	NA	NA	NA	NA	resistant	NA	NA	NA	NA	NA	NA	resistant	NA	NA	resistant*	NA	NA	NA	NA	NA	susceptible*	NA	resistant	NA	NA	susceptible	NA	NA	NA	NA	susceptible	NA	NA	NA	susceptible
562.42732	NA	NA	susceptible*	NA	NA	NA	NA	NA	resistant	NA	NA	NA	NA	NA	NA	resistant	NA	NA	NA	NA	NA	NA	NA	NA	susceptible*	NA	susceptible	NA	NA	susceptible	NA	NA	NA	NA	susceptible	NA	NA	NA	susceptible
562.42731	NA	NA	NA	NA	NA	NA	NA	NA	NA	NA	NA	NA	NA	resistant*	NA	resistant	NA	NA	resistant*	NA	NA	NA	NA	NA	NA	NA	resistant	NA	NA	NA	NA	NA	NA	NA	susceptible	NA	NA	NA	susceptible
562.4273	NA	NA	susceptible*	NA	NA	NA	NA	NA	resistant	NA	NA	NA	NA	resistant*	NA	resistant	NA	NA	intermediate*	NA	NA	NA	NA	NA	susceptible*	NA	susceptible	NA	NA	susceptible	NA	NA	NA	NA	resistant	NA	NA	NA	resistant
562.42729	NA	NA	susceptible*	NA	NA	NA	NA	NA	resistant	NA	NA	NA	NA	resistant*	NA	resistant	NA	NA	resistant*	NA	NA	NA	NA	NA	NA	NA	resistant	NA	NA	susceptible	NA	NA	NA	NA	resistant	NA	NA	NA	resistant
562.42717	NA	NA	susceptible*	NA	NA	NA	NA	NA	resistant	NA	NA	NA	NA	resistant*	NA	resistant	NA	NA	NA	NA	NA	NA	NA	NA	susceptible*	NA	resistant	NA	NA	susceptible	NA	NA	NA	NA	resistant	NA	NA	NA	resistant
562.42739	NA	NA	NA	NA	NA	NA	NA	NA	resistant	NA	NA	NA	NA	resistant*	NA	resistant	NA	NA	NA	NA	NA	NA	NA	NA	NA	NA	susceptible	NA	NA	susceptible	NA	NA	NA	NA	susceptible	NA	NA	NA	resistant
562.42753	NA	NA	susceptible*	NA	NA	NA	NA	NA	NA	NA	NA	NA	NA	NA	NA	susceptible	NA	NA	resistant*	NA	NA	NA	NA	NA	susceptible*	NA	resistant	NA	NA	susceptible	NA	NA	NA	NA	susceptible	NA	NA	NA	resistant
562.42746	NA	NA	susceptible*	NA	NA	NA	NA	NA	resistant	NA	NA	NA	NA	resistant*	NA	resistant	NA	NA	NA	NA	NA	NA	NA	NA	susceptible*	NA	susceptible	NA	NA	susceptible	NA	NA	NA	NA	susceptible	NA	NA	NA	resistant
562.42727	NA	NA	susceptible*	NA	NA	NA	NA	NA	resistant	NA	NA	NA	NA	resistant*	NA	resistant	NA	NA	resistant*	NA	NA	NA	NA	NA	susceptible*	NA	resistant	NA	NA	susceptible	NA	NA	NA	NA	resistant	NA	NA	NA	resistant
562.42769	NA	NA	susceptible*	NA	resistant	NA	NA	NA	resistant	NA	NA	NA	NA	NA	NA	resistant	NA	NA	resistant*	NA	NA	NA	NA	NA	NA	NA	resistant	NA	NA	NA	NA	NA	NA	NA	resistant	NA	NA	NA	resistant
562.42767	NA	NA	NA	NA	resistant	NA	NA	NA	resistant	NA	NA	NA	NA	NA	NA	resistant	NA	NA	resistant*	NA	NA	NA	NA	NA	NA	NA	resistant	NA	NA	NA	NA	NA	NA	NA	resistant	NA	NA	NA	susceptible
562.42766	NA	NA	susceptible*	NA	resistant	NA	NA	NA	resistant	NA	NA	NA	NA	NA	NA	resistant	NA	NA	resistant*	NA	NA	NA	NA	NA	susceptible*	NA	resistant	NA	NA	NA	NA	NA	NA	NA	resistant	NA	NA	NA	resistant
562.42765	NA	NA	NA	NA	resistant	NA	NA	NA	resistant	NA	NA	NA	NA	NA	NA	resistant	NA	NA	resistant*	NA	NA	NA	NA	NA	NA	NA	resistant	NA	NA	NA	NA	NA	NA	NA	NA	NA	NA	NA	resistant
562.42764	NA	NA	susceptible*	NA	resistant	NA	NA	NA	resistant	NA	NA	NA	NA	NA	NA	resistant	NA	NA	resistant*	NA	NA	NA	NA	NA	NA	NA	resistant	NA	NA	NA	NA	NA	NA	NA	resistant	NA	NA	NA	resistant
562.42728	NA	NA	NA	NA	NA	NA	NA	NA	resistant	NA	NA	NA	NA	resistant*	NA	resistant	NA	NA	NA	NA	NA	NA	NA	NA	susceptible*	NA	susceptible	NA	NA	susceptible	NA	NA	NA	NA	resistant	NA	NA	NA	susceptible
562.42762	NA	NA	susceptible*	NA	susceptible	NA	NA	NA	susceptible	NA	NA	NA	NA	resistant*	NA	susceptible	NA	NA	resistant*	NA	susceptible	NA	NA	NA	susceptible*	NA	resistant	NA	NA	NA	NA	NA	NA	NA	susceptible	NA	NA	NA	resistant
562.42761	NA	NA	NA	NA	intermediate	NA	NA	NA	resistant	NA	NA	NA	NA	resistant*	NA	susceptible	NA	NA	resistant*	NA	susceptible	NA	NA	NA	NA	NA	resistant	NA	NA	NA	NA	NA	NA	NA	susceptible	NA	NA	NA	susceptible
562.42759	NA	NA	NA	NA	NA	NA	NA	NA	NA	NA	NA	NA	NA	NA	NA	NA	NA	NA	NA	NA	NA	NA	NA	NA	NA	NA	NA	NA	NA	susceptible	NA	NA	NA	NA	NA	NA	NA	NA	resistant
562.42758	NA	NA	susceptible*	NA	NA	NA	NA	NA	NA	NA	NA	NA	NA	resistant*	NA	susceptible	NA	NA	resistant*	NA	NA	NA	NA	NA	susceptible*	NA	susceptible	NA	NA	resistant	NA	NA	NA	NA	susceptible	NA	NA	NA	susceptible
562.42757	NA	NA	NA	NA	NA	NA	NA	NA	NA	NA	NA	NA	NA	resistant*	NA	resistant	NA	NA	NA	NA	NA	NA	NA	NA	NA	NA	susceptible	NA	NA	intermediate	NA	NA	NA	NA	resistant	NA	NA	NA	resistant
562.42756	NA	NA	susceptible*	NA	NA	NA	NA	NA	resistant	NA	NA	NA	NA	resistant*	NA	resistant	NA	NA	resistant*	NA	NA	NA	NA	NA	susceptible*	NA	resistant	NA	NA	susceptible	NA	NA	NA	NA	susceptible	NA	NA	NA	resistant
562.42763	NA	NA	susceptible*	NA	intermediate	NA	NA	NA	resistant	NA	NA	NA	NA	NA	NA	resistant	NA	NA	resistant*	NA	NA	NA	NA	NA	NA	NA	resistant	NA	NA	NA	NA	NA	NA	NA	NA	NA	NA	NA	resistant
562.42755	NA	NA	NA	NA	NA	NA	NA	NA	resistant	NA	NA	intermediate	NA	resistant*	NA	resistant	NA	susceptible	resistant*	NA	NA	NA	NA	NA	susceptible*	NA	resistant	NA	NA	NA	NA	NA	NA	NA	resistant	NA	NA	NA	resistant
562.42754	NA	NA	NA	NA	NA	NA	NA	NA	NA	NA	NA	NA	NA	NA	NA	susceptible	NA	NA	NA	NA	NA	NA	NA	NA	susceptible*	NA	susceptible	NA	NA	susceptible	NA	NA	NA	NA	susceptible	NA	NA	NA	susceptible
562.42718	NA	NA	NA	NA	NA	NA	NA	NA	resistant	NA	NA	NA	NA	resistant*	NA	resistant	NA	NA	resistant*	NA	NA	NA	NA	NA	NA	NA	resistant	NA	NA	susceptible	NA	NA	NA	NA	resistant	NA	NA	NA	susceptible
562.42719	NA	NA	susceptible*	NA	NA	NA	NA	NA	NA	NA	NA	NA	NA	resistant*	NA	resistant	NA	NA	resistant*	NA	NA	NA	NA	NA	susceptible*	NA	resistant	NA	NA	NA	NA	NA	NA	NA	resistant	NA	NA	NA	resistant
562.4272	NA	NA	susceptible*	NA	NA	NA	NA	NA	resistant	NA	NA	NA	NA	resistant*	NA	resistant	NA	NA	resistant*	NA	NA	NA	NA	NA	NA	NA	resistant	NA	NA	susceptible	NA	NA	NA	NA	susceptible	NA	NA	NA	susceptible
562.42721	NA	NA	NA	NA	NA	NA	NA	NA	NA	NA	NA	NA	NA	resistant*	NA	resistant	NA	NA	NA	NA	NA	NA	NA	NA	susceptible*	NA	susceptible	NA	NA	NA	NA	NA	NA	NA	resistant	NA	NA	NA	susceptible
562.42723	NA	NA	susceptible*	NA	NA	NA	NA	NA	resistant	NA	NA	NA	NA	resistant*	NA	resistant	NA	NA	resistant*	NA	NA	NA	NA	NA	susceptible*	NA	resistant	NA	NA	susceptible	NA	NA	NA	NA	resistant	NA	NA	NA	susceptible
562.42724	NA	NA	susceptible*	NA	NA	NA	NA	NA	NA	NA	NA	NA	NA	resistant*	NA	resistant	NA	NA	intermediate*	NA	NA	NA	NA	NA	susceptible*	NA	susceptible	NA	NA	NA	NA	NA	NA	NA	susceptible	NA	NA	NA	resistant
562.42725	NA	NA	susceptible*	NA	NA	NA	NA	NA	resistant	NA	NA	NA	NA	resistant*	NA	resistant	NA	NA	resistant*	NA	NA	NA	NA	NA	susceptible*	NA	resistant	NA	NA	susceptible	NA	NA	NA	NA	resistant	NA	NA	NA	resistant
562.42726	NA	NA	susceptible*	NA	NA	NA	NA	NA	resistant	NA	NA	NA	NA	resistant*	NA	resistant	NA	NA	resistant*	NA	NA	NA	NA	NA	susceptible*	NA	resistant	NA	NA	susceptible	NA	NA	NA	NA	resistant	NA	NA	NA	resistant
