sample_name	amoxicillin	ampicillin	ceftriaxone	ciprofloxacin	gentamicin	levofloxacin	tetracycline	tobramycin
562.65371	NA	susceptible	NA	NA	NA	NA	NA	NA
562.65372	NA	susceptible	NA	NA	NA	NA	NA	NA
562.65369	NA	susceptible	NA	NA	NA	NA	NA	NA
562.65374	susceptible	resistant	NA	NA	NA	NA	NA	NA
562.65375	NA	resistant	NA	NA	NA	NA	NA	NA
562.65368	NA	susceptible	NA	NA	NA	NA	NA	NA
562.65367	NA	resistant	NA	NA	NA	NA	NA	NA
562.65366	NA	resistant	NA	NA	NA	NA	NA	NA
562.65365	resistant	resistant	NA	NA	NA	NA	NA	NA
562.65364	NA	susceptible	NA	NA	NA	NA	NA	NA
562.65376	NA	resistant	NA	NA	NA	NA	NA	NA
562.65377	NA	susceptible	NA	NA	NA	NA	NA	NA
562.6537	NA	resistant	NA	NA	NA	NA	NA	NA
562.65373	NA	susceptible	NA	NA	NA	NA	NA	NA
562.65016	resistant	resistant	NA	NA	NA	NA	NA	NA
562.65363	NA	susceptible	NA	NA	NA	NA	NA	NA
562.65379	NA	resistant	NA	NA	NA	NA	NA	NA
562.6538	NA	resistant	NA	NA	NA	NA	NA	NA
562.65381	resistant	resistant	NA	NA	NA	NA	NA	NA
562.65382	susceptible	resistant	NA	NA	NA	NA	NA	NA
562.65383	NA	resistant	NA	NA	NA	NA	NA	NA
562.65384	NA	susceptible	NA	NA	NA	NA	NA	NA
562.65385	NA	susceptible	NA	NA	NA	NA	NA	NA
562.65386	NA	susceptible	NA	NA	NA	NA	NA	NA
562.65387	NA	susceptible	NA	NA	NA	NA	NA	NA
562.65388	NA	susceptible	NA	NA	NA	NA	NA	NA
562.65389	NA	resistant	NA	NA	NA	NA	NA	NA
562.6539	susceptible	resistant	NA	NA	NA	NA	NA	NA
562.65378	NA	susceptible	NA	NA	NA	NA	NA	NA
562.65362	NA	resistant	NA	NA	NA	NA	NA	NA
562.65361	susceptible	susceptible	NA	NA	NA	NA	NA	NA
562.6536	NA	resistant	NA	NA	NA	NA	NA	NA
562.65339	NA	susceptible	NA	NA	NA	NA	NA	NA
562.65338	NA	susceptible	NA	NA	NA	NA	NA	NA
562.65337	NA	susceptible	NA	NA	NA	NA	NA	NA
562.65336	NA	susceptible	NA	NA	NA	NA	NA	NA
562.65335	NA	susceptible	NA	NA	NA	NA	NA	NA
562.65334	NA	susceptible	NA	NA	NA	NA	NA	NA
562.65333	resistant	resistant	NA	NA	NA	NA	NA	NA
562.6534	NA	resistant	NA	NA	NA	NA	NA	NA
562.65332	resistant	resistant	NA	NA	NA	NA	NA	NA
562.6533	NA	susceptible	NA	NA	NA	NA	NA	NA
562.65329	resistant	resistant	NA	NA	NA	NA	NA	NA
562.65328	NA	susceptible	NA	NA	NA	NA	NA	NA
562.65327	NA	susceptible	NA	NA	NA	NA	NA	NA
562.65326	NA	susceptible	NA	NA	NA	NA	NA	NA
562.65325	resistant	resistant	NA	NA	NA	NA	NA	NA
562.65324	NA	susceptible	NA	NA	NA	NA	NA	NA
562.65331	NA	resistant	NA	NA	NA	NA	NA	NA
562.65391	NA	susceptible	NA	NA	NA	NA	NA	NA
562.65341	resistant	resistant	NA	NA	NA	NA	NA	NA
562.65343	NA	resistant	NA	NA	NA	NA	NA	NA
562.65359	susceptible	resistant	NA	NA	NA	NA	NA	NA
562.65358	resistant	resistant	NA	NA	NA	NA	NA	NA
562.65357	NA	resistant	NA	NA	NA	NA	NA	NA
562.65356	NA	susceptible	NA	NA	NA	NA	NA	NA
562.65355	NA	resistant	NA	NA	NA	NA	NA	NA
562.65354	NA	resistant	NA	NA	NA	NA	NA	NA
562.65353	NA	resistant	NA	NA	NA	NA	NA	NA
562.65342	resistant	resistant	NA	NA	NA	NA	NA	NA
562.65352	NA	susceptible	NA	NA	NA	NA	NA	NA
562.6535	NA	susceptible	NA	NA	NA	NA	NA	NA
562.65349	NA	susceptible	NA	NA	NA	NA	NA	NA
562.65348	NA	resistant	NA	NA	NA	NA	NA	NA
562.65347	NA	susceptible	NA	NA	NA	NA	NA	NA
562.65346	NA	resistant	NA	NA	NA	NA	NA	NA
562.65345	NA	resistant	NA	NA	NA	NA	NA	NA
562.65344	NA	resistant	NA	NA	NA	NA	NA	NA
562.65351	NA	resistant	NA	NA	NA	NA	NA	NA
562.65392	susceptible	resistant	NA	NA	NA	NA	NA	NA
562.65397	susceptible	susceptible	NA	NA	NA	NA	NA	NA
562.65395	NA	susceptible	NA	NA	NA	NA	NA	NA
562.65429	NA	resistant	NA	NA	NA	NA	NA	NA
562.6543	NA	resistant	NA	NA	NA	NA	NA	NA
562.65431	NA	resistant	NA	NA	NA	NA	NA	NA
562.65432	susceptible	susceptible	NA	NA	NA	NA	NA	NA
562.65433	NA	resistant	NA	NA	NA	NA	NA	NA
562.65434	NA	resistant	NA	NA	NA	NA	NA	NA
562.65435	NA	susceptible	NA	NA	NA	NA	NA	NA
562.65436	NA	resistant	NA	NA	NA	NA	NA	NA
562.65437	NA	susceptible	NA	NA	NA	NA	NA	NA
562.57315	NA	resistant	NA	susceptible	susceptible	NA	NA	susceptible
562.65438	susceptible	resistant	NA	NA	NA	NA	NA	NA
562.65439	NA	susceptible	NA	NA	NA	NA	NA	NA
562.6544	NA	susceptible	NA	NA	NA	NA	NA	NA
562.65441	susceptible	resistant	NA	NA	NA	NA	NA	NA
562.65442	NA	resistant	NA	NA	NA	NA	NA	NA
562.65443	NA	susceptible	NA	NA	NA	NA	NA	NA
562.65444	NA	susceptible	NA	NA	NA	NA	NA	NA
562.65458	NA	susceptible	NA	NA	NA	NA	NA	NA
562.65457	susceptible	resistant	NA	NA	NA	NA	NA	NA
562.65456	NA	susceptible	NA	NA	NA	NA	NA	NA
562.65455	NA	susceptible	NA	NA	NA	NA	NA	NA
562.65454	NA	susceptible	NA	NA	NA	NA	NA	NA
562.65453	NA	susceptible	NA	NA	NA	NA	NA	NA
562.65428	resistant	resistant	NA	NA	NA	NA	NA	NA
562.65452	NA	susceptible	NA	NA	NA	NA	NA	NA
562.6545	NA	susceptible	NA	NA	NA	NA	NA	NA
562.65449	NA	susceptible	NA	NA	NA	NA	NA	NA
562.65448	resistant	susceptible	NA	NA	NA	NA	NA	NA
562.65447	resistant	resistant	NA	NA	NA	NA	NA	NA
562.65446	susceptible	resistant	NA	NA	NA	NA	NA	NA
562.65445	NA	susceptible	NA	NA	NA	NA	NA	NA
562.65451	NA	susceptible	NA	NA	NA	NA	NA	NA
562.65427	susceptible	resistant	NA	NA	NA	NA	NA	NA
562.65426	resistant	resistant	NA	NA	NA	NA	NA	NA
562.65425	NA	resistant	NA	NA	NA	NA	NA	NA
562.65406	resistant	resistant	NA	NA	NA	NA	NA	NA
562.65405	NA	susceptible	NA	NA	NA	NA	NA	NA
562.65404	NA	susceptible	NA	NA	NA	NA	NA	NA
562.65403	NA	susceptible	NA	NA	NA	NA	NA	NA
562.65402	NA	susceptible	NA	NA	NA	NA	NA	NA
562.65401	NA	resistant	NA	NA	NA	NA	NA	NA
562.65407	NA	resistant	NA	NA	NA	NA	NA	NA
562.654	resistant	resistant	NA	NA	NA	NA	NA	NA
562.57316	NA	resistant	NA	susceptible	resistant	NA	NA	resistant
562.57317	NA	resistant	NA	susceptible	susceptible	NA	NA	susceptible
562.57318	NA	resistant	NA	susceptible	susceptible	NA	NA	susceptible
562.65398	NA	resistant	NA	NA	NA	NA	NA	NA
562.65323	resistant	resistant	NA	NA	NA	NA	NA	NA
562.65396	NA	resistant	NA	NA	NA	NA	NA	NA
562.65399	NA	susceptible	NA	NA	NA	NA	NA	NA
562.65393	NA	susceptible	NA	NA	NA	NA	NA	NA
562.65408	NA	susceptible	NA	NA	NA	NA	NA	NA
562.6541	NA	susceptible	NA	NA	NA	NA	NA	NA
562.65424	NA	susceptible	NA	NA	NA	NA	NA	NA
562.65423	resistant	resistant	NA	NA	NA	NA	NA	NA
562.65422	NA	susceptible	NA	NA	NA	NA	NA	NA
562.65421	NA	susceptible	NA	NA	NA	NA	NA	NA
562.6542	NA	susceptible	NA	NA	NA	NA	NA	NA
562.65419	NA	susceptible	NA	NA	NA	NA	NA	NA
562.65409	NA	resistant	NA	NA	NA	NA	NA	NA
562.65418	NA	resistant	NA	NA	NA	NA	NA	NA
562.65416	NA	susceptible	NA	NA	NA	NA	NA	NA
562.65415	NA	susceptible	NA	NA	NA	NA	NA	NA
562.65414	NA	susceptible	NA	NA	NA	NA	NA	NA
562.65413	NA	susceptible	NA	NA	NA	NA	NA	NA
562.65412	NA	resistant	NA	NA	NA	NA	NA	NA
562.65411	resistant	resistant	NA	NA	NA	NA	NA	NA
562.65417	NA	resistant	NA	NA	NA	NA	NA	NA
562.65322	NA	susceptible	NA	NA	NA	NA	NA	NA
562.65321	NA	susceptible	NA	NA	NA	NA	NA	NA
562.6532	NA	susceptible	NA	NA	NA	NA	NA	NA
562.65222000000006	NA	susceptible	NA	NA	NA	NA	NA	NA
562.65221	NA	susceptible	NA	NA	NA	NA	NA	NA
562.6522	NA	resistant	NA	NA	NA	NA	NA	NA
562.65219	resistant	resistant	NA	NA	NA	NA	NA	NA
562.65218	NA	susceptible	NA	NA	NA	NA	NA	NA
562.65217	NA	susceptible	NA	NA	NA	NA	NA	NA
562.65223	resistant	resistant	NA	NA	NA	NA	NA	NA
562.65216	NA	resistant	NA	NA	NA	NA	NA	NA
562.65214	NA	resistant	NA	NA	NA	NA	NA	NA
562.65213	NA	resistant	NA	NA	NA	NA	NA	NA
562.65212	resistant	resistant	NA	NA	NA	NA	NA	NA
562.65211	NA	susceptible	NA	NA	NA	NA	NA	NA
562.6521	NA	susceptible	NA	NA	NA	NA	NA	NA
562.65209	NA	susceptible	NA	NA	NA	NA	NA	NA
562.65215	NA	susceptible	NA	NA	NA	NA	NA	NA
562.65224	NA	resistant	NA	NA	NA	NA	NA	NA
562.65225	resistant	resistant	NA	NA	NA	NA	NA	NA
562.65226	NA	resistant	NA	NA	NA	NA	NA	NA
562.65242	resistant	resistant	NA	NA	NA	NA	NA	NA
562.65241	NA	susceptible	NA	NA	NA	NA	NA	NA
562.6524	NA	susceptible	NA	NA	NA	NA	NA	NA
562.65239	susceptible	resistant	NA	NA	NA	NA	NA	NA
562.65238	NA	resistant	NA	NA	NA	NA	NA	NA
562.65237	susceptible	resistant	NA	NA	NA	NA	NA	NA
562.65236	susceptible	resistant	NA	NA	NA	NA	NA	NA
562.65235	resistant	resistant	NA	NA	NA	NA	NA	NA
562.65234	NA	resistant	NA	NA	NA	NA	NA	NA
562.65233	NA	resistant	NA	NA	NA	NA	NA	NA
562.65232	NA	resistant	NA	NA	NA	NA	NA	NA
562.65231000000006	NA	susceptible	NA	NA	NA	NA	NA	NA
562.6523	NA	susceptible	NA	NA	NA	NA	NA	NA
562.65228	NA	resistant	NA	NA	NA	NA	NA	NA
562.65227	NA	susceptible	NA	NA	NA	NA	NA	NA
562.65208	NA	susceptible	NA	NA	NA	NA	NA	NA
562.65207	resistant	resistant	NA	NA	NA	NA	NA	NA
562.65206	resistant	resistant	NA	NA	NA	NA	NA	NA
562.65205	NA	resistant	NA	NA	NA	NA	NA	NA
562.6518	NA	resistant	NA	NA	NA	NA	NA	NA
562.65178	NA	susceptible	NA	NA	NA	NA	NA	NA
562.65175	NA	susceptible	NA	NA	NA	NA	NA	NA
562.65174	NA	susceptible	NA	NA	NA	NA	NA	NA
562.65173	resistant	resistant	NA	NA	NA	NA	NA	NA
562.65172	NA	susceptible	NA	NA	NA	NA	NA	NA
562.65171	NA	susceptible	NA	NA	NA	NA	NA	NA
562.6517	NA	resistant	NA	NA	NA	NA	NA	NA
562.65169	NA	susceptible	NA	NA	NA	NA	NA	NA
562.65168	NA	susceptible	NA	NA	NA	NA	NA	NA
562.65167	NA	susceptible	NA	NA	NA	NA	NA	NA
562.65166	susceptible	resistant	NA	NA	NA	NA	NA	NA
562.65164	susceptible	resistant	NA	NA	NA	NA	NA	NA
562.65163	resistant	resistant	NA	NA	NA	NA	NA	NA
562.65162	NA	resistant	NA	NA	NA	NA	NA	NA
562.65181	NA	susceptible	NA	NA	NA	NA	NA	NA
562.65243	NA	resistant	NA	NA	NA	NA	NA	NA
562.65182	NA	susceptible	NA	NA	NA	NA	NA	NA
562.65184	NA	resistant	NA	NA	NA	NA	NA	NA
562.65204	susceptible	resistant	NA	NA	NA	NA	NA	NA
562.65203	resistant	resistant	NA	NA	NA	NA	NA	NA
562.65202	NA	susceptible	NA	NA	NA	NA	NA	NA
562.65201	NA	susceptible	NA	NA	NA	NA	NA	NA
562.652	NA	susceptible	NA	NA	NA	NA	NA	NA
562.65199	NA	susceptible	NA	NA	NA	NA	NA	NA
562.65198	NA	susceptible	NA	NA	NA	NA	NA	NA
562.65197	NA	susceptible	NA	NA	NA	NA	NA	NA
562.65196	NA	resistant	NA	NA	NA	NA	NA	NA
562.65193	NA	susceptible	NA	NA	NA	NA	NA	NA
562.65189	NA	resistant	NA	NA	NA	NA	NA	NA
562.65188	NA	resistant	NA	NA	NA	NA	NA	NA
562.65187	NA	susceptible	NA	NA	NA	NA	NA	NA
562.65186	NA	susceptible	NA	NA	NA	NA	NA	NA
562.65185	susceptible	susceptible	NA	NA	NA	NA	NA	NA
562.65183	NA	resistant	NA	NA	NA	NA	NA	NA
562.65244	susceptible	resistant	NA	NA	NA	NA	NA	NA
562.65245	NA	susceptible	NA	NA	NA	NA	NA	NA
562.65246	susceptible	resistant	NA	NA	NA	NA	NA	NA
562.65299	NA	susceptible	NA	NA	NA	NA	NA	NA
562.65298	susceptible	resistant	NA	NA	NA	NA	NA	NA
562.65297	NA	resistant	NA	NA	NA	NA	NA	NA
562.65296	NA	susceptible	NA	NA	NA	NA	NA	NA
562.65295	NA	resistant	NA	NA	NA	NA	NA	NA
562.65294	NA	resistant	NA	NA	NA	NA	NA	NA
562.65293	NA	resistant	NA	NA	NA	NA	NA	NA
562.65292	NA	susceptible	NA	NA	NA	NA	NA	NA
562.65291	NA	resistant	NA	NA	NA	NA	NA	NA
562.6529	NA	susceptible	NA	NA	NA	NA	NA	NA
562.65289	NA	susceptible	NA	NA	NA	NA	NA	NA
562.65288	resistant	resistant	NA	NA	NA	NA	NA	NA
562.65287	resistant	resistant	NA	NA	NA	NA	NA	NA
562.65286	NA	resistant	NA	NA	NA	NA	NA	NA
562.65285	susceptible	resistant	NA	NA	NA	NA	NA	NA
562.653	NA	resistant	NA	NA	NA	NA	NA	NA
562.65284	NA	susceptible	NA	NA	NA	NA	NA	NA
562.65301	NA	susceptible	NA	NA	NA	NA	NA	NA
562.65303	NA	resistant	NA	NA	NA	NA	NA	NA
562.65319	NA	susceptible	NA	NA	NA	NA	NA	NA
562.65318	NA	resistant	NA	NA	NA	NA	NA	NA
562.65317	NA	susceptible	NA	NA	NA	NA	NA	NA
562.65316	resistant	resistant	NA	NA	NA	NA	NA	NA
562.65314	NA	susceptible	NA	NA	NA	NA	NA	NA
562.65313	NA	resistant	NA	NA	NA	NA	NA	NA
562.65312	susceptible	susceptible	NA	NA	NA	NA	NA	NA
562.65311	NA	resistant	NA	NA	NA	NA	NA	NA
562.6531	resistant	resistant	NA	NA	NA	NA	NA	NA
562.65309	NA	susceptible	NA	NA	NA	NA	NA	NA
562.65308	NA	resistant	NA	NA	NA	NA	NA	NA
562.65307	NA	resistant	NA	NA	NA	NA	NA	NA
562.65306	NA	susceptible	NA	NA	NA	NA	NA	NA
562.65305	NA	resistant	NA	NA	NA	NA	NA	NA
562.65304	resistant	resistant	NA	NA	NA	NA	NA	NA
562.65302	resistant	resistant	NA	NA	NA	NA	NA	NA
562.65459	resistant	resistant	NA	NA	NA	NA	NA	NA
562.65283	NA	susceptible	NA	NA	NA	NA	NA	NA
562.65281	NA	susceptible	NA	NA	NA	NA	NA	NA
562.65261	NA	resistant	NA	NA	NA	NA	NA	NA
562.6526	resistant	resistant	NA	NA	NA	NA	NA	NA
562.65259	resistant	resistant	NA	NA	NA	NA	NA	NA
562.65258	NA	susceptible	NA	NA	NA	NA	NA	NA
562.65257	NA	resistant	NA	NA	NA	NA	NA	NA
562.65256	NA	susceptible	NA	NA	NA	NA	NA	NA
562.65255	susceptible	susceptible	NA	NA	NA	NA	NA	NA
562.65254	NA	resistant	NA	NA	NA	NA	NA	NA
562.65253	NA	resistant	NA	NA	NA	NA	NA	NA
562.65252	NA	resistant	NA	NA	NA	NA	NA	NA
562.65251	NA	resistant	NA	NA	NA	NA	NA	NA
562.6525	NA	susceptible	NA	NA	NA	NA	NA	NA
562.65249	NA	resistant	NA	NA	NA	NA	NA	NA
562.65248	NA	resistant	NA	NA	NA	NA	NA	NA
562.65247	NA	susceptible	NA	NA	NA	NA	NA	NA
562.65262	susceptible	susceptible	NA	NA	NA	NA	NA	NA
562.65282	susceptible	resistant	NA	NA	NA	NA	NA	NA
562.65263	susceptible	susceptible	NA	NA	NA	NA	NA	NA
562.65265	susceptible	resistant	NA	NA	NA	NA	NA	NA
562.6528	NA	resistant	NA	NA	NA	NA	NA	NA
562.65279	NA	susceptible	NA	NA	NA	NA	NA	NA
562.65278	NA	resistant	NA	NA	NA	NA	NA	NA
562.65277	NA	resistant	NA	NA	NA	NA	NA	NA
562.65276	NA	susceptible	NA	NA	NA	NA	NA	NA
562.65275	NA	resistant	NA	NA	NA	NA	NA	NA
562.65274	NA	resistant	NA	NA	NA	NA	NA	NA
562.65273	NA	susceptible	NA	NA	NA	NA	NA	NA
562.65272	NA	resistant	NA	NA	NA	NA	NA	NA
562.65271	NA	resistant	NA	NA	NA	NA	NA	NA
562.6527	NA	susceptible	NA	NA	NA	NA	NA	NA
562.65269	susceptible	resistant	NA	NA	NA	NA	NA	NA
562.65268	susceptible	resistant	NA	NA	NA	NA	NA	NA
562.65267	susceptible	susceptible	NA	NA	NA	NA	NA	NA
562.65266	NA	resistant	NA	NA	NA	NA	NA	NA
562.65264	NA	resistant	NA	NA	NA	NA	NA	NA
562.6546	NA	susceptible	NA	NA	NA	NA	NA	NA
562.65464	susceptible	resistant	NA	NA	NA	NA	NA	NA
562.65462	susceptible	susceptible	NA	NA	NA	NA	NA	NA
562.65636	resistant	resistant	NA	NA	NA	NA	NA	NA
562.65635	NA	susceptible	NA	NA	NA	NA	NA	NA
562.65634	NA	susceptible	NA	NA	NA	NA	NA	NA
562.65633	resistant	resistant	NA	NA	NA	NA	NA	NA
562.65632	NA	susceptible	NA	NA	NA	NA	NA	NA
562.65631	susceptible	resistant	NA	NA	NA	NA	NA	NA
562.65637	NA	susceptible	NA	NA	NA	NA	NA	NA
562.6563	NA	resistant	NA	NA	NA	NA	NA	NA
562.65628	NA	susceptible	NA	NA	NA	NA	NA	NA
562.65627	NA	resistant	NA	NA	NA	NA	NA	NA
562.65626	NA	susceptible	NA	NA	NA	NA	NA	NA
562.65625	NA	resistant	NA	NA	NA	NA	NA	NA
562.65624	NA	susceptible	NA	NA	NA	NA	NA	NA
562.65623	NA	susceptible	NA	NA	NA	NA	NA	NA
562.65629	NA	resistant	NA	NA	NA	NA	NA	NA
562.65622	NA	susceptible	NA	NA	NA	NA	NA	NA
562.65638	resistant	resistant	NA	NA	NA	NA	NA	NA
562.6564	NA	susceptible	NA	NA	NA	NA	NA	NA
562.65654	NA	resistant	NA	NA	NA	NA	NA	NA
562.65653	NA	resistant	NA	NA	NA	NA	NA	NA
562.65652	NA	susceptible	NA	NA	NA	NA	NA	NA
562.65651	NA	susceptible	NA	NA	NA	NA	NA	NA
562.6565	resistant	resistant	NA	NA	NA	NA	NA	NA
562.65649	NA	susceptible	NA	NA	NA	NA	NA	NA
562.65639	NA	susceptible	NA	NA	NA	NA	NA	NA
562.65648	NA	susceptible	NA	NA	NA	NA	NA	NA
562.65646	NA	resistant	NA	NA	NA	NA	NA	NA
562.65645	resistant	resistant	NA	NA	NA	NA	NA	NA
562.65644	NA	susceptible	NA	NA	NA	NA	NA	NA
562.65643	NA	resistant	NA	NA	NA	NA	NA	NA
562.65642	NA	susceptible	NA	NA	NA	NA	NA	NA
562.65641	NA	resistant	NA	NA	NA	NA	NA	NA
562.65647	NA	resistant	NA	NA	NA	NA	NA	NA
562.65621	NA	susceptible	NA	NA	NA	NA	NA	NA
562.6562	NA	susceptible	NA	NA	NA	NA	NA	NA
562.65619	NA	susceptible	NA	NA	NA	NA	NA	NA
562.65599	NA	susceptible	NA	NA	NA	NA	NA	NA
562.65598	susceptible	resistant	NA	NA	NA	NA	NA	NA
562.65597	NA	susceptible	NA	NA	NA	NA	NA	NA
562.65596	resistant	resistant	NA	NA	NA	NA	NA	NA
562.65595	NA	resistant	NA	NA	NA	NA	NA	NA
562.65594	susceptible	resistant	NA	NA	NA	NA	NA	NA
562.656	NA	resistant	NA	NA	NA	NA	NA	NA
562.65593	NA	susceptible	NA	NA	NA	NA	NA	NA
562.65589	NA	susceptible	NA	NA	NA	NA	NA	NA
562.65588	resistant	resistant	NA	NA	NA	NA	NA	NA
562.65587	NA	susceptible	NA	NA	NA	NA	NA	NA
562.65586	NA	susceptible	NA	NA	NA	NA	NA	NA
562.65584	NA	resistant	NA	NA	NA	NA	NA	NA
562.6559	susceptible	resistant	NA	NA	NA	NA	NA	NA
562.65601	NA	susceptible	NA	NA	NA	NA	NA	NA
562.65602	NA	resistant	NA	NA	NA	NA	NA	NA
562.65603	NA	susceptible	NA	NA	NA	NA	NA	NA
562.65618	NA	resistant	NA	NA	NA	NA	NA	NA
562.65617	NA	susceptible	NA	NA	NA	NA	NA	NA
562.65616	susceptible	susceptible	NA	NA	NA	NA	NA	NA
562.65615	NA	resistant	NA	NA	NA	NA	NA	NA
562.65614	NA	susceptible	NA	NA	NA	NA	NA	NA
562.65613	susceptible	resistant	NA	NA	NA	NA	NA	NA
562.65612	susceptible	resistant	NA	NA	NA	NA	NA	NA
562.65611	susceptible	resistant	NA	NA	NA	NA	NA	NA
562.6561	NA	resistant	NA	NA	NA	NA	NA	NA
562.65609	NA	susceptible	NA	NA	NA	NA	NA	NA
562.65608	susceptible	susceptible	NA	NA	NA	NA	NA	NA
562.65607	NA	susceptible	NA	NA	NA	NA	NA	NA
562.65606	NA	resistant	NA	NA	NA	NA	NA	NA
562.65605	resistant	resistant	NA	NA	NA	NA	NA	NA
562.65604	NA	resistant	NA	NA	NA	NA	NA	NA
562.65655	NA	resistant	NA	NA	NA	NA	NA	NA
562.65583	susceptible	resistant	NA	NA	NA	NA	NA	NA
562.65656	NA	resistant	NA	NA	NA	NA	NA	NA
562.65658	susceptible	susceptible	NA	NA	NA	NA	NA	NA
562.65709	NA	susceptible	NA	NA	NA	NA	NA	NA
562.65708	NA	susceptible	NA	NA	NA	NA	NA	NA
562.65707	NA	resistant	NA	NA	NA	NA	NA	NA
562.65706	NA	susceptible	NA	NA	NA	NA	NA	NA
562.65705	NA	susceptible	NA	NA	NA	NA	NA	NA
562.65704	susceptible	resistant	NA	NA	NA	NA	NA	NA
562.6571	resistant	resistant	NA	NA	NA	NA	NA	NA
562.65703	NA	susceptible	NA	NA	NA	NA	NA	NA
562.65701	NA	susceptible	NA	NA	NA	NA	NA	NA
562.657	NA	susceptible	NA	NA	NA	NA	NA	NA
562.65699	NA	susceptible	NA	NA	NA	NA	NA	NA
562.65698	NA	resistant	NA	NA	NA	NA	NA	NA
562.65697	NA	resistant	NA	NA	NA	NA	NA	NA
562.65696	NA	susceptible	NA	NA	NA	NA	NA	NA
562.65702	resistant	resistant	NA	NA	NA	NA	NA	NA
562.65695	resistant	resistant	NA	NA	NA	NA	NA	NA
562.65711	NA	susceptible	NA	NA	NA	NA	NA	NA
562.65713	NA	susceptible	NA	NA	NA	NA	NA	NA
562.65727	NA	susceptible	NA	NA	NA	NA	NA	NA
562.65726	susceptible	resistant	NA	NA	NA	NA	NA	NA
562.65725	resistant	resistant	NA	NA	NA	NA	NA	NA
562.65724	NA	susceptible	NA	NA	NA	NA	NA	NA
562.65723	resistant	resistant	NA	NA	NA	NA	NA	NA
562.65722	resistant	resistant	NA	NA	NA	NA	NA	NA
562.65712	NA	susceptible	NA	NA	NA	NA	NA	NA
562.65721	NA	susceptible	NA	NA	NA	NA	NA	NA
562.65719	NA	susceptible	NA	NA	NA	NA	NA	NA
562.65718	NA	susceptible	NA	NA	NA	NA	NA	NA
562.65717	NA	susceptible	NA	NA	NA	NA	NA	NA
562.65716	resistant	resistant	NA	NA	NA	NA	NA	NA
562.65715	NA	susceptible	NA	NA	NA	NA	NA	NA
562.65714	NA	susceptible	NA	NA	NA	NA	NA	NA
562.6572	resistant	resistant	NA	NA	NA	NA	NA	NA
562.65694	resistant	resistant	NA	NA	NA	NA	NA	NA
562.65693	NA	resistant	NA	NA	NA	NA	NA	NA
562.65692	NA	resistant	NA	NA	NA	NA	NA	NA
562.65672	NA	susceptible	NA	NA	NA	NA	NA	NA
562.65671	resistant	resistant	NA	NA	NA	NA	NA	NA
562.6567	NA	susceptible	NA	NA	NA	NA	NA	NA
562.65669	NA	resistant	NA	NA	NA	NA	NA	NA
562.65668	NA	susceptible	NA	NA	NA	NA	NA	NA
562.65667	resistant	resistant	NA	NA	NA	NA	NA	NA
562.65673	resistant	resistant	NA	NA	NA	NA	NA	NA
562.65666	NA	susceptible	NA	NA	NA	NA	NA	NA
562.65664	NA	resistant	NA	NA	NA	NA	NA	NA
562.65663	NA	susceptible	NA	NA	NA	NA	NA	NA
562.65662	resistant	resistant	NA	NA	NA	NA	NA	NA
562.65661	NA	resistant	NA	NA	NA	NA	NA	NA
562.6566	NA	susceptible	NA	NA	NA	NA	NA	NA
562.65659	NA	susceptible	NA	NA	NA	NA	NA	NA
562.65665	susceptible	susceptible	NA	NA	NA	NA	NA	NA
562.65674	susceptible	resistant	NA	NA	NA	NA	NA	NA
562.65675	NA	susceptible	NA	NA	NA	NA	NA	NA
562.65676	NA	susceptible	NA	NA	NA	NA	NA	NA
562.65691	resistant	resistant	NA	NA	NA	NA	NA	NA
562.6569	NA	susceptible	NA	NA	NA	NA	NA	NA
562.65689	NA	susceptible	NA	NA	NA	NA	NA	NA
562.65688	susceptible	susceptible	NA	NA	NA	NA	NA	NA
562.65687	NA	resistant	NA	NA	NA	NA	NA	NA
562.65686	susceptible	susceptible	NA	NA	NA	NA	NA	NA
562.65685	NA	resistant	NA	NA	NA	NA	NA	NA
562.65684	NA	susceptible	NA	NA	NA	NA	NA	NA
562.65683	NA	resistant	NA	NA	NA	NA	NA	NA
562.65682	susceptible	susceptible	NA	NA	NA	NA	NA	NA
562.65681	NA	resistant	NA	NA	NA	NA	NA	NA
562.6568	NA	resistant	NA	NA	NA	NA	NA	NA
562.65679	NA	susceptible	NA	NA	NA	NA	NA	NA
562.65678	NA	resistant	NA	NA	NA	NA	NA	NA
562.65677	resistant	resistant	NA	NA	NA	NA	NA	NA
562.65657	NA	resistant	NA	NA	NA	NA	NA	NA
562.65581	NA	susceptible	NA	NA	NA	NA	NA	NA
562.6558	NA	susceptible	NA	NA	NA	NA	NA	NA
562.65579	NA	resistant	NA	NA	NA	NA	NA	NA
562.5729	NA	resistant	NA	resistant	resistant	NA	NA	resistant
562.57291	NA	resistant	NA	susceptible	susceptible	NA	NA	susceptible
562.57292	NA	resistant	NA	resistant	resistant	NA	NA	resistant
562.57293	NA	resistant	NA	susceptible	resistant	NA	NA	resistant
562.57294	NA	resistant	NA	resistant	susceptible	NA	NA	susceptible
562.57295	NA	resistant	NA	resistant	susceptible	NA	NA	resistant
562.57289	NA	resistant	NA	susceptible	resistant	NA	NA	resistant
562.57297	NA	resistant	NA	susceptible	susceptible	NA	NA	susceptible
562.57299	NA	resistant	NA	susceptible	susceptible	NA	NA	susceptible
562.573	NA	resistant	NA	susceptible	susceptible	NA	NA	susceptible
562.57301	NA	resistant	NA	susceptible	susceptible	NA	NA	susceptible
562.57302	NA	resistant	NA	susceptible	susceptible	NA	NA	susceptible
562.57304	NA	resistant	NA	susceptible	susceptible	NA	NA	susceptible
562.57305	NA	resistant	NA	susceptible	susceptible	NA	NA	susceptible
562.57298	NA	resistant	NA	resistant	susceptible	NA	NA	susceptible
562.57306	NA	resistant	NA	susceptible	susceptible	NA	NA	susceptible
562.57288	NA	resistant	NA	susceptible	resistant	NA	NA	resistant
562.65728	NA	susceptible	NA	NA	NA	NA	NA	NA
562.65504	resistant	resistant	NA	NA	NA	NA	NA	NA
562.65503	NA	resistant	NA	NA	NA	NA	NA	NA
562.65502	NA	susceptible	NA	NA	NA	NA	NA	NA
562.65501	NA	susceptible	NA	NA	NA	NA	NA	NA
562.655	NA	susceptible	NA	NA	NA	NA	NA	NA
562.65499	susceptible	resistant	NA	NA	NA	NA	NA	NA
562.57287	NA	resistant	NA	susceptible	susceptible	NA	NA	resistant
562.65498	resistant	resistant	NA	NA	NA	NA	NA	NA
562.65496	NA	susceptible	NA	NA	NA	NA	NA	NA
562.65495	NA	resistant	NA	NA	NA	NA	NA	NA
562.65494	NA	susceptible	NA	NA	NA	NA	NA	NA
562.65493	NA	susceptible	NA	NA	NA	NA	NA	NA
562.65492	NA	susceptible	NA	NA	NA	NA	NA	NA
562.65491	NA	susceptible	NA	NA	NA	NA	NA	NA
562.65497	resistant	resistant	NA	NA	NA	NA	NA	NA
562.57307	NA	resistant	NA	susceptible	susceptible	NA	NA	susceptible
562.6549	susceptible	susceptible	NA	NA	NA	NA	NA	NA
562.57308	NA	susceptible	NA	susceptible	susceptible	NA	NA	susceptible
562.65476	resistant	resistant	NA	NA	NA	NA	NA	NA
562.65475	NA	susceptible	NA	NA	NA	NA	NA	NA
562.65474	NA	susceptible	NA	NA	NA	NA	NA	NA
562.65473	NA	resistant	NA	NA	NA	NA	NA	NA
562.65472	NA	resistant	NA	NA	NA	NA	NA	NA
562.65471	NA	resistant	NA	NA	NA	NA	NA	NA
562.65477	NA	susceptible	NA	NA	NA	NA	NA	NA
562.6547	susceptible	resistant	NA	NA	NA	NA	NA	NA
562.65468	NA	resistant	NA	NA	NA	NA	NA	NA
562.65467	NA	resistant	NA	NA	NA	NA	NA	NA
562.65466	NA	resistant	NA	NA	NA	NA	NA	NA
562.65465	resistant	resistant	NA	NA	NA	NA	NA	NA
562.65161	resistant	resistant	NA	NA	NA	NA	NA	NA
562.65463	susceptible	susceptible	NA	NA	NA	NA	NA	NA
562.65469	NA	susceptible	NA	NA	NA	NA	NA	NA
562.65478	NA	resistant	NA	NA	NA	NA	NA	NA
562.65479	susceptible	resistant	NA	NA	NA	NA	NA	NA
562.6548	resistant	resistant	NA	NA	NA	NA	NA	NA
562.57309	NA	resistant	NA	susceptible	susceptible	NA	NA	susceptible
562.5731	NA	resistant	NA	susceptible	susceptible	NA	NA	susceptible
562.57311	NA	resistant	NA	susceptible	susceptible	NA	NA	susceptible
562.57312	NA	resistant	NA	susceptible	susceptible	NA	NA	susceptible
562.57313	NA	susceptible	NA	susceptible	susceptible	NA	NA	susceptible
562.57314	NA	susceptible	NA	susceptible	susceptible	NA	NA	susceptible
562.65489	NA	susceptible	NA	NA	NA	NA	NA	NA
562.65488	susceptible	susceptible	NA	NA	NA	NA	NA	NA
562.65487	NA	resistant	NA	NA	NA	NA	NA	NA
562.65486	NA	susceptible	NA	NA	NA	NA	NA	NA
562.65485	NA	susceptible	NA	NA	NA	NA	NA	NA
562.65484	resistant	resistant	NA	NA	NA	NA	NA	NA
562.65483	NA	susceptible	NA	NA	NA	NA	NA	NA
562.65482	NA	susceptible	NA	NA	NA	NA	NA	NA
562.65481	NA	susceptible	NA	NA	NA	NA	NA	NA
562.65505	NA	susceptible	NA	NA	NA	NA	NA	NA
562.65506	susceptible	resistant	NA	NA	NA	NA	NA	NA
562.65507	NA	resistant	NA	NA	NA	NA	NA	NA
562.65508	NA	susceptible	NA	NA	NA	NA	NA	NA
562.65559	resistant	resistant	NA	NA	NA	NA	NA	NA
562.65558	susceptible	resistant	NA	NA	NA	NA	NA	NA
562.65557	NA	susceptible	NA	NA	NA	NA	NA	NA
562.65556	NA	susceptible	NA	NA	NA	NA	NA	NA
562.65555	NA	resistant	NA	NA	NA	NA	NA	NA
562.65554	resistant	resistant	NA	NA	NA	NA	NA	NA
562.6556	resistant	resistant	NA	NA	NA	NA	NA	NA
562.65553	NA	susceptible	NA	NA	NA	NA	NA	NA
562.65551	NA	susceptible	NA	NA	NA	NA	NA	NA
562.6555	resistant	resistant	NA	NA	NA	NA	NA	NA
562.65549	NA	resistant	NA	NA	NA	NA	NA	NA
562.65548	NA	resistant	NA	NA	NA	NA	NA	NA
562.65547	NA	susceptible	NA	NA	NA	NA	NA	NA
562.65546	NA	susceptible	NA	NA	NA	NA	NA	NA
562.65552	NA	susceptible	NA	NA	NA	NA	NA	NA
562.65561	NA	resistant	NA	NA	NA	NA	NA	NA
562.65562	resistant	resistant	NA	NA	NA	NA	NA	NA
562.65563	NA	resistant	NA	NA	NA	NA	NA	NA
562.65578	NA	resistant	NA	NA	NA	NA	NA	NA
562.65577	resistant	resistant	NA	NA	NA	NA	NA	NA
562.65576	NA	resistant	NA	NA	NA	NA	NA	NA
562.65575	susceptible	resistant	NA	NA	NA	NA	NA	NA
562.65574	NA	resistant	NA	NA	NA	NA	NA	NA
562.65573	NA	susceptible	NA	NA	NA	NA	NA	NA
562.65572	resistant	resistant	NA	NA	NA	NA	NA	NA
562.65571	NA	susceptible	NA	NA	NA	NA	NA	NA
562.6557	NA	resistant	NA	NA	NA	NA	NA	NA
562.65569	NA	resistant	NA	NA	NA	NA	NA	NA
562.65568	NA	susceptible	NA	NA	NA	NA	NA	NA
562.65567	susceptible	susceptible	NA	NA	NA	NA	NA	NA
562.65566	resistant	resistant	NA	NA	NA	NA	NA	NA
562.65565	NA	resistant	NA	NA	NA	NA	NA	NA
562.65564	susceptible	resistant	NA	NA	NA	NA	NA	NA
562.65545	resistant	resistant	NA	NA	NA	NA	NA	NA
562.65461	NA	susceptible	NA	NA	NA	NA	NA	NA
562.65544	NA	susceptible	NA	NA	NA	NA	NA	NA
562.65542	NA	susceptible	NA	NA	NA	NA	NA	NA
562.65522	resistant	resistant	NA	NA	NA	NA	NA	NA
562.65521	NA	susceptible	NA	NA	NA	NA	NA	NA
562.6552	NA	susceptible	NA	NA	NA	NA	NA	NA
562.65519	NA	susceptible	NA	NA	NA	NA	NA	NA
562.65518	NA	susceptible	NA	NA	NA	NA	NA	NA
562.65517	NA	resistant	NA	NA	NA	NA	NA	NA
562.65523	NA	resistant	NA	NA	NA	NA	NA	NA
562.65516	resistant	resistant	NA	NA	NA	NA	NA	NA
562.65514	resistant	resistant	NA	NA	NA	NA	NA	NA
562.65513	resistant	resistant	NA	NA	NA	NA	NA	NA
562.65512	NA	resistant	NA	NA	NA	NA	NA	NA
562.65511	NA	susceptible	NA	NA	NA	NA	NA	NA
562.6551	resistant	resistant	NA	NA	NA	NA	NA	NA
562.65509	resistant	resistant	NA	NA	NA	NA	NA	NA
562.65515	NA	resistant	NA	NA	NA	NA	NA	NA
562.65524	susceptible	resistant	NA	NA	NA	NA	NA	NA
562.65525	NA	resistant	NA	NA	NA	NA	NA	NA
562.65526	NA	susceptible	NA	NA	NA	NA	NA	NA
562.65541	NA	resistant	NA	NA	NA	NA	NA	NA
562.6554	NA	resistant	NA	NA	NA	NA	NA	NA
562.65539	NA	resistant	NA	NA	NA	NA	NA	NA
562.65538	susceptible	resistant	NA	NA	NA	NA	NA	NA
562.65537	NA	resistant	NA	NA	NA	NA	NA	NA
562.65536	susceptible	resistant	NA	NA	NA	NA	NA	NA
562.65535	NA	susceptible	NA	NA	NA	NA	NA	NA
562.65534	NA	resistant	NA	NA	NA	NA	NA	NA
562.65533	NA	susceptible	NA	NA	NA	NA	NA	NA
562.65532	NA	susceptible	NA	NA	NA	NA	NA	NA
562.65531	NA	resistant	NA	NA	NA	NA	NA	NA
562.6553	susceptible	resistant	NA	NA	NA	NA	NA	NA
562.65529	NA	resistant	NA	NA	NA	NA	NA	NA
562.65528	resistant	resistant	NA	NA	NA	NA	NA	NA
562.65527	NA	susceptible	NA	NA	NA	NA	NA	NA
562.65543	NA	susceptible	NA	NA	NA	NA	NA	NA
562.6516	NA	susceptible	NA	NA	NA	NA	NA	NA
562.65159	NA	resistant	NA	NA	NA	NA	NA	NA
562.65158	susceptible	susceptible	NA	NA	NA	NA	NA	NA
562.6485	NA	susceptible	NA	NA	NA	NA	NA	NA
562.64851	resistant	resistant	NA	NA	NA	NA	NA	NA
562.64852	NA	resistant	NA	NA	NA	NA	NA	NA
562.64853	NA	susceptible	NA	NA	NA	NA	NA	NA
562.64854	NA	susceptible	NA	NA	NA	NA	NA	NA
562.64855	NA	susceptible	NA	NA	NA	NA	NA	NA
562.64849	NA	resistant	NA	NA	NA	NA	NA	NA
562.64856	susceptible	susceptible	NA	NA	NA	NA	NA	NA
562.64858	NA	resistant	NA	NA	NA	NA	NA	NA
562.64859	NA	susceptible	NA	NA	NA	NA	NA	NA
562.6486	NA	susceptible	NA	NA	NA	NA	NA	NA
562.64861	resistant	resistant	NA	NA	NA	NA	NA	NA
562.64862	NA	resistant	NA	NA	NA	NA	NA	NA
562.64863	NA	susceptible	NA	NA	NA	NA	NA	NA
562.64857	NA	susceptible	NA	NA	NA	NA	NA	NA
562.64848	NA	susceptible	NA	NA	NA	NA	NA	NA
562.64847	NA	resistant	NA	NA	NA	NA	NA	NA
562.64846	NA	susceptible	NA	NA	NA	NA	NA	NA
562.64831	resistant	resistant	NA	NA	NA	NA	NA	NA
562.64832	NA	resistant	NA	NA	NA	NA	NA	NA
562.64833	NA	resistant	NA	NA	NA	NA	NA	NA
562.64834	NA	resistant	NA	NA	NA	NA	NA	NA
562.64835	NA	susceptible	NA	NA	NA	NA	NA	NA
562.64836	NA	resistant	NA	NA	NA	NA	NA	NA
562.64837	NA	susceptible	NA	NA	NA	NA	NA	NA
562.64838	NA	susceptible	NA	NA	NA	NA	NA	NA
562.64839	susceptible	resistant	NA	NA	NA	NA	NA	NA
562.6484	NA	susceptible	NA	NA	NA	NA	NA	NA
562.64841	NA	resistant	NA	NA	NA	NA	NA	NA
562.64842	NA	susceptible	NA	NA	NA	NA	NA	NA
562.64843	NA	resistant	NA	NA	NA	NA	NA	NA
562.64844	NA	resistant	NA	NA	NA	NA	NA	NA
562.64845	NA	resistant	NA	NA	NA	NA	NA	NA
562.64864	resistant	resistant	NA	NA	NA	NA	NA	NA
562.6483	resistant	resistant	NA	NA	NA	NA	NA	NA
562.64865	resistant	resistant	NA	NA	NA	NA	NA	NA
562.64867	NA	susceptible	NA	NA	NA	NA	NA	NA
562.64887	NA	susceptible	NA	NA	NA	NA	NA	NA
562.64889	NA	resistant	NA	NA	NA	NA	NA	NA
562.6489	susceptible	resistant	NA	NA	NA	NA	NA	NA
562.64891	susceptible	susceptible	NA	NA	NA	NA	NA	NA
562.64892	NA	susceptible	NA	NA	NA	NA	NA	NA
562.64893	NA	resistant	NA	NA	NA	NA	NA	NA
562.64886	NA	resistant	NA	NA	NA	NA	NA	NA
562.64894	NA	susceptible	NA	NA	NA	NA	NA	NA
562.64896	resistant	resistant	NA	NA	NA	NA	NA	NA
562.64897	NA	resistant	NA	NA	NA	NA	NA	NA
562.64898	NA	susceptible	NA	NA	NA	NA	NA	NA
562.64899	resistant	resistant	NA	NA	NA	NA	NA	NA
562.649	resistant	resistant	NA	NA	NA	NA	NA	NA
562.64901	NA	susceptible	NA	NA	NA	NA	NA	NA
562.64895	NA	resistant	NA	NA	NA	NA	NA	NA
562.64885	NA	susceptible	NA	NA	NA	NA	NA	NA
562.64884	resistant	resistant	NA	NA	NA	NA	NA	NA
562.64883	susceptible	resistant	NA	NA	NA	NA	NA	NA
562.64868	NA	resistant	NA	NA	NA	NA	NA	NA
562.64869	resistant	resistant	NA	NA	NA	NA	NA	NA
562.6487	resistant	resistant	NA	NA	NA	NA	NA	NA
562.64871	NA	resistant	NA	NA	NA	NA	NA	NA
562.64872	NA	resistant	NA	NA	NA	NA	NA	NA
562.64873	NA	resistant	NA	NA	NA	NA	NA	NA
562.64874	susceptible	resistant	NA	NA	NA	NA	NA	NA
562.64875	susceptible	resistant	NA	NA	NA	NA	NA	NA
562.64876	NA	susceptible	NA	NA	NA	NA	NA	NA
562.64877	NA	susceptible	NA	NA	NA	NA	NA	NA
562.64878	NA	resistant	NA	NA	NA	NA	NA	NA
562.64879	resistant	resistant	NA	NA	NA	NA	NA	NA
562.6488	resistant	resistant	NA	NA	NA	NA	NA	NA
562.64881	NA	resistant	NA	NA	NA	NA	NA	NA
562.64882	NA	susceptible	NA	NA	NA	NA	NA	NA
562.64866	susceptible	resistant	NA	NA	NA	NA	NA	NA
562.64902	NA	resistant	NA	NA	NA	NA	NA	NA
562.64829	NA	susceptible	NA	NA	NA	NA	NA	NA
562.64827	NA	resistant	NA	NA	NA	NA	NA	NA
562.58737	NA	resistant	NA	resistant	resistant	NA	NA	NA
562.58738	NA	resistant	NA	susceptible	resistant	NA	NA	NA
562.58739	NA	resistant	NA	resistant	resistant	NA	NA	NA
562.5874	NA	resistant	NA	resistant	susceptible	NA	susceptible	NA
562.58741	NA	resistant	NA	susceptible	susceptible	NA	NA	NA
562.58742	NA	resistant	NA	susceptible	susceptible	NA	NA	NA
562.58736	NA	resistant	NA	resistant	resistant	NA	NA	NA
562.58743	NA	resistant	NA	susceptible	susceptible	NA	NA	NA
562.58748	NA	resistant	NA	resistant	resistant	NA	NA	NA
562.58749	NA	resistant	NA	resistant	susceptible	NA	NA	NA
562.58752	NA	resistant	NA	susceptible	susceptible	NA	NA	NA
562.58753	NA	resistant	NA	susceptible	susceptible	NA	NA	NA
562.58754	NA	resistant	NA	susceptible	susceptible	NA	NA	NA
562.58755	NA	resistant	NA	susceptible	susceptible	NA	NA	NA
562.58745	NA	resistant	NA	susceptible	susceptible	NA	NA	NA
562.58735	NA	resistant	NA	resistant	resistant	NA	NA	NA
562.58734	NA	resistant	NA	resistant	resistant	NA	NA	NA
562.58732	NA	resistant	NA	resistant	resistant	NA	NA	NA
562.58716	NA	resistant	NA	resistant	susceptible	NA	NA	NA
562.58717	NA	resistant	NA	susceptible	resistant	NA	NA	NA
562.58718	NA	resistant	NA	susceptible	resistant	NA	NA	NA
562.58719	NA	resistant	NA	resistant	susceptible	NA	NA	NA
562.5872	NA	resistant	NA	resistant	resistant	NA	NA	NA
562.58721	NA	resistant	NA	resistant	resistant	NA	NA	NA
562.58722	NA	resistant	NA	resistant	susceptible	NA	NA	NA
562.58723	NA	resistant	NA	resistant	susceptible	NA	NA	NA
562.58725	NA	resistant	NA	resistant	resistant	NA	NA	NA
562.58726	NA	resistant	NA	resistant	susceptible	NA	NA	NA
562.58727	NA	resistant	NA	resistant	resistant	NA	NA	NA
562.58728	NA	resistant	NA	resistant	susceptible	NA	NA	NA
562.58729	NA	resistant	NA	resistant	resistant	NA	NA	NA
562.5873	NA	resistant	NA	resistant	susceptible	NA	NA	NA
562.58731	NA	resistant	NA	resistant	susceptible	NA	NA	NA
562.58757	NA	resistant	NA	susceptible	susceptible	NA	NA	NA
562.64828	NA	resistant	NA	NA	NA	NA	NA	NA
562.58759	NA	resistant	NA	resistant	susceptible	NA	NA	NA
562.58761	NA	resistant	NA	resistant	resistant	NA	NA	NA
562.58782	NA	susceptible	susceptible	susceptible	susceptible	susceptible	susceptible	susceptible
562.58783	NA	susceptible	susceptible	susceptible	susceptible	susceptible	resistant	susceptible
562.58784	NA	resistant	susceptible	susceptible	susceptible	susceptible	resistant	intermediate
562.58785	NA	susceptible	susceptible	susceptible	susceptible	susceptible	susceptible	susceptible
562.58786	NA	resistant	susceptible	susceptible	susceptible	susceptible	resistant	susceptible
562.58787	NA	susceptible	susceptible	susceptible	susceptible	susceptible	resistant	susceptible
562.58781	NA	susceptible	susceptible	susceptible	susceptible	susceptible	susceptible	susceptible
562.58788	NA	susceptible	susceptible	susceptible	susceptible	susceptible	resistant	intermediate
562.5879	NA	susceptible	susceptible	resistant	susceptible	susceptible	resistant	intermediate
562.58791	NA	resistant	susceptible	resistant	susceptible	NA	resistant	resistant
562.58792	NA	susceptible	susceptible	susceptible	susceptible	susceptible	susceptible	susceptible
562.64824	NA	resistant	NA	NA	NA	NA	NA	NA
562.64825	NA	susceptible	NA	NA	NA	NA	NA	NA
562.64826	NA	susceptible	NA	NA	NA	NA	NA	NA
562.58789	NA	susceptible	susceptible	susceptible	susceptible	susceptible	resistant	susceptible
562.5878	NA	susceptible	susceptible	susceptible	susceptible	susceptible	susceptible	susceptible
562.58779	NA	susceptible	susceptible	susceptible	susceptible	susceptible	susceptible	susceptible
562.58778	NA	susceptible	susceptible	susceptible	susceptible	susceptible	susceptible	susceptible
562.58762	NA	resistant	NA	susceptible	susceptible	NA	NA	NA
562.58763	NA	resistant	NA	resistant	resistant	NA	NA	NA
562.58765	NA	resistant	NA	susceptible	resistant	NA	NA	NA
562.58766	NA	resistant	NA	resistant	resistant	NA	NA	NA
562.58767	NA	resistant	NA	susceptible	susceptible	NA	NA	NA
562.58768	NA	resistant	NA	susceptible	susceptible	NA	NA	NA
562.58769	NA	susceptible	susceptible	intermediate	susceptible	NA	resistant	susceptible
562.5877	NA	resistant	susceptible	susceptible	susceptible	susceptible	resistant	intermediate
562.58771	NA	resistant	susceptible	susceptible	susceptible	susceptible	resistant	resistant
562.58772	NA	resistant	susceptible	intermediate	susceptible	susceptible	resistant	intermediate
562.58773	NA	resistant	susceptible	intermediate	susceptible	susceptible	resistant	susceptible
562.58774	NA	susceptible	susceptible	susceptible	susceptible	susceptible	resistant	susceptible
562.58775	NA	resistant	resistant	resistant	resistant	susceptible	resistant	resistant
562.58776	NA	resistant	susceptible	susceptible	susceptible	NA	resistant	susceptible
562.58777	NA	resistant	resistant	susceptible	susceptible	susceptible	resistant	intermediate
562.5876	NA	resistant	NA	susceptible	susceptible	NA	NA	NA
562.64903	resistant	resistant	NA	NA	NA	NA	NA	NA
562.64904	NA	susceptible	NA	NA	NA	NA	NA	NA
562.64905	NA	susceptible	NA	NA	NA	NA	NA	NA
562.64995	NA	resistant	NA	NA	NA	NA	NA	NA
562.64996	NA	resistant	NA	NA	NA	NA	NA	NA
562.64997	NA	susceptible	NA	NA	NA	NA	NA	NA
562.64998	NA	susceptible	NA	NA	NA	NA	NA	NA
562.64999	NA	resistant	NA	NA	NA	NA	NA	NA
562.65	resistant	resistant	NA	NA	NA	NA	NA	NA
562.64994	NA	resistant	NA	NA	NA	NA	NA	NA
562.65001	NA	resistant	NA	NA	NA	NA	NA	NA
562.65003	NA	susceptible	NA	NA	NA	NA	NA	NA
562.65004	NA	resistant	NA	NA	NA	NA	NA	NA
562.65005	NA	susceptible	NA	NA	NA	NA	NA	NA
562.65006	resistant	resistant	NA	NA	NA	NA	NA	NA
562.65007	NA	resistant	NA	NA	NA	NA	NA	NA
562.65008	NA	resistant	NA	NA	NA	NA	NA	NA
562.65002	NA	resistant	NA	NA	NA	NA	NA	NA
562.64993	NA	resistant	NA	NA	NA	NA	NA	NA
562.64992	resistant	resistant	NA	NA	NA	NA	NA	NA
562.64991	NA	susceptible	NA	NA	NA	NA	NA	NA
1328448.3	NA	susceptible	susceptible	NA	susceptible	NA	NA	NA
1328439.3	NA	NA	resistant	NA	NA	NA	NA	NA
562.64978	NA	resistant	NA	NA	NA	NA	NA	NA
562.64979	NA	resistant	NA	NA	NA	NA	NA	NA
562.6498	NA	susceptible	NA	NA	NA	NA	NA	NA
562.64981	susceptible	susceptible	NA	NA	NA	NA	NA	NA
562.64982	NA	resistant	NA	NA	NA	NA	NA	NA
562.64983	susceptible	resistant	NA	NA	NA	NA	NA	NA
562.64984	NA	resistant	NA	NA	NA	NA	NA	NA
562.64985	NA	resistant	NA	NA	NA	NA	NA	NA
562.64986	NA	susceptible	NA	NA	NA	NA	NA	NA
562.64987	NA	susceptible	NA	NA	NA	NA	NA	NA
562.64988	NA	susceptible	NA	NA	NA	NA	NA	NA
562.64989	NA	resistant	NA	NA	NA	NA	NA	NA
562.6499	susceptible	resistant	NA	NA	NA	NA	NA	NA
562.65009	NA	susceptible	NA	NA	NA	NA	NA	NA
1328449.3	NA	NA	susceptible	NA	susceptible	NA	NA	NA
562.6501	NA	susceptible	NA	NA	NA	NA	NA	NA
562.65012	resistant	resistant	NA	NA	NA	NA	NA	NA
562.6503	NA	susceptible	NA	NA	NA	NA	NA	NA
562.65029	NA	susceptible	NA	NA	NA	NA	NA	NA
562.65028	resistant	resistant	NA	NA	NA	NA	NA	NA
562.65027	resistant	resistant	NA	NA	NA	NA	NA	NA
562.65026	NA	susceptible	NA	NA	NA	NA	NA	NA
562.65025	NA	susceptible	NA	NA	NA	NA	NA	NA
562.65031	NA	resistant	NA	NA	NA	NA	NA	NA
562.65024	NA	susceptible	NA	NA	NA	NA	NA	NA
562.65022	susceptible	resistant	NA	NA	NA	NA	NA	NA
562.65021	resistant	resistant	NA	NA	NA	NA	NA	NA
562.6502	NA	susceptible	NA	NA	NA	NA	NA	NA
562.65019	NA	susceptible	NA	NA	NA	NA	NA	NA
562.65018	resistant	resistant	NA	NA	NA	NA	NA	NA
562.65017	resistant	resistant	NA	NA	NA	NA	NA	NA
562.65023	NA	susceptible	NA	NA	NA	NA	NA	NA
562.65032	NA	susceptible	NA	NA	NA	NA	NA	NA
562.65033	susceptible	susceptible	NA	NA	NA	NA	NA	NA
562.65034	NA	resistant	NA	NA	NA	NA	NA	NA
562.65013	NA	resistant	NA	NA	NA	NA	NA	NA
562.65014	NA	resistant	NA	NA	NA	NA	NA	NA
562.65047	NA	susceptible	NA	NA	NA	NA	NA	NA
562.65046	NA	resistant	NA	NA	NA	NA	NA	NA
562.65045	NA	susceptible	NA	NA	NA	NA	NA	NA
562.65044	NA	susceptible	NA	NA	NA	NA	NA	NA
562.65043	NA	susceptible	NA	NA	NA	NA	NA	NA
562.65042	NA	susceptible	NA	NA	NA	NA	NA	NA
562.65041	NA	resistant	NA	NA	NA	NA	NA	NA
562.6504	NA	susceptible	NA	NA	NA	NA	NA	NA
562.65039	NA	resistant	NA	NA	NA	NA	NA	NA
562.65038	NA	susceptible	NA	NA	NA	NA	NA	NA
562.65037	NA	susceptible	NA	NA	NA	NA	NA	NA
562.65036	susceptible	resistant	NA	NA	NA	NA	NA	NA
562.65035	NA	susceptible	NA	NA	NA	NA	NA	NA
562.65011	NA	resistant	NA	NA	NA	NA	NA	NA
1328450.3	NA	NA	susceptible	NA	NA	NA	NA	NA
562.64977	NA	resistant	NA	NA	NA	NA	NA	NA
562.64976	NA	susceptible	NA	NA	NA	NA	NA	NA
562.64926	NA	susceptible	NA	NA	NA	NA	NA	NA
562.64927	NA	susceptible	NA	NA	NA	NA	NA	NA
562.64928	NA	resistant	NA	NA	NA	NA	NA	NA
562.64929	NA	susceptible	NA	NA	NA	NA	NA	NA
562.6493	NA	susceptible	NA	NA	NA	NA	NA	NA
562.64931	susceptible	susceptible	NA	NA	NA	NA	NA	NA
562.64925	NA	susceptible	NA	NA	NA	NA	NA	NA
562.64932	NA	resistant	NA	NA	NA	NA	NA	NA
562.64934	NA	susceptible	NA	NA	NA	NA	NA	NA
562.64935	NA	susceptible	NA	NA	NA	NA	NA	NA
562.64936	NA	resistant	NA	NA	NA	NA	NA	NA
562.64937	NA	susceptible	NA	NA	NA	NA	NA	NA
562.64938	NA	susceptible	NA	NA	NA	NA	NA	NA
562.64939	NA	resistant	NA	NA	NA	NA	NA	NA
562.64933	NA	susceptible	NA	NA	NA	NA	NA	NA
562.64924	NA	resistant	NA	NA	NA	NA	NA	NA
562.64923	NA	resistant	NA	NA	NA	NA	NA	NA
562.64922	NA	resistant	NA	NA	NA	NA	NA	NA
562.64906	resistant	resistant	NA	NA	NA	NA	NA	NA
562.64907	NA	susceptible	NA	NA	NA	NA	NA	NA
562.64908	susceptible	resistant	NA	NA	NA	NA	NA	NA
562.64909	susceptible	susceptible	NA	NA	NA	NA	NA	NA
562.6491	NA	susceptible	NA	NA	NA	NA	NA	NA
562.64912	resistant	resistant	NA	NA	NA	NA	NA	NA
562.64913	NA	resistant	NA	NA	NA	NA	NA	NA
562.64914	NA	susceptible	NA	NA	NA	NA	NA	NA
562.64915	susceptible	resistant	NA	NA	NA	NA	NA	NA
562.64916	NA	resistant	NA	NA	NA	NA	NA	NA
562.64917	susceptible	susceptible	NA	NA	NA	NA	NA	NA
562.64918	NA	resistant	NA	NA	NA	NA	NA	NA
562.64919	NA	susceptible	NA	NA	NA	NA	NA	NA
562.6492	NA	resistant	NA	NA	NA	NA	NA	NA
562.64921	NA	resistant	NA	NA	NA	NA	NA	NA
562.6494	NA	resistant	NA	NA	NA	NA	NA	NA
562.64941	NA	susceptible	NA	NA	NA	NA	NA	NA
562.64942	NA	susceptible	NA	NA	NA	NA	NA	NA
562.64943	NA	susceptible	NA	NA	NA	NA	NA	NA
562.64963	NA	resistant	NA	NA	NA	NA	NA	NA
562.64964	NA	susceptible	NA	NA	NA	NA	NA	NA
562.64965	NA	susceptible	NA	NA	NA	NA	NA	NA
562.64966	NA	resistant	NA	NA	NA	NA	NA	NA
562.64967	resistant	resistant	NA	NA	NA	NA	NA	NA
562.64968	NA	resistant	NA	NA	NA	NA	NA	NA
562.64969	NA	susceptible	NA	NA	NA	NA	NA	NA
562.6497	NA	resistant	NA	NA	NA	NA	NA	NA
562.64971	NA	susceptible	NA	NA	NA	NA	NA	NA
562.64972	resistant	resistant	NA	NA	NA	NA	NA	NA
562.57285	NA	resistant	NA	resistant	susceptible	NA	NA	susceptible
562.57286	NA	resistant	NA	resistant	resistant	NA	NA	resistant
562.64973	NA	susceptible	NA	NA	NA	NA	NA	NA
562.64974	NA	resistant	NA	NA	NA	NA	NA	NA
562.64975	NA	resistant	NA	NA	NA	NA	NA	NA
562.64962	NA	susceptible	NA	NA	NA	NA	NA	NA
562.58714	NA	resistant	NA	resistant	susceptible	NA	NA	NA
562.64961	NA	resistant	NA	NA	NA	NA	NA	NA
562.64959	resistant	resistant	NA	NA	NA	NA	NA	NA
562.64944	susceptible	resistant	NA	NA	NA	NA	NA	NA
562.64945	NA	resistant	NA	NA	NA	NA	NA	NA
562.64946	resistant	resistant	NA	NA	NA	NA	NA	NA
562.64947	NA	susceptible	NA	NA	NA	NA	NA	NA
562.64948	NA	resistant	NA	NA	NA	NA	NA	NA
562.64949	susceptible	resistant	NA	NA	NA	NA	NA	NA
562.6495	NA	resistant	NA	NA	NA	NA	NA	NA
562.64951	NA	resistant	NA	NA	NA	NA	NA	NA
562.64952	NA	susceptible	NA	NA	NA	NA	NA	NA
562.64953	NA	resistant	NA	NA	NA	NA	NA	NA
562.64954	NA	resistant	NA	NA	NA	NA	NA	NA
562.64955	NA	susceptible	NA	NA	NA	NA	NA	NA
562.64956	NA	susceptible	NA	NA	NA	NA	NA	NA
562.64957	resistant	resistant	NA	NA	NA	NA	NA	NA
562.64958	NA	susceptible	NA	NA	NA	NA	NA	NA
562.6496	NA	susceptible	NA	NA	NA	NA	NA	NA
562.58713	NA	resistant	NA	susceptible	susceptible	NA	NA	NA
562.58712	NA	resistant	NA	resistant	susceptible	NA	NA	NA
562.58711	NA	resistant	NA	resistant	susceptible	NA	NA	NA
562.65061	NA	resistant	NA	NA	NA	NA	NA	NA
562.6506	NA	susceptible	NA	NA	NA	NA	NA	NA
562.65059	NA	resistant	NA	NA	NA	NA	NA	NA
562.65058	NA	susceptible	NA	NA	NA	NA	NA	NA
562.65057	NA	resistant	NA	NA	NA	NA	NA	NA
562.65056	NA	resistant	NA	NA	NA	NA	NA	NA
562.65062	NA	resistant	NA	NA	NA	NA	NA	NA
562.65055	susceptible	susceptible	NA	NA	NA	NA	NA	NA
562.65053	NA	resistant	NA	NA	NA	NA	NA	NA
562.65052	NA	susceptible	NA	NA	NA	NA	NA	NA
562.65051	NA	susceptible	NA	NA	NA	NA	NA	NA
562.6505	NA	resistant	NA	NA	NA	NA	NA	NA
562.65049	NA	susceptible	NA	NA	NA	NA	NA	NA
562.65048	NA	susceptible	NA	NA	NA	NA	NA	NA
562.65054	NA	susceptible	NA	NA	NA	NA	NA	NA
562.65063	NA	susceptible	NA	NA	NA	NA	NA	NA
562.65064	resistant	resistant	NA	NA	NA	NA	NA	NA
562.65065	susceptible	susceptible	NA	NA	NA	NA	NA	NA
562.6508	resistant	resistant	NA	NA	NA	NA	NA	NA
562.65079	resistant	resistant	NA	NA	NA	NA	NA	NA
562.65078	NA	susceptible	NA	NA	NA	NA	NA	NA
562.65077	NA	susceptible	NA	NA	NA	NA	NA	NA
562.65076	NA	resistant	NA	NA	NA	NA	NA	NA
562.65075	susceptible	susceptible	NA	NA	NA	NA	NA	NA
562.65074	NA	susceptible	NA	NA	NA	NA	NA	NA
562.65073	resistant	resistant	NA	NA	NA	NA	NA	NA
562.65072	NA	susceptible	NA	NA	NA	NA	NA	NA
562.65071	NA	resistant	NA	NA	NA	NA	NA	NA
562.6507	NA	resistant	NA	NA	NA	NA	NA	NA
562.65069	NA	susceptible	NA	NA	NA	NA	NA	NA
562.65068	NA	susceptible	NA	NA	NA	NA	NA	NA
562.65067	NA	resistant	NA	NA	NA	NA	NA	NA
562.65066	NA	resistant	NA	NA	NA	NA	NA	NA
562.57321	NA	resistant	NA	susceptible	susceptible	NA	NA	susceptible
562.65081	NA	susceptible	NA	NA	NA	NA	NA	NA
562.57322	NA	resistant	NA	susceptible	susceptible	NA	NA	susceptible
562.57324	NA	resistant	NA	susceptible	susceptible	NA	NA	susceptible
562.57375	NA	resistant	NA	resistant	resistant	NA	NA	resistant
562.57376	NA	resistant	NA	susceptible	resistant	NA	NA	resistant
562.57377	NA	resistant	NA	susceptible	resistant	NA	NA	resistant
562.57379	NA	resistant	NA	susceptible	resistant	NA	NA	resistant
562.5738	NA	resistant	NA	resistant	resistant	NA	NA	resistant
562.57381	NA	resistant	NA	susceptible	susceptible	NA	NA	susceptible
562.57374	NA	resistant	NA	resistant	resistant	NA	NA	resistant
562.57382	NA	resistant	NA	resistant	resistant	NA	NA	resistant
562.57384	NA	resistant	NA	resistant	resistant	NA	NA	resistant
562.57385	NA	resistant	NA	susceptible	resistant	NA	NA	resistant
562.57386	NA	resistant	NA	susceptible	resistant	NA	NA	resistant
562.57387	NA	resistant	NA	intermediate	resistant	NA	NA	resistant
562.57388	NA	resistant	NA	resistant	resistant	NA	NA	resistant
562.57389	NA	resistant	NA	susceptible	resistant	NA	NA	resistant
562.57383	NA	resistant	NA	susceptible	resistant	NA	NA	resistant
562.57373	NA	resistant	NA	resistant	resistant	NA	NA	resistant
562.57372	NA	resistant	NA	resistant	resistant	NA	NA	resistant
562.57371	NA	resistant	NA	resistant	resistant	NA	NA	resistant
562.57325	NA	resistant	NA	susceptible	susceptible	NA	NA	susceptible
562.57326	NA	resistant	NA	susceptible	resistant	NA	NA	resistant
562.57327	NA	resistant	NA	susceptible	susceptible	NA	NA	susceptible
562.57328	NA	resistant	NA	susceptible	susceptible	NA	NA	susceptible
562.57329	NA	susceptible	NA	susceptible	susceptible	NA	NA	susceptible
562.5733	NA	resistant	NA	susceptible	susceptible	NA	NA	susceptible
562.57331	NA	resistant	NA	susceptible	susceptible	NA	NA	resistant
562.57363	NA	resistant	NA	susceptible	resistant	NA	NA	intermediate
562.57364	NA	resistant	NA	susceptible	resistant	NA	NA	intermediate
562.57365	NA	resistant	NA	resistant	resistant	NA	NA	resistant
562.57366	NA	resistant	NA	susceptible	susceptible	NA	NA	susceptible
562.57367	NA	resistant	NA	resistant	resistant	NA	NA	resistant
562.57368	NA	resistant	NA	resistant	resistant	NA	NA	resistant
562.57369	NA	resistant	NA	resistant	resistant	NA	NA	resistant
562.5737	NA	resistant	NA	resistant	resistant	NA	NA	resistant
562.57323	NA	resistant	NA	susceptible	susceptible	NA	NA	susceptible
562.65082	NA	resistant	NA	NA	NA	NA	NA	NA
562.65083	susceptible	susceptible	NA	NA	NA	NA	NA	NA
562.65084	resistant	resistant	NA	NA	NA	NA	NA	NA
562.65138	susceptible	resistant	NA	NA	NA	NA	NA	NA
562.65137	NA	susceptible	NA	NA	NA	NA	NA	NA
562.65136	susceptible	resistant	NA	NA	NA	NA	NA	NA
562.65135	NA	resistant	NA	NA	NA	NA	NA	NA
562.65134	resistant	resistant	NA	NA	NA	NA	NA	NA
562.65133	NA	resistant	NA	NA	NA	NA	NA	NA
562.65139	NA	susceptible	NA	NA	NA	NA	NA	NA
562.65132	NA	susceptible	NA	NA	NA	NA	NA	NA
562.6513	NA	susceptible	NA	NA	NA	NA	NA	NA
562.65129	NA	susceptible	NA	NA	NA	NA	NA	NA
562.65128	resistant	resistant	NA	NA	NA	NA	NA	NA
562.65127	susceptible	resistant	NA	NA	NA	NA	NA	NA
562.65126	susceptible	resistant	NA	NA	NA	NA	NA	NA
562.65125	NA	resistant	NA	NA	NA	NA	NA	NA
562.65131	NA	resistant	NA	NA	NA	NA	NA	NA
562.6514	NA	susceptible	NA	NA	NA	NA	NA	NA
562.65141	NA	resistant	NA	NA	NA	NA	NA	NA
562.65142	NA	susceptible	NA	NA	NA	NA	NA	NA
562.65157	susceptible	susceptible	NA	NA	NA	NA	NA	NA
562.65156	NA	resistant	NA	NA	NA	NA	NA	NA
562.65155	resistant	resistant	NA	NA	NA	NA	NA	NA
562.65154	NA	resistant	NA	NA	NA	NA	NA	NA
562.65153	resistant	resistant	NA	NA	NA	NA	NA	NA
562.65152	NA	resistant	NA	NA	NA	NA	NA	NA
562.65151	NA	susceptible	NA	NA	NA	NA	NA	NA
562.6515	resistant	resistant	NA	NA	NA	NA	NA	NA
562.65149	NA	susceptible	NA	NA	NA	NA	NA	NA
562.65148	NA	susceptible	NA	NA	NA	NA	NA	NA
562.65147	NA	susceptible	NA	NA	NA	NA	NA	NA
562.65146	susceptible	resistant	NA	NA	NA	NA	NA	NA
562.65145	susceptible	resistant	NA	NA	NA	NA	NA	NA
562.65144	NA	resistant	NA	NA	NA	NA	NA	NA
562.65143	resistant	resistant	NA	NA	NA	NA	NA	NA
562.65124	NA	resistant	NA	NA	NA	NA	NA	NA
562.65123	resistant	resistant	NA	NA	NA	NA	NA	NA
562.65122	NA	resistant	NA	NA	NA	NA	NA	NA
562.65121	NA	resistant	NA	NA	NA	NA	NA	NA
562.651	NA	resistant	NA	NA	NA	NA	NA	NA
562.65099	NA	susceptible	NA	NA	NA	NA	NA	NA
562.65098	NA	resistant	NA	NA	NA	NA	NA	NA
562.65097	NA	resistant	NA	NA	NA	NA	NA	NA
562.65095	NA	resistant	NA	NA	NA	NA	NA	NA
562.65094	susceptible	susceptible	NA	NA	NA	NA	NA	NA
562.65093	NA	susceptible	NA	NA	NA	NA	NA	NA
562.65092	NA	resistant	NA	NA	NA	NA	NA	NA
562.65091	resistant	resistant	NA	NA	NA	NA	NA	NA
562.6509	NA	resistant	NA	NA	NA	NA	NA	NA
562.65089	NA	resistant	NA	NA	NA	NA	NA	NA
562.65088	NA	resistant	NA	NA	NA	NA	NA	NA
562.65087	resistant	resistant	NA	NA	NA	NA	NA	NA
562.65086	NA	resistant	NA	NA	NA	NA	NA	NA
562.65085	NA	resistant	NA	NA	NA	NA	NA	NA
562.65102	NA	susceptible	NA	NA	NA	NA	NA	NA
562.5739	NA	resistant	NA	resistant	resistant	NA	NA	resistant
562.65103	NA	resistant	NA	NA	NA	NA	NA	NA
562.65105	NA	susceptible	NA	NA	NA	NA	NA	NA
562.6512	resistant	resistant	NA	NA	NA	NA	NA	NA
562.65119	NA	resistant	NA	NA	NA	NA	NA	NA
562.65118	resistant	resistant	NA	NA	NA	NA	NA	NA
562.65117	NA	resistant	NA	NA	NA	NA	NA	NA
562.65116	susceptible	resistant	NA	NA	NA	NA	NA	NA
562.65115	NA	susceptible	NA	NA	NA	NA	NA	NA
562.65114	NA	susceptible	NA	NA	NA	NA	NA	NA
562.65113	NA	resistant	NA	NA	NA	NA	NA	NA
562.65112	resistant	resistant	NA	NA	NA	NA	NA	NA
562.65111	NA	resistant	NA	NA	NA	NA	NA	NA
562.6511	resistant	resistant	NA	NA	NA	NA	NA	NA
562.65109	NA	resistant	NA	NA	NA	NA	NA	NA
562.65108	NA	susceptible	NA	NA	NA	NA	NA	NA
562.65107	NA	susceptible	NA	NA	NA	NA	NA	NA
562.65106	NA	susceptible	NA	NA	NA	NA	NA	NA
562.65104	NA	resistant	NA	NA	NA	NA	NA	NA
562.65015	resistant	resistant	NA	NA	NA	NA	NA	NA
562.57391	NA	resistant	NA	susceptible	resistant	NA	NA	susceptible
562.57393	NA	resistant	NA	resistant	susceptible	NA	NA	susceptible
562.57492	NA	resistant	NA	resistant	resistant	NA	NA	resistant
562.57493	NA	resistant	NA	resistant	resistant	NA	NA	resistant
562.57494	NA	resistant	NA	resistant	resistant	NA	NA	resistant
562.57495	NA	resistant	NA	resistant	resistant	NA	NA	resistant
562.57496	NA	resistant	NA	resistant	susceptible	NA	NA	susceptible
562.57497	NA	resistant	NA	resistant	susceptible	NA	NA	susceptible
562.57491	NA	resistant	NA	resistant	resistant	NA	NA	resistant
562.57498	NA	resistant	NA	resistant	resistant	NA	NA	resistant
562.575	NA	resistant	NA	resistant	resistant	NA	NA	resistant
562.57501	NA	resistant	NA	intermediate	resistant	NA	NA	resistant
562.57502	NA	resistant	NA	resistant	susceptible	NA	NA	susceptible
562.57503	NA	resistant	NA	susceptible	resistant	NA	NA	resistant
562.57504	NA	resistant	NA	resistant	resistant	NA	NA	resistant
562.57505	NA	resistant	NA	resistant	susceptible	NA	NA	susceptible
562.57499	NA	resistant	NA	resistant	resistant	NA	NA	resistant
562.5749	NA	resistant	NA	susceptible	susceptible	NA	NA	susceptible
562.57489	NA	resistant	NA	resistant	susceptible	NA	NA	susceptible
562.57488	NA	resistant	NA	resistant	intermediate	NA	NA	susceptible
562.57473	NA	resistant	NA	resistant	susceptible	NA	NA	susceptible
562.57474	NA	resistant	NA	resistant	susceptible	NA	NA	susceptible
562.57475	NA	resistant	NA	resistant	resistant	NA	NA	intermediate
562.57476	NA	resistant	NA	intermediate	resistant	NA	NA	resistant
562.57477	NA	resistant	NA	intermediate	resistant	NA	NA	resistant
562.57478	NA	resistant	NA	resistant	resistant	NA	NA	resistant
562.57479	NA	resistant	NA	resistant	resistant	NA	NA	resistant
562.5748	NA	resistant	NA	resistant	susceptible	NA	NA	resistant
562.57481	NA	resistant	NA	resistant	resistant	NA	NA	resistant
562.57482	NA	resistant	NA	susceptible	susceptible	NA	NA	susceptible
562.57483	NA	resistant	NA	resistant	resistant	NA	NA	resistant
562.57484	NA	resistant	NA	resistant	resistant	NA	NA	resistant
562.57485	NA	resistant	NA	resistant	resistant	NA	NA	resistant
562.57486	NA	resistant	NA	resistant	resistant	NA	NA	resistant
562.57487	NA	resistant	NA	resistant	resistant	NA	NA	resistant
562.57506	NA	resistant	NA	resistant	resistant	NA	NA	resistant
562.57472	NA	resistant	NA	resistant	resistant	NA	NA	resistant
562.57507	NA	resistant	NA	resistant	resistant	NA	NA	resistant
562.57509	NA	resistant	NA	resistant	susceptible	NA	NA	susceptible
562.5867	NA	NA	NA	NA	NA	NA	NA	NA
562.58671	NA	NA	NA	NA	NA	NA	NA	NA
562.58673	NA	NA	NA	NA	NA	NA	NA	NA
562.58675	NA	NA	NA	NA	NA	NA	NA	NA
562.58676	NA	NA	NA	NA	NA	NA	NA	NA
562.58678	NA	NA	NA	NA	NA	NA	NA	NA
562.58663	NA	NA	NA	NA	NA	NA	NA	NA
562.5868	NA	NA	NA	NA	NA	NA	NA	NA
562.58704	NA	resistant	NA	susceptible	resistant	NA	NA	NA
562.58705	NA	resistant	NA	resistant	susceptible	NA	NA	NA
562.58706	NA	resistant	NA	resistant	susceptible	NA	NA	NA
562.58707	NA	resistant	NA	resistant	susceptible	NA	NA	NA
562.58709	NA	resistant	NA	resistant	susceptible	NA	NA	NA
562.5871	NA	resistant	NA	resistant	susceptible	NA	NA	NA
562.58681	NA	NA	NA	NA	NA	NA	NA	NA
562.58651	NA	NA	susceptible	NA	NA	NA	NA	NA
562.5865	NA	NA	susceptible	NA	NA	NA	NA	NA
562.58649	NA	NA	resistant	NA	NA	NA	NA	NA
562.5751	NA	resistant	NA	resistant	resistant	NA	NA	resistant
562.58623	NA	NA	susceptible	NA	NA	NA	NA	NA
562.58625	NA	NA	resistant	NA	NA	NA	NA	NA
562.58626	NA	NA	resistant	NA	NA	NA	NA	NA
562.58627	NA	NA	resistant	NA	NA	NA	NA	NA
562.58628	NA	NA	resistant	NA	NA	NA	NA	NA
562.5863	NA	NA	resistant	NA	NA	NA	NA	NA
562.58631	NA	NA	resistant	NA	NA	NA	NA	NA
562.58633	NA	NA	resistant	NA	NA	NA	NA	NA
562.58634	NA	NA	resistant	NA	NA	NA	NA	NA
562.58635	NA	NA	resistant	NA	NA	NA	NA	NA
562.5864	NA	NA	susceptible	NA	NA	NA	NA	NA
562.58646	NA	NA	susceptible	NA	NA	NA	NA	NA
562.58647	NA	NA	susceptible	NA	NA	NA	NA	NA
562.58648	NA	NA	resistant	NA	NA	NA	NA	NA
562.57508	NA	resistant	NA	resistant	resistant	NA	NA	resistant
562.57471	NA	resistant	NA	resistant	susceptible	NA	NA	susceptible
562.5747	NA	resistant	NA	resistant	susceptible	NA	NA	resistant
562.57469	NA	resistant	NA	resistant	resistant	NA	NA	resistant
562.57413	NA	resistant	NA	susceptible	resistant	NA	NA	resistant
562.57414000000006	NA	resistant	NA	susceptible	resistant	NA	NA	resistant
562.57415	NA	resistant	NA	susceptible	susceptible	NA	NA	susceptible
562.57416	NA	resistant	NA	susceptible	resistant	NA	NA	resistant
562.57417	NA	resistant	NA	resistant	resistant	NA	NA	resistant
562.57418	NA	resistant	NA	susceptible	resistant	NA	NA	resistant
562.57412	NA	resistant	NA	resistant	susceptible	NA	NA	resistant
562.5742	NA	resistant	NA	susceptible	resistant	NA	NA	resistant
562.57422	NA	resistant	NA	susceptible	susceptible	NA	NA	susceptible
562.57422999999994	NA	resistant	NA	intermediate	susceptible	NA	NA	susceptible
562.57424	NA	resistant	NA	susceptible	resistant	NA	NA	resistant
562.57426	NA	resistant	NA	susceptible	resistant	NA	NA	resistant
562.57428	NA	resistant	NA	resistant	resistant	NA	NA	resistant
562.57429	NA	resistant	NA	resistant	susceptible	NA	NA	susceptible
562.57421	NA	resistant	NA	susceptible	resistant	NA	NA	resistant
562.57411	NA	resistant	NA	susceptible	resistant	NA	NA	resistant
562.5741	NA	resistant	NA	resistant	resistant	NA	NA	resistant
562.57409	NA	resistant	NA	resistant	resistant	NA	NA	resistant
562.57394	NA	resistant	NA	resistant	resistant	NA	NA	resistant
562.57395	NA	resistant	NA	intermediate	resistant	NA	NA	resistant
562.57396	NA	resistant	NA	resistant	resistant	NA	NA	intermediate
562.57397	NA	resistant	NA	intermediate	resistant	NA	NA	intermediate
562.57398	NA	resistant	NA	resistant	susceptible	NA	NA	susceptible
562.57399	NA	resistant	NA	resistant	resistant	NA	NA	resistant
562.574	NA	resistant	NA	susceptible	susceptible	NA	NA	susceptible
562.57401	NA	resistant	NA	susceptible	resistant	NA	NA	resistant
562.57402	NA	resistant	NA	susceptible	resistant	NA	NA	resistant
562.57403	NA	resistant	NA	resistant	susceptible	NA	NA	susceptible
562.57404	NA	resistant	NA	resistant	resistant	NA	NA	resistant
562.57405	NA	resistant	NA	resistant	resistant	NA	NA	resistant
562.57406	NA	resistant	NA	resistant	susceptible	NA	NA	susceptible
562.57407	NA	resistant	NA	susceptible	resistant	NA	NA	resistant
562.57408	NA	resistant	NA	intermediate	resistant	NA	NA	intermediate
562.5743	NA	resistant	NA	susceptible	susceptible	NA	NA	susceptible
562.57431	NA	resistant	NA	susceptible	resistant	NA	NA	resistant
562.57432	NA	resistant	NA	resistant	resistant	NA	NA	intermediate
562.57433	NA	resistant	NA	susceptible	resistant	NA	NA	resistant
562.57454	NA	resistant	NA	susceptible	resistant	NA	NA	resistant
562.57455	NA	resistant	NA	resistant	resistant	NA	NA	resistant
562.57456	NA	resistant	NA	resistant	resistant	NA	NA	resistant
562.57457	NA	resistant	NA	resistant	resistant	NA	NA	resistant
562.57458	NA	resistant	NA	resistant	susceptible	NA	NA	susceptible
562.57459	NA	resistant	NA	resistant	resistant	NA	NA	resistant
562.5746	NA	resistant	NA	susceptible	resistant	NA	NA	resistant
562.57461	NA	resistant	NA	resistant	intermediate	NA	NA	resistant
562.57462	NA	resistant	NA	resistant	resistant	NA	NA	resistant
562.57463	NA	resistant	NA	resistant	resistant	NA	NA	resistant
562.57464	NA	resistant	NA	resistant	resistant	NA	NA	resistant
562.57465	NA	resistant	NA	resistant	resistant	NA	NA	resistant
562.57466	NA	resistant	NA	susceptible	resistant	NA	NA	susceptible
562.57467	NA	resistant	NA	susceptible	resistant	NA	NA	resistant
562.57468	NA	resistant	NA	susceptible	susceptible	NA	NA	resistant
562.57453	NA	resistant	NA	resistant	resistant	NA	NA	resistant
562.57392	NA	resistant	NA	susceptible	resistant	NA	NA	resistant
562.57452	NA	resistant	NA	resistant	susceptible	NA	NA	susceptible
562.5745	NA	resistant	NA	resistant	resistant	NA	NA	resistant
562.57434	NA	resistant	NA	susceptible	susceptible	NA	NA	susceptible
562.57435	NA	resistant	NA	susceptible	resistant	NA	NA	resistant
562.57436	NA	resistant	NA	resistant	susceptible	NA	NA	susceptible
562.57437	NA	resistant	NA	susceptible	resistant	NA	NA	resistant
562.57438	NA	resistant	NA	susceptible	resistant	NA	NA	susceptible
562.57439	NA	resistant	NA	susceptible	susceptible	NA	NA	susceptible
562.5744	NA	resistant	NA	resistant	resistant	NA	NA	resistant
562.57441	NA	resistant	NA	resistant	resistant	NA	NA	intermediate
562.57442	NA	resistant	NA	susceptible	resistant	NA	NA	intermediate
562.57444	NA	resistant	NA	resistant	resistant	NA	NA	resistant
562.57445	NA	resistant	NA	intermediate	resistant	NA	NA	resistant
562.57446	NA	resistant	NA	resistant	resistant	NA	NA	resistant
562.57447	NA	resistant	NA	resistant	resistant	NA	NA	resistant
562.57448	NA	resistant	NA	resistant	resistant	NA	NA	resistant
562.57449	NA	resistant	NA	resistant	resistant	NA	NA	intermediate
562.57451	NA	resistant	NA	resistant	resistant	NA	NA	resistant
562.65729	NA	susceptible	NA	NA	NA	NA	NA	NA
562.22793	NA	resistant	NA	susceptible	susceptible	NA	NA	susceptible
562.65731	NA	susceptible	NA	NA	NA	NA	NA	NA
562.23276	susceptible	NA	NA	susceptible	susceptible	NA	NA	NA
562.23275	resistant	NA	NA	susceptible	susceptible	NA	NA	NA
562.23274	resistant	NA	NA	susceptible	susceptible	NA	NA	NA
562.23273	resistant	NA	NA	resistant	susceptible	NA	NA	NA
562.23272	resistant	NA	NA	resistant	susceptible	NA	NA	NA
562.23271	susceptible	NA	NA	susceptible	susceptible	NA	NA	NA
562.2327	resistant	NA	NA	susceptible	susceptible	NA	NA	NA
562.23277	susceptible	NA	NA	susceptible	susceptible	NA	NA	NA
562.23269	susceptible	NA	NA	susceptible	susceptible	NA	NA	NA
562.23267	susceptible	NA	NA	susceptible	susceptible	NA	NA	NA
562.23266	susceptible	NA	NA	susceptible	susceptible	NA	NA	NA
562.23265	susceptible	NA	NA	susceptible	susceptible	NA	NA	NA
562.23264	resistant	NA	NA	susceptible	susceptible	NA	NA	NA
562.23263	susceptible	NA	NA	susceptible	susceptible	NA	NA	NA
562.23262	susceptible	NA	NA	susceptible	susceptible	NA	NA	NA
562.23261	resistant	NA	NA	resistant	susceptible	NA	NA	NA
562.23268	susceptible	NA	NA	susceptible	susceptible	NA	NA	NA
562.23278	resistant	NA	NA	susceptible	susceptible	NA	NA	NA
562.23279	resistant	NA	NA	susceptible	susceptible	NA	NA	NA
562.2328	susceptible	NA	NA	susceptible	susceptible	NA	NA	NA
562.23297	resistant	NA	NA	susceptible	susceptible	NA	NA	NA
562.23296	resistant	NA	NA	susceptible	susceptible	NA	NA	NA
562.23295	resistant	NA	NA	susceptible	susceptible	NA	NA	NA
562.23294	resistant	NA	NA	susceptible	susceptible	NA	NA	NA
562.23293	resistant	NA	NA	susceptible	susceptible	NA	NA	NA
562.23292	resistant	NA	NA	susceptible	susceptible	NA	NA	NA
562.23291	resistant	NA	NA	susceptible	susceptible	NA	NA	NA
562.2329	susceptible	NA	NA	susceptible	susceptible	NA	NA	NA
562.23289	resistant	NA	NA	susceptible	susceptible	NA	NA	NA
562.23288	resistant	NA	NA	resistant	susceptible	NA	NA	NA
562.23287	resistant	NA	NA	resistant	susceptible	NA	NA	NA
562.23286	resistant	NA	NA	resistant	resistant	NA	NA	NA
562.23285	resistant	NA	NA	susceptible	susceptible	NA	NA	NA
562.23284	resistant	NA	NA	resistant	resistant	NA	NA	NA
562.23283	susceptible	NA	NA	susceptible	susceptible	NA	NA	NA
562.23282	resistant	NA	NA	resistant	susceptible	NA	NA	NA
562.23281	susceptible	NA	NA	susceptible	susceptible	NA	NA	NA
562.2326	resistant	NA	NA	susceptible	susceptible	NA	NA	NA
562.23259	resistant	NA	NA	resistant	susceptible	NA	NA	NA
562.23258	resistant	NA	NA	susceptible	susceptible	NA	NA	NA
562.23257	susceptible	NA	NA	susceptible	susceptible	NA	NA	NA
562.23235	resistant	NA	NA	susceptible	susceptible	NA	NA	NA
562.23234	susceptible	NA	NA	susceptible	susceptible	NA	NA	NA
562.23233	resistant	NA	NA	resistant	susceptible	NA	NA	NA
562.23232	susceptible	NA	NA	susceptible	susceptible	NA	NA	NA
562.23231	resistant	NA	NA	resistant	resistant	NA	NA	NA
562.2323	susceptible	NA	NA	susceptible	susceptible	NA	NA	NA
562.23229	resistant	NA	NA	resistant	susceptible	NA	NA	NA
562.23228	resistant	NA	NA	susceptible	susceptible	NA	NA	NA
562.23227	susceptible	NA	NA	susceptible	susceptible	NA	NA	NA
562.23226	resistant	NA	NA	resistant	resistant	NA	NA	NA
562.23225	susceptible	NA	NA	susceptible	susceptible	NA	NA	NA
562.23224	susceptible	NA	NA	susceptible	susceptible	NA	NA	NA
562.23223	resistant	NA	NA	susceptible	susceptible	NA	NA	NA
562.23222	resistant	NA	NA	susceptible	susceptible	NA	NA	NA
562.23221	susceptible	NA	NA	susceptible	susceptible	NA	NA	NA
562.2322	susceptible	NA	NA	susceptible	susceptible	NA	NA	NA
562.23219	resistant	NA	NA	susceptible	susceptible	NA	NA	NA
562.23236	susceptible	NA	NA	susceptible	susceptible	NA	NA	NA
562.23298	susceptible	NA	NA	susceptible	susceptible	NA	NA	NA
562.23237	resistant	NA	NA	susceptible	susceptible	NA	NA	NA
562.23239	resistant	NA	NA	resistant	resistant	NA	NA	NA
562.23256	susceptible	NA	NA	susceptible	susceptible	NA	NA	NA
562.23255	resistant	NA	NA	resistant	susceptible	NA	NA	NA
562.23254	susceptible	NA	NA	susceptible	susceptible	NA	NA	NA
562.23253	susceptible	NA	NA	susceptible	susceptible	NA	NA	NA
562.23252	resistant	NA	NA	susceptible	susceptible	NA	NA	NA
562.23251	susceptible	NA	NA	susceptible	susceptible	NA	NA	NA
562.2325	resistant	NA	NA	susceptible	susceptible	NA	NA	NA
562.23249	resistant	NA	NA	susceptible	susceptible	NA	NA	NA
562.23248	susceptible	NA	NA	resistant	susceptible	NA	NA	NA
562.23247	susceptible	NA	NA	susceptible	susceptible	NA	NA	NA
562.23246	resistant	NA	NA	susceptible	resistant	NA	NA	NA
562.23245	resistant	NA	NA	susceptible	susceptible	NA	NA	NA
562.23244	susceptible	NA	NA	susceptible	susceptible	NA	NA	NA
562.23243	susceptible	NA	NA	susceptible	susceptible	NA	NA	NA
562.23242	resistant	NA	NA	susceptible	susceptible	NA	NA	NA
562.23241	susceptible	NA	NA	susceptible	susceptible	NA	NA	NA
562.2324	resistant	NA	NA	susceptible	resistant	NA	NA	NA
562.23238	susceptible	NA	NA	susceptible	susceptible	NA	NA	NA
562.23218	resistant	NA	NA	susceptible	susceptible	NA	NA	NA
562.23299	susceptible	NA	NA	susceptible	susceptible	NA	NA	NA
562.23301	susceptible	NA	NA	susceptible	susceptible	NA	NA	NA
562.23359	resistant	NA	NA	resistant	susceptible	NA	NA	NA
562.23358	susceptible	NA	NA	susceptible	susceptible	NA	NA	NA
562.23357	susceptible	NA	NA	susceptible	susceptible	NA	NA	NA
562.23356	resistant	NA	NA	resistant	resistant	NA	NA	NA
562.23355	susceptible	NA	NA	resistant	intermediate	NA	NA	NA
562.23354	susceptible	NA	NA	susceptible	susceptible	NA	NA	NA
562.23353	resistant	NA	NA	susceptible	susceptible	NA	NA	NA
562.2336	susceptible	NA	NA	susceptible	susceptible	NA	NA	NA
562.23352	susceptible	NA	NA	susceptible	susceptible	NA	NA	NA
562.2335	resistant	NA	NA	susceptible	susceptible	NA	NA	NA
562.23349	resistant	NA	NA	susceptible	susceptible	NA	NA	NA
562.23348	resistant	NA	NA	resistant	susceptible	NA	NA	NA
562.23347	resistant	NA	NA	susceptible	susceptible	NA	NA	NA
562.23346	susceptible	NA	NA	susceptible	susceptible	NA	NA	NA
562.23345	resistant	NA	NA	susceptible	resistant	NA	NA	NA
562.23344	resistant	NA	NA	resistant	susceptible	NA	NA	NA
562.23351	resistant	NA	NA	resistant	intermediate	NA	NA	NA
562.23361	susceptible	NA	NA	susceptible	susceptible	NA	NA	NA
562.23362	resistant	NA	NA	susceptible	susceptible	NA	NA	NA
562.23363	resistant	NA	NA	susceptible	susceptible	NA	NA	NA
562.2338	susceptible	NA	NA	susceptible	susceptible	NA	NA	NA
562.23379	resistant	NA	NA	susceptible	susceptible	NA	NA	NA
562.23378	susceptible	NA	NA	susceptible	susceptible	NA	NA	NA
562.23377	resistant	NA	NA	resistant	susceptible	NA	NA	NA
562.23376	resistant	NA	NA	susceptible	susceptible	NA	NA	NA
562.23375	resistant	NA	NA	resistant	susceptible	NA	NA	NA
562.23374	susceptible	NA	NA	susceptible	susceptible	NA	NA	NA
562.23373	resistant	NA	NA	resistant	susceptible	NA	NA	NA
562.23372	resistant	NA	NA	susceptible	susceptible	NA	NA	NA
562.23371	resistant	NA	NA	resistant	resistant	NA	NA	NA
562.2337	susceptible	NA	NA	susceptible	susceptible	NA	NA	NA
562.23369	resistant	NA	NA	resistant	resistant	NA	NA	NA
562.23368	susceptible	NA	NA	susceptible	susceptible	NA	NA	NA
562.23367	resistant	NA	NA	resistant	resistant	NA	NA	NA
562.23366	susceptible	NA	NA	susceptible	susceptible	NA	NA	NA
562.23365	resistant	NA	NA	resistant	susceptible	NA	NA	NA
562.23364	susceptible	NA	NA	susceptible	susceptible	NA	NA	NA
562.23343	resistant	NA	NA	susceptible	susceptible	NA	NA	NA
562.23342	resistant	NA	NA	susceptible	resistant	NA	NA	NA
562.23341	resistant	NA	NA	susceptible	susceptible	NA	NA	NA
562.2334	resistant	NA	NA	susceptible	susceptible	NA	NA	NA
562.23318	susceptible	NA	NA	susceptible	susceptible	NA	NA	NA
562.23317	resistant	NA	NA	resistant	resistant	NA	NA	NA
562.23316	resistant	NA	NA	susceptible	susceptible	NA	NA	NA
562.23315	resistant	NA	NA	susceptible	susceptible	NA	NA	NA
562.23314	resistant	NA	NA	resistant	resistant	NA	NA	NA
562.23313	resistant	NA	NA	susceptible	susceptible	NA	NA	NA
562.23312	resistant	NA	NA	susceptible	susceptible	NA	NA	NA
562.23311	resistant	NA	NA	resistant	resistant	NA	NA	NA
562.2331	susceptible	NA	NA	susceptible	susceptible	NA	NA	NA
562.23309	susceptible	NA	NA	susceptible	susceptible	NA	NA	NA
562.23308	resistant	NA	NA	susceptible	susceptible	NA	NA	NA
562.23307	resistant	NA	NA	resistant	intermediate	NA	NA	NA
562.23306	resistant	NA	NA	resistant	susceptible	NA	NA	NA
562.23305	resistant	NA	NA	resistant	resistant	NA	NA	NA
562.23304	susceptible	NA	NA	susceptible	susceptible	NA	NA	NA
562.23303	resistant	NA	NA	susceptible	susceptible	NA	NA	NA
562.23302	resistant	NA	NA	susceptible	susceptible	NA	NA	NA
562.23319	susceptible	NA	NA	susceptible	susceptible	NA	NA	NA
562.233	susceptible	NA	NA	susceptible	susceptible	NA	NA	NA
562.2332	resistant	NA	NA	susceptible	susceptible	NA	NA	NA
562.23322	susceptible	NA	NA	susceptible	susceptible	NA	NA	NA
562.23339	susceptible	NA	NA	susceptible	susceptible	NA	NA	NA
562.23338	resistant	NA	NA	resistant	susceptible	NA	NA	NA
562.23337	susceptible	NA	NA	susceptible	intermediate	NA	NA	NA
562.23336	resistant	NA	NA	susceptible	susceptible	NA	NA	NA
562.23335	susceptible	NA	NA	susceptible	susceptible	NA	NA	NA
562.23334	resistant	NA	NA	susceptible	susceptible	NA	NA	NA
562.23333	resistant	NA	NA	susceptible	susceptible	NA	NA	NA
562.23332	resistant	NA	NA	susceptible	susceptible	NA	NA	NA
562.23331	resistant	NA	NA	susceptible	susceptible	NA	NA	NA
562.2333	resistant	NA	NA	resistant	susceptible	NA	NA	NA
562.23329	resistant	NA	NA	susceptible	susceptible	NA	NA	NA
562.23328	resistant	NA	NA	susceptible	susceptible	NA	NA	NA
562.23327	resistant	NA	NA	susceptible	susceptible	NA	NA	NA
562.23326	susceptible	NA	NA	susceptible	susceptible	NA	NA	NA
562.23325	resistant	NA	NA	susceptible	susceptible	NA	NA	NA
562.23324	susceptible	NA	NA	susceptible	susceptible	NA	NA	NA
562.23323	susceptible	NA	NA	susceptible	susceptible	NA	NA	NA
562.23321	resistant	NA	NA	resistant	susceptible	NA	NA	NA
562.23217	resistant	NA	NA	susceptible	susceptible	NA	NA	NA
562.23216	susceptible	NA	NA	susceptible	susceptible	NA	NA	NA
562.23215	resistant	NA	NA	susceptible	susceptible	NA	NA	NA
562.23109	susceptible	NA	NA	susceptible	susceptible	NA	NA	NA
562.23108	resistant	NA	NA	resistant	resistant	NA	NA	NA
562.23107	susceptible	NA	NA	susceptible	susceptible	NA	NA	NA
562.23106	susceptible	NA	NA	susceptible	susceptible	NA	NA	NA
562.23105	resistant	NA	NA	susceptible	susceptible	NA	NA	NA
562.23104	susceptible	NA	NA	susceptible	susceptible	NA	NA	NA
562.23103	resistant	NA	NA	susceptible	susceptible	NA	NA	NA
562.2311	susceptible	NA	NA	susceptible	susceptible	NA	NA	NA
562.23102	resistant	NA	NA	susceptible	susceptible	NA	NA	NA
562.231	susceptible	NA	NA	resistant	susceptible	NA	NA	NA
562.23099	susceptible	NA	NA	susceptible	susceptible	NA	NA	NA
562.23098	resistant	NA	NA	resistant	susceptible	NA	NA	NA
562.23097	resistant	NA	NA	susceptible	susceptible	NA	NA	NA
562.23096	resistant	NA	NA	resistant	resistant	NA	NA	NA
562.23095	susceptible	NA	NA	resistant	susceptible	NA	NA	NA
562.23094	susceptible	NA	NA	susceptible	susceptible	NA	NA	NA
562.23101	resistant	NA	NA	susceptible	susceptible	NA	NA	NA
562.23111	susceptible	NA	NA	susceptible	susceptible	NA	NA	NA
562.23112	resistant	NA	NA	susceptible	susceptible	NA	NA	NA
562.23113	resistant	NA	NA	susceptible	susceptible	NA	NA	NA
562.2313	susceptible	NA	NA	susceptible	susceptible	NA	NA	NA
562.23129	susceptible	NA	NA	resistant	susceptible	NA	NA	NA
562.23128	resistant	NA	NA	susceptible	susceptible	NA	NA	NA
562.23127	susceptible	NA	NA	susceptible	susceptible	NA	NA	NA
562.23126	susceptible	NA	NA	susceptible	susceptible	NA	NA	NA
562.23125	resistant	NA	NA	susceptible	susceptible	NA	NA	NA
562.23124	susceptible	NA	NA	susceptible	susceptible	NA	NA	NA
562.23123	susceptible	NA	NA	susceptible	susceptible	NA	NA	NA
562.23122	susceptible	NA	NA	susceptible	susceptible	NA	NA	NA
562.23121	resistant	NA	NA	susceptible	susceptible	NA	NA	NA
562.2312	susceptible	NA	NA	susceptible	susceptible	NA	NA	NA
562.23119	susceptible	NA	NA	susceptible	susceptible	NA	NA	NA
562.23118	susceptible	NA	NA	susceptible	susceptible	NA	NA	NA
562.23117	susceptible	NA	NA	resistant	susceptible	NA	NA	NA
562.23116	resistant	NA	NA	susceptible	susceptible	NA	NA	NA
562.23115	resistant	NA	NA	susceptible	susceptible	NA	NA	NA
562.23114	resistant	NA	NA	susceptible	susceptible	NA	NA	NA
562.23093	susceptible	NA	NA	susceptible	susceptible	NA	NA	NA
562.23092	resistant	NA	NA	susceptible	susceptible	NA	NA	NA
562.23091	resistant	NA	NA	susceptible	susceptible	NA	NA	NA
562.2309	susceptible	NA	NA	susceptible	susceptible	NA	NA	NA
562.23068	susceptible	NA	NA	susceptible	susceptible	NA	NA	NA
562.23067	resistant	NA	NA	susceptible	susceptible	NA	NA	NA
562.23066	resistant	NA	NA	resistant	susceptible	NA	NA	NA
562.23065	resistant	NA	NA	susceptible	susceptible	NA	NA	NA
562.23064	resistant	NA	NA	susceptible	susceptible	NA	NA	NA
562.23063	resistant	NA	NA	susceptible	susceptible	NA	NA	NA
562.23062	susceptible	NA	NA	susceptible	susceptible	NA	NA	NA
562.23061	resistant	NA	NA	susceptible	susceptible	NA	NA	NA
562.2306	resistant	NA	NA	susceptible	susceptible	NA	NA	NA
562.23059	resistant	NA	NA	susceptible	susceptible	NA	NA	NA
562.23058	resistant	NA	NA	susceptible	susceptible	NA	NA	NA
562.23057	susceptible	NA	NA	susceptible	susceptible	NA	NA	NA
562.23056	susceptible	NA	NA	susceptible	susceptible	NA	NA	NA
562.23055	susceptible	NA	NA	susceptible	susceptible	NA	NA	NA
562.23054	resistant	NA	NA	susceptible	susceptible	NA	NA	NA
562.23053	resistant	NA	NA	resistant	susceptible	NA	NA	NA
562.23052	resistant	NA	NA	susceptible	susceptible	NA	NA	NA
562.23069	susceptible	NA	NA	susceptible	susceptible	NA	NA	NA
562.23131	resistant	NA	NA	susceptible	susceptible	NA	NA	NA
562.2307	resistant	NA	NA	susceptible	susceptible	NA	NA	NA
562.23072	susceptible	NA	NA	susceptible	susceptible	NA	NA	NA
562.23089	susceptible	NA	NA	susceptible	susceptible	NA	NA	NA
562.23088	susceptible	NA	NA	susceptible	susceptible	NA	NA	NA
562.23087	resistant	NA	NA	susceptible	susceptible	NA	NA	NA
562.23086	resistant	NA	NA	susceptible	susceptible	NA	NA	NA
562.23085	resistant	NA	NA	susceptible	susceptible	NA	NA	NA
562.23084	susceptible	NA	NA	susceptible	susceptible	NA	NA	NA
562.23083	resistant	NA	NA	susceptible	susceptible	NA	NA	NA
562.23082	resistant	NA	NA	susceptible	susceptible	NA	NA	NA
562.23081	susceptible	NA	NA	susceptible	susceptible	NA	NA	NA
562.2308	resistant	NA	NA	susceptible	susceptible	NA	NA	NA
562.23079	resistant	NA	NA	resistant	susceptible	NA	NA	NA
562.23078	resistant	NA	NA	resistant	susceptible	NA	NA	NA
562.23077	susceptible	NA	NA	susceptible	susceptible	NA	NA	NA
562.23076	resistant	NA	NA	resistant	susceptible	NA	NA	NA
562.23075	susceptible	NA	NA	susceptible	susceptible	NA	NA	NA
562.23074	susceptible	NA	NA	susceptible	susceptible	NA	NA	NA
562.23073	resistant	NA	NA	susceptible	susceptible	NA	NA	NA
562.23071	susceptible	NA	NA	susceptible	susceptible	NA	NA	NA
562.23132	resistant	NA	NA	susceptible	susceptible	NA	NA	NA
562.23133	resistant	NA	NA	susceptible	susceptible	NA	NA	NA
562.23134	resistant	NA	NA	resistant	susceptible	NA	NA	NA
562.23193	susceptible	NA	NA	susceptible	susceptible	NA	NA	NA
562.23192	susceptible	NA	NA	susceptible	susceptible	NA	NA	NA
562.23191	susceptible	NA	NA	resistant	susceptible	NA	NA	NA
562.2319	resistant	NA	NA	susceptible	susceptible	NA	NA	NA
562.23189	resistant	NA	NA	resistant	susceptible	NA	NA	NA
562.23188	resistant	NA	NA	susceptible	susceptible	NA	NA	NA
562.23187	susceptible	NA	NA	susceptible	susceptible	NA	NA	NA
562.23186	resistant	NA	NA	susceptible	susceptible	NA	NA	NA
562.23185	susceptible	NA	NA	susceptible	susceptible	NA	NA	NA
562.23184	resistant	NA	NA	susceptible	susceptible	NA	NA	NA
562.23183	resistant	NA	NA	susceptible	susceptible	NA	NA	NA
562.23182	susceptible	NA	NA	susceptible	susceptible	NA	NA	NA
562.23181	resistant	NA	NA	resistant	susceptible	NA	NA	NA
562.2318	susceptible	NA	NA	susceptible	susceptible	NA	NA	NA
562.23179	susceptible	NA	NA	susceptible	susceptible	NA	NA	NA
562.23178	susceptible	NA	NA	susceptible	susceptible	NA	NA	NA
562.23177	resistant	NA	NA	susceptible	susceptible	NA	NA	NA
562.23194	resistant	NA	NA	resistant	susceptible	NA	NA	NA
562.23176	susceptible	NA	NA	susceptible	susceptible	NA	NA	NA
562.23195	resistant	NA	NA	resistant	susceptible	NA	NA	NA
562.23197	resistant	NA	NA	susceptible	susceptible	NA	NA	NA
562.23214	susceptible	NA	NA	susceptible	susceptible	NA	NA	NA
562.23213	susceptible	NA	NA	susceptible	susceptible	NA	NA	NA
562.23212	resistant	NA	NA	resistant	resistant	NA	NA	NA
562.23211	susceptible	NA	NA	susceptible	susceptible	NA	NA	NA
562.2321	susceptible	NA	NA	susceptible	susceptible	NA	NA	NA
562.23209	resistant	NA	NA	susceptible	susceptible	NA	NA	NA
562.23208	susceptible	NA	NA	susceptible	susceptible	NA	NA	NA
562.23207	susceptible	NA	NA	susceptible	susceptible	NA	NA	NA
562.23206	susceptible	NA	NA	susceptible	susceptible	NA	NA	NA
562.23205	resistant	NA	NA	resistant	susceptible	NA	NA	NA
562.23204	resistant	NA	NA	susceptible	susceptible	NA	NA	NA
562.23203	resistant	NA	NA	susceptible	susceptible	NA	NA	NA
562.23202	susceptible	NA	NA	susceptible	susceptible	NA	NA	NA
562.23201	susceptible	NA	NA	susceptible	susceptible	NA	NA	NA
562.232	resistant	NA	NA	resistant	susceptible	NA	NA	NA
562.23199	resistant	NA	NA	resistant	susceptible	NA	NA	NA
562.23198	resistant	NA	NA	susceptible	susceptible	NA	NA	NA
562.23196	susceptible	NA	NA	susceptible	susceptible	NA	NA	NA
562.23381	susceptible	NA	NA	susceptible	susceptible	NA	NA	NA
562.23175	resistant	NA	NA	susceptible	susceptible	NA	NA	NA
562.23173	resistant	NA	NA	susceptible	susceptible	NA	NA	NA
562.23151	resistant	NA	NA	susceptible	susceptible	NA	NA	NA
562.2315	resistant	NA	NA	susceptible	susceptible	NA	NA	NA
562.23149	resistant	NA	NA	susceptible	susceptible	NA	NA	NA
562.23148	resistant	NA	NA	susceptible	susceptible	NA	NA	NA
562.23147	susceptible	NA	NA	susceptible	susceptible	NA	NA	NA
562.23146	susceptible	NA	NA	susceptible	susceptible	NA	NA	NA
562.23145	resistant	NA	NA	susceptible	susceptible	NA	NA	NA
562.23144	resistant	NA	NA	resistant	susceptible	NA	NA	NA
562.23143	resistant	NA	NA	susceptible	susceptible	NA	NA	NA
562.23142	resistant	NA	NA	susceptible	susceptible	NA	NA	NA
562.23141	resistant	NA	NA	resistant	resistant	NA	NA	NA
562.2314	resistant	NA	NA	intermediate	susceptible	NA	NA	NA
562.23139	resistant	NA	NA	susceptible	susceptible	NA	NA	NA
562.23138	susceptible	NA	NA	susceptible	susceptible	NA	NA	NA
562.23137	resistant	NA	NA	susceptible	susceptible	NA	NA	NA
562.23136	susceptible	NA	NA	susceptible	susceptible	NA	NA	NA
562.23135	susceptible	NA	NA	susceptible	susceptible	NA	NA	NA
562.23152	resistant	NA	NA	susceptible	susceptible	NA	NA	NA
562.23174	susceptible	NA	NA	susceptible	susceptible	NA	NA	NA
562.23153	resistant	NA	NA	susceptible	susceptible	NA	NA	NA
562.23155	resistant	NA	NA	susceptible	susceptible	NA	NA	NA
562.23172	resistant	NA	NA	susceptible	resistant	NA	NA	NA
562.23171	susceptible	NA	NA	intermediate	susceptible	NA	NA	NA
562.2317	susceptible	NA	NA	resistant	susceptible	NA	NA	NA
562.23169	susceptible	NA	NA	susceptible	susceptible	NA	NA	NA
562.23168	susceptible	NA	NA	susceptible	susceptible	NA	NA	NA
562.23167	resistant	NA	NA	resistant	susceptible	NA	NA	NA
562.23166	resistant	NA	NA	susceptible	susceptible	NA	NA	NA
562.23165	susceptible	NA	NA	susceptible	susceptible	NA	NA	NA
562.23164	resistant	NA	NA	susceptible	susceptible	NA	NA	NA
562.23163	susceptible	NA	NA	susceptible	susceptible	NA	NA	NA
562.23162	resistant	NA	NA	susceptible	susceptible	NA	NA	NA
562.23161	resistant	NA	NA	susceptible	susceptible	NA	NA	NA
562.2316	resistant	NA	NA	susceptible	susceptible	NA	NA	NA
562.23159	resistant	NA	NA	resistant	susceptible	NA	NA	NA
562.23158	resistant	NA	NA	susceptible	intermediate	NA	NA	NA
562.23157	susceptible	NA	NA	susceptible	susceptible	NA	NA	NA
562.23156	resistant	NA	NA	susceptible	susceptible	NA	NA	NA
562.23154	susceptible	NA	NA	susceptible	susceptible	NA	NA	NA
562.23382	resistant	NA	NA	susceptible	susceptible	NA	NA	NA
562.23383	resistant	NA	NA	susceptible	susceptible	NA	NA	NA
562.23384	resistant	NA	NA	resistant	susceptible	NA	NA	NA
562.23609	resistant	NA	NA	susceptible	susceptible	NA	NA	NA
562.23608	resistant	NA	NA	susceptible	susceptible	NA	NA	NA
562.23607	susceptible	NA	NA	susceptible	susceptible	NA	NA	NA
562.23606	susceptible	NA	NA	susceptible	susceptible	NA	NA	NA
562.23605	resistant	NA	NA	susceptible	susceptible	NA	NA	NA
562.23604	resistant	NA	NA	susceptible	susceptible	NA	NA	NA
562.23603	susceptible	NA	NA	susceptible	susceptible	NA	NA	NA
562.2361	resistant	NA	NA	resistant	susceptible	NA	NA	NA
562.23602	susceptible	NA	NA	susceptible	susceptible	NA	NA	NA
562.236	resistant	NA	NA	susceptible	susceptible	NA	NA	NA
562.23599	resistant	NA	NA	susceptible	susceptible	NA	NA	NA
562.23598	resistant	NA	NA	susceptible	susceptible	NA	NA	NA
562.23597	resistant	NA	NA	susceptible	susceptible	NA	NA	NA
562.23596	susceptible	NA	NA	susceptible	susceptible	NA	NA	NA
562.23595	resistant	NA	NA	susceptible	susceptible	NA	NA	NA
562.23594	resistant	NA	NA	resistant	resistant	NA	NA	NA
562.23601	resistant	NA	NA	susceptible	susceptible	NA	NA	NA
562.23611	resistant	NA	NA	susceptible	susceptible	NA	NA	NA
562.23612	susceptible	NA	NA	susceptible	susceptible	NA	NA	NA
562.23613	susceptible	NA	NA	susceptible	susceptible	NA	NA	NA
562.2363	resistant	NA	NA	susceptible	susceptible	NA	NA	NA
562.23629	resistant	NA	NA	susceptible	susceptible	NA	NA	NA
562.23628	susceptible	NA	NA	susceptible	susceptible	NA	NA	NA
562.23627	resistant	NA	NA	susceptible	susceptible	NA	NA	NA
562.23626	resistant	NA	NA	susceptible	susceptible	NA	NA	NA
562.23625	susceptible	NA	NA	susceptible	susceptible	NA	NA	NA
562.23624	resistant	NA	NA	susceptible	susceptible	NA	NA	NA
562.23623	resistant	NA	NA	resistant	susceptible	NA	NA	NA
562.23622	resistant	NA	NA	susceptible	susceptible	NA	NA	NA
562.23621	resistant	NA	NA	susceptible	susceptible	NA	NA	NA
562.2362	resistant	NA	NA	susceptible	susceptible	NA	NA	NA
562.23619	susceptible	NA	NA	susceptible	susceptible	NA	NA	NA
562.23618	resistant	NA	NA	susceptible	susceptible	NA	NA	NA
562.23617	resistant	NA	NA	susceptible	susceptible	NA	NA	NA
562.23616	resistant	NA	NA	susceptible	susceptible	NA	NA	NA
562.23615	resistant	NA	NA	resistant	susceptible	NA	NA	NA
562.23614	susceptible	NA	NA	susceptible	susceptible	NA	NA	NA
562.23593	susceptible	NA	NA	resistant	resistant	NA	NA	NA
562.23592	resistant	NA	NA	susceptible	susceptible	NA	NA	NA
562.23591	resistant	NA	NA	susceptible	susceptible	NA	NA	NA
562.2359	susceptible	NA	NA	susceptible	susceptible	NA	NA	NA
562.23568	resistant	NA	NA	susceptible	susceptible	NA	NA	NA
562.23567	resistant	NA	NA	susceptible	resistant	NA	NA	NA
562.23566	resistant	NA	NA	resistant	susceptible	NA	NA	NA
562.23565	resistant	NA	NA	susceptible	resistant	NA	NA	NA
562.23564	susceptible	NA	NA	susceptible	susceptible	NA	NA	NA
562.23563	resistant	NA	NA	susceptible	susceptible	NA	NA	NA
562.23562	susceptible	NA	NA	susceptible	susceptible	NA	NA	NA
562.23561	susceptible	NA	NA	susceptible	susceptible	NA	NA	NA
562.2356	susceptible	NA	NA	susceptible	susceptible	NA	NA	NA
562.23559	resistant	NA	NA	susceptible	susceptible	NA	NA	NA
562.23558	resistant	NA	NA	resistant	resistant	NA	NA	NA
562.23557	susceptible	NA	NA	susceptible	susceptible	NA	NA	NA
562.23556	resistant	NA	NA	susceptible	susceptible	NA	NA	NA
562.23555	susceptible	NA	NA	susceptible	susceptible	NA	NA	NA
562.23554	resistant	NA	NA	susceptible	susceptible	NA	NA	NA
562.23553	susceptible	NA	NA	resistant	susceptible	NA	NA	NA
562.23552	susceptible	NA	NA	susceptible	susceptible	NA	NA	NA
562.23569	resistant	NA	NA	susceptible	susceptible	NA	NA	NA
562.23631	susceptible	NA	NA	susceptible	susceptible	NA	NA	NA
562.2357	susceptible	NA	NA	susceptible	susceptible	NA	NA	NA
562.23572	susceptible	NA	NA	susceptible	susceptible	NA	NA	NA
562.23589	susceptible	NA	NA	susceptible	susceptible	NA	NA	NA
562.23588	resistant	NA	NA	susceptible	susceptible	NA	NA	NA
562.23587	resistant	NA	NA	susceptible	susceptible	NA	NA	NA
562.23586	resistant	NA	NA	susceptible	susceptible	NA	NA	NA
562.23585	resistant	NA	NA	susceptible	susceptible	NA	NA	NA
562.23584	susceptible	NA	NA	susceptible	susceptible	NA	NA	NA
562.23583	resistant	NA	NA	susceptible	susceptible	NA	NA	NA
562.23582	resistant	NA	NA	susceptible	susceptible	NA	NA	NA
562.23581	resistant	NA	NA	susceptible	susceptible	NA	NA	NA
562.2358	resistant	NA	NA	intermediate	susceptible	NA	NA	NA
562.23579	susceptible	NA	NA	susceptible	susceptible	NA	NA	NA
562.23578	susceptible	NA	NA	susceptible	susceptible	NA	NA	NA
562.23577	resistant	NA	NA	susceptible	susceptible	NA	NA	NA
562.23576	resistant	NA	NA	susceptible	susceptible	NA	NA	NA
562.23575	susceptible	NA	NA	susceptible	susceptible	NA	NA	NA
562.23574	resistant	NA	NA	resistant	resistant	NA	NA	NA
562.23573	resistant	NA	NA	susceptible	susceptible	NA	NA	NA
562.23571	susceptible	NA	NA	resistant	susceptible	NA	NA	NA
562.23632	resistant	NA	NA	susceptible	susceptible	NA	NA	NA
562.23633	resistant	NA	NA	susceptible	susceptible	NA	NA	NA
562.23634	susceptible	NA	NA	susceptible	susceptible	NA	NA	NA
562.23693	susceptible	NA	NA	susceptible	susceptible	NA	NA	NA
562.23692	resistant	NA	NA	susceptible	susceptible	NA	NA	NA
562.23691	resistant	NA	NA	susceptible	susceptible	NA	NA	NA
562.2369	susceptible	NA	NA	susceptible	susceptible	NA	NA	NA
562.23689	resistant	NA	NA	susceptible	susceptible	NA	NA	NA
562.23688	susceptible	NA	NA	susceptible	susceptible	NA	NA	NA
562.23687	susceptible	NA	NA	susceptible	susceptible	NA	NA	NA
562.23686	susceptible	NA	NA	susceptible	susceptible	NA	NA	NA
562.23685	resistant	NA	NA	susceptible	susceptible	NA	NA	NA
562.23684	resistant	NA	NA	susceptible	susceptible	NA	NA	NA
562.23683	resistant	NA	NA	susceptible	susceptible	NA	NA	NA
562.23682	resistant	NA	NA	resistant	resistant	NA	NA	NA
562.23681	resistant	NA	NA	susceptible	susceptible	NA	NA	NA
562.2368	susceptible	NA	NA	susceptible	susceptible	NA	NA	NA
562.23679	resistant	NA	NA	susceptible	susceptible	NA	NA	NA
562.23678	susceptible	NA	NA	susceptible	susceptible	NA	NA	NA
562.23677	resistant	NA	NA	susceptible	susceptible	NA	NA	NA
562.23694	susceptible	NA	NA	susceptible	susceptible	NA	NA	NA
562.23676	resistant	NA	NA	susceptible	susceptible	NA	NA	NA
562.23695	susceptible	NA	NA	susceptible	susceptible	NA	NA	NA
562.23697	resistant	NA	NA	resistant	intermediate	NA	NA	NA
562.23714	resistant	NA	NA	susceptible	susceptible	NA	NA	NA
562.23713	resistant	NA	NA	susceptible	susceptible	NA	NA	NA
562.23712	resistant	NA	NA	susceptible	susceptible	NA	NA	NA
562.23711	susceptible	NA	NA	susceptible	susceptible	NA	NA	NA
562.2371	resistant	NA	NA	susceptible	susceptible	NA	NA	NA
562.6573	susceptible	susceptible	NA	NA	NA	NA	NA	NA
562.23708	resistant	NA	NA	susceptible	susceptible	NA	NA	NA
562.23707	susceptible	NA	NA	susceptible	susceptible	NA	NA	NA
562.23706	resistant	NA	NA	susceptible	susceptible	NA	NA	NA
562.23705	susceptible	NA	NA	susceptible	susceptible	NA	NA	NA
562.23704	susceptible	NA	NA	susceptible	susceptible	NA	NA	NA
562.23703	susceptible	NA	NA	susceptible	susceptible	NA	NA	NA
562.23702	resistant	NA	NA	susceptible	susceptible	NA	NA	NA
562.23701	resistant	NA	NA	susceptible	susceptible	NA	NA	NA
562.237	resistant	NA	NA	susceptible	susceptible	NA	NA	NA
562.23699	resistant	NA	NA	susceptible	susceptible	NA	NA	NA
562.23698	resistant	NA	NA	susceptible	susceptible	NA	NA	NA
562.23696	susceptible	NA	NA	susceptible	susceptible	NA	NA	NA
562.23551	resistant	NA	NA	resistant	susceptible	NA	NA	NA
562.23675	resistant	NA	NA	susceptible	susceptible	NA	NA	NA
562.23673	resistant	NA	NA	susceptible	susceptible	NA	NA	NA
562.23651	susceptible	NA	NA	susceptible	susceptible	NA	NA	NA
562.2365	susceptible	NA	NA	susceptible	susceptible	NA	NA	NA
562.23649	susceptible	NA	NA	susceptible	susceptible	NA	NA	NA
562.23648	resistant	NA	NA	susceptible	susceptible	NA	NA	NA
562.23647	resistant	NA	NA	susceptible	susceptible	NA	NA	NA
562.23646	resistant	NA	NA	resistant	susceptible	NA	NA	NA
562.23645	resistant	NA	NA	resistant	resistant	NA	NA	NA
562.23644	susceptible	NA	NA	susceptible	susceptible	NA	NA	NA
562.23643	resistant	NA	NA	susceptible	susceptible	NA	NA	NA
562.23642	resistant	NA	NA	resistant	resistant	NA	NA	NA
562.23641	susceptible	NA	NA	susceptible	susceptible	NA	NA	NA
562.2364	resistant	NA	NA	resistant	resistant	NA	NA	NA
562.23639	resistant	NA	NA	susceptible	susceptible	NA	NA	NA
562.23638	susceptible	NA	NA	susceptible	susceptible	NA	NA	NA
562.23637	susceptible	NA	NA	susceptible	susceptible	NA	NA	NA
562.23636	resistant	NA	NA	susceptible	susceptible	NA	NA	NA
562.23635	resistant	NA	NA	susceptible	susceptible	NA	NA	NA
562.23652	susceptible	NA	NA	susceptible	susceptible	NA	NA	NA
562.23674	resistant	NA	NA	susceptible	susceptible	NA	NA	NA
562.23653	resistant	NA	NA	resistant	susceptible	NA	NA	NA
562.23655	susceptible	NA	NA	susceptible	susceptible	NA	NA	NA
562.23672	resistant	NA	NA	susceptible	susceptible	NA	NA	NA
562.23671	resistant	NA	NA	susceptible	susceptible	NA	NA	NA
562.2367	resistant	NA	NA	susceptible	susceptible	NA	NA	NA
562.23669	resistant	NA	NA	susceptible	susceptible	NA	NA	NA
562.23668	resistant	NA	NA	susceptible	susceptible	NA	NA	NA
562.23667	susceptible	NA	NA	susceptible	susceptible	NA	NA	NA
562.23666	resistant	NA	NA	susceptible	susceptible	NA	NA	NA
562.23665	susceptible	NA	NA	susceptible	susceptible	NA	NA	NA
562.23664	resistant	NA	NA	resistant	susceptible	NA	NA	NA
562.23663	resistant	NA	NA	susceptible	susceptible	NA	NA	NA
562.23662	resistant	NA	NA	susceptible	susceptible	NA	NA	NA
562.23661	susceptible	NA	NA	susceptible	susceptible	NA	NA	NA
562.2366	susceptible	NA	NA	susceptible	susceptible	NA	NA	NA
562.23659	resistant	NA	NA	resistant	resistant	NA	NA	NA
562.23658	resistant	NA	NA	susceptible	susceptible	NA	NA	NA
562.23657	resistant	NA	NA	susceptible	susceptible	NA	NA	NA
562.23656	susceptible	NA	NA	susceptible	susceptible	NA	NA	NA
562.23654	susceptible	NA	NA	susceptible	susceptible	NA	NA	NA
562.23051	resistant	NA	NA	susceptible	susceptible	NA	NA	NA
562.2355	resistant	NA	NA	susceptible	susceptible	NA	NA	NA
562.23548	resistant	NA	NA	intermediate	susceptible	NA	NA	NA
562.23442	susceptible	NA	NA	susceptible	susceptible	NA	NA	NA
562.23441	resistant	NA	NA	susceptible	susceptible	NA	NA	NA
562.2344	resistant	NA	NA	susceptible	susceptible	NA	NA	NA
562.23439	susceptible	NA	NA	susceptible	susceptible	NA	NA	NA
562.23438	susceptible	NA	NA	susceptible	susceptible	NA	NA	NA
562.23437	resistant	NA	NA	susceptible	susceptible	NA	NA	NA
562.23436	resistant	NA	NA	susceptible	susceptible	NA	NA	NA
562.23443	susceptible	NA	NA	susceptible	susceptible	NA	NA	NA
562.23435	resistant	NA	NA	resistant	susceptible	NA	NA	NA
562.23433	resistant	NA	NA	susceptible	susceptible	NA	NA	NA
562.23432	susceptible	NA	NA	susceptible	susceptible	NA	NA	NA
562.23431	resistant	NA	NA	susceptible	resistant	NA	NA	NA
562.2343	resistant	NA	NA	susceptible	susceptible	NA	NA	NA
562.23429	resistant	NA	NA	susceptible	susceptible	NA	NA	NA
562.23428	resistant	NA	NA	resistant	susceptible	NA	NA	NA
562.23427	susceptible	NA	NA	susceptible	susceptible	NA	NA	NA
562.23434	resistant	NA	NA	resistant	intermediate	NA	NA	NA
562.23444	susceptible	NA	NA	susceptible	susceptible	NA	NA	NA
562.23445	resistant	NA	NA	susceptible	susceptible	NA	NA	NA
562.23446	susceptible	NA	NA	susceptible	susceptible	NA	NA	NA
562.23463	resistant	NA	NA	resistant	susceptible	NA	NA	NA
562.23462	resistant	NA	NA	resistant	resistant	NA	NA	NA
562.23461	resistant	NA	NA	resistant	susceptible	NA	NA	NA
562.2346	susceptible	NA	NA	susceptible	susceptible	NA	NA	NA
562.23459	resistant	NA	NA	susceptible	resistant	NA	NA	NA
562.23458	resistant	NA	NA	resistant	susceptible	NA	NA	NA
562.23457	resistant	NA	NA	resistant	resistant	NA	NA	NA
562.23456	susceptible	NA	NA	susceptible	susceptible	NA	NA	NA
562.23455	resistant	NA	NA	susceptible	susceptible	NA	NA	NA
562.23454	resistant	NA	NA	resistant	susceptible	NA	NA	NA
562.23453	susceptible	NA	NA	susceptible	susceptible	NA	NA	NA
562.23452	resistant	NA	NA	resistant	susceptible	NA	NA	NA
562.23451	resistant	NA	NA	resistant	susceptible	NA	NA	NA
562.2345	resistant	NA	NA	susceptible	susceptible	NA	NA	NA
562.23449	susceptible	NA	NA	susceptible	susceptible	NA	NA	NA
562.23448	resistant	NA	NA	susceptible	susceptible	NA	NA	NA
562.23447	susceptible	NA	NA	susceptible	susceptible	NA	NA	NA
562.23426	susceptible	NA	NA	susceptible	susceptible	NA	NA	NA
562.23425	resistant	NA	NA	susceptible	susceptible	NA	NA	NA
562.23424	susceptible	NA	NA	susceptible	susceptible	NA	NA	NA
562.23423	susceptible	NA	NA	susceptible	susceptible	NA	NA	NA
562.23401	susceptible	NA	NA	susceptible	susceptible	NA	NA	NA
562.234	resistant	NA	NA	susceptible	susceptible	NA	NA	NA
562.23399	resistant	NA	NA	resistant	susceptible	NA	NA	NA
562.23398	resistant	NA	NA	resistant	resistant	NA	NA	NA
562.23397	susceptible	NA	NA	susceptible	intermediate	NA	NA	NA
562.23396	resistant	NA	NA	resistant	susceptible	NA	NA	NA
562.23395	resistant	NA	NA	resistant	resistant	NA	NA	NA
562.23394	susceptible	NA	NA	susceptible	susceptible	NA	NA	NA
562.23393	resistant	NA	NA	resistant	resistant	NA	NA	NA
562.23392	resistant	NA	NA	susceptible	susceptible	NA	NA	NA
562.23391	resistant	NA	NA	resistant	resistant	NA	NA	NA
562.2339	resistant	NA	NA	susceptible	susceptible	NA	NA	NA
562.23389	resistant	NA	NA	susceptible	resistant	NA	NA	NA
562.23388	susceptible	NA	NA	susceptible	susceptible	NA	NA	NA
562.23387	resistant	NA	NA	resistant	susceptible	NA	NA	NA
562.23386	resistant	NA	NA	susceptible	susceptible	NA	NA	NA
562.23385	resistant	NA	NA	resistant	susceptible	NA	NA	NA
562.23402	resistant	NA	NA	susceptible	susceptible	NA	NA	NA
562.23464	resistant	NA	NA	susceptible	susceptible	NA	NA	NA
562.23403	resistant	NA	NA	resistant	resistant	NA	NA	NA
562.23405	resistant	NA	NA	susceptible	intermediate	NA	NA	NA
562.23422	susceptible	NA	NA	susceptible	susceptible	NA	NA	NA
562.23421	susceptible	NA	NA	susceptible	susceptible	NA	NA	NA
562.2342	resistant	NA	NA	susceptible	susceptible	NA	NA	NA
562.23419	susceptible	NA	NA	susceptible	susceptible	NA	NA	NA
562.23418	resistant	NA	NA	susceptible	susceptible	NA	NA	NA
562.23417	susceptible	NA	NA	susceptible	susceptible	NA	NA	NA
562.23416	susceptible	NA	NA	susceptible	susceptible	NA	NA	NA
562.23415	resistant	NA	NA	susceptible	susceptible	NA	NA	NA
562.23414	susceptible	NA	NA	susceptible	susceptible	NA	NA	NA
562.23413	resistant	NA	NA	resistant	resistant	NA	NA	NA
562.23412	resistant	NA	NA	susceptible	susceptible	NA	NA	NA
562.23411	susceptible	NA	NA	susceptible	susceptible	NA	NA	NA
562.2341	resistant	NA	NA	resistant	susceptible	NA	NA	NA
562.23409	susceptible	NA	NA	susceptible	susceptible	NA	NA	NA
562.23408	resistant	NA	NA	susceptible	susceptible	NA	NA	NA
562.23407	susceptible	NA	NA	susceptible	susceptible	NA	NA	NA
562.23406	resistant	NA	NA	susceptible	susceptible	NA	NA	NA
562.23404	resistant	NA	NA	susceptible	intermediate	NA	NA	NA
562.23465	resistant	NA	NA	susceptible	susceptible	NA	NA	NA
562.23466	resistant	NA	NA	susceptible	intermediate	NA	NA	NA
562.23467	resistant	NA	NA	susceptible	susceptible	NA	NA	NA
562.23526	resistant	NA	NA	susceptible	susceptible	NA	NA	NA
562.23525	resistant	NA	NA	susceptible	susceptible	NA	NA	NA
562.23524	resistant	NA	NA	susceptible	susceptible	NA	NA	NA
562.23523	resistant	NA	NA	susceptible	susceptible	NA	NA	NA
562.23522	resistant	NA	NA	susceptible	susceptible	NA	NA	NA
562.23521	resistant	NA	NA	susceptible	susceptible	NA	NA	NA
562.2352	susceptible	NA	NA	susceptible	susceptible	NA	NA	NA
562.23519	susceptible	NA	NA	susceptible	susceptible	NA	NA	NA
562.23518	susceptible	NA	NA	susceptible	susceptible	NA	NA	NA
562.23517	susceptible	NA	NA	susceptible	susceptible	NA	NA	NA
562.23516	susceptible	NA	NA	susceptible	susceptible	NA	NA	NA
562.23515	resistant	NA	NA	susceptible	susceptible	NA	NA	NA
562.23514	resistant	NA	NA	susceptible	susceptible	NA	NA	NA
562.23513	resistant	NA	NA	susceptible	susceptible	NA	NA	NA
562.23512	susceptible	NA	NA	susceptible	susceptible	NA	NA	NA
562.23511	susceptible	NA	NA	susceptible	susceptible	NA	NA	NA
562.2351	susceptible	NA	NA	susceptible	susceptible	NA	NA	NA
562.23527	resistant	NA	NA	susceptible	susceptible	NA	NA	NA
562.23509	resistant	NA	NA	susceptible	susceptible	NA	NA	NA
562.23528	resistant	NA	NA	susceptible	susceptible	NA	NA	NA
562.2353	resistant	NA	NA	resistant	susceptible	NA	NA	NA
562.23547	resistant	NA	NA	susceptible	susceptible	NA	NA	NA
562.23546	susceptible	NA	NA	susceptible	susceptible	NA	NA	NA
562.23545	resistant	NA	NA	susceptible	susceptible	NA	NA	NA
562.23544	resistant	NA	NA	susceptible	susceptible	NA	NA	NA
562.23543	resistant	NA	NA	susceptible	susceptible	NA	NA	NA
562.23542	resistant	NA	NA	resistant	susceptible	NA	NA	NA
562.23541	susceptible	NA	NA	susceptible	susceptible	NA	NA	NA
562.2354	resistant	NA	NA	susceptible	susceptible	NA	NA	NA
562.23539	resistant	NA	NA	resistant	susceptible	NA	NA	NA
562.23538	resistant	NA	NA	susceptible	susceptible	NA	NA	NA
562.23537	resistant	NA	NA	susceptible	susceptible	NA	NA	NA
562.23536	resistant	NA	NA	susceptible	resistant	NA	NA	NA
562.23535	resistant	NA	NA	susceptible	susceptible	NA	NA	NA
562.23534	susceptible	NA	NA	susceptible	susceptible	NA	NA	NA
562.23533	susceptible	NA	NA	susceptible	susceptible	NA	NA	NA
562.23532	resistant	NA	NA	resistant	susceptible	NA	NA	NA
562.23531	resistant	NA	NA	susceptible	susceptible	NA	NA	NA
562.23529	resistant	NA	NA	susceptible	susceptible	NA	NA	NA
562.23549	susceptible	NA	NA	susceptible	susceptible	NA	NA	NA
562.23508	resistant	NA	NA	resistant	susceptible	NA	NA	NA
562.23506	resistant	NA	NA	susceptible	susceptible	NA	NA	NA
562.23484	resistant	NA	NA	susceptible	susceptible	NA	NA	NA
562.23483	resistant	NA	NA	susceptible	susceptible	NA	NA	NA
562.23482	susceptible	NA	NA	susceptible	susceptible	NA	NA	NA
562.23481	resistant	NA	NA	resistant	susceptible	NA	NA	NA
562.2348	susceptible	NA	NA	resistant	resistant	NA	NA	NA
562.23479	resistant	NA	NA	susceptible	susceptible	NA	NA	NA
562.23478	resistant	NA	NA	resistant	resistant	NA	NA	NA
562.23477	resistant	NA	NA	susceptible	susceptible	NA	NA	NA
562.23476	resistant	NA	NA	susceptible	susceptible	NA	NA	NA
562.23475	resistant	NA	NA	susceptible	susceptible	NA	NA	NA
562.23474	resistant	NA	NA	resistant	susceptible	NA	NA	NA
562.23473	resistant	NA	NA	susceptible	susceptible	NA	NA	NA
562.23472	resistant	NA	NA	susceptible	susceptible	NA	NA	NA
562.23471	resistant	NA	NA	susceptible	susceptible	NA	NA	NA
562.2347	resistant	NA	NA	resistant	susceptible	NA	NA	NA
562.23469	resistant	NA	NA	susceptible	susceptible	NA	NA	NA
562.23468	susceptible	NA	NA	susceptible	susceptible	NA	NA	NA
562.23485	resistant	NA	NA	susceptible	susceptible	NA	NA	NA
562.23507	resistant	NA	NA	resistant	susceptible	NA	NA	NA
562.23486	resistant	NA	NA	resistant	resistant	NA	NA	NA
562.23488	resistant	NA	NA	resistant	resistant	NA	NA	NA
562.23505	resistant	NA	NA	resistant	susceptible	NA	NA	NA
562.23504	resistant	NA	NA	susceptible	susceptible	NA	NA	NA
562.23503	resistant	NA	NA	susceptible	susceptible	NA	NA	NA
562.23502	susceptible	NA	NA	susceptible	susceptible	NA	NA	NA
562.23501	resistant	NA	NA	resistant	susceptible	NA	NA	NA
562.235	resistant	NA	NA	susceptible	susceptible	NA	NA	NA
562.23499	resistant	NA	NA	resistant	susceptible	NA	NA	NA
562.23498	resistant	NA	NA	susceptible	susceptible	NA	NA	NA
562.23497	resistant	NA	NA	susceptible	susceptible	NA	NA	NA
562.23496	resistant	NA	NA	susceptible	susceptible	NA	NA	NA
562.23495	susceptible	NA	NA	susceptible	susceptible	NA	NA	NA
562.23494	resistant	NA	NA	resistant	resistant	NA	NA	NA
562.23493	susceptible	NA	NA	susceptible	susceptible	NA	NA	NA
562.23492	resistant	NA	NA	susceptible	susceptible	NA	NA	NA
562.23491	susceptible	NA	NA	susceptible	susceptible	NA	NA	NA
562.2349	susceptible	NA	NA	susceptible	susceptible	NA	NA	NA
562.23489	susceptible	NA	NA	susceptible	susceptible	NA	NA	NA
562.23487	resistant	NA	NA	resistant	susceptible	NA	NA	NA
562.2305	susceptible	NA	NA	susceptible	susceptible	NA	NA	NA
562.23049	susceptible	NA	NA	susceptible	susceptible	NA	NA	NA
562.23047999999994	susceptible	NA	NA	susceptible	susceptible	NA	NA	NA
562.22564	NA	resistant	NA	susceptible	susceptible	NA	NA	susceptible
562.22565	NA	resistant	NA	resistant	susceptible	NA	NA	susceptible
562.22566	NA	resistant	NA	susceptible	susceptible	NA	NA	susceptible
562.22567	NA	resistant	NA	susceptible	susceptible	NA	NA	susceptible
562.22568	NA	susceptible	NA	susceptible	susceptible	NA	NA	susceptible
562.22569	NA	resistant	NA	susceptible	susceptible	NA	NA	susceptible
562.2257	NA	susceptible	NA	susceptible	susceptible	NA	NA	susceptible
562.22563	NA	susceptible	NA	susceptible	susceptible	NA	NA	susceptible
562.22571	NA	susceptible	NA	susceptible	susceptible	NA	NA	susceptible
562.22573	NA	susceptible	NA	susceptible	susceptible	NA	NA	susceptible
562.22574	NA	susceptible	NA	susceptible	susceptible	NA	NA	susceptible
562.22576	NA	susceptible	NA	susceptible	susceptible	NA	NA	susceptible
562.22577	NA	resistant	NA	susceptible	susceptible	NA	NA	susceptible
562.22578	NA	susceptible	NA	susceptible	susceptible	NA	NA	susceptible
562.22579	NA	resistant	NA	susceptible	susceptible	NA	NA	susceptible
562.2258	NA	susceptible	NA	susceptible	susceptible	NA	NA	susceptible
562.22572	NA	resistant	NA	susceptible	susceptible	NA	NA	susceptible
562.22562	NA	resistant	NA	susceptible	susceptible	NA	NA	susceptible
562.22561	NA	resistant	NA	susceptible	susceptible	NA	NA	susceptible
562.2256	NA	resistant	NA	resistant	susceptible	NA	NA	resistant
562.22543	NA	resistant	NA	intermediate	susceptible	NA	NA	susceptible
562.22544	NA	resistant	NA	susceptible	susceptible	NA	NA	susceptible
562.22545	NA	resistant	NA	susceptible	susceptible	NA	NA	susceptible
562.22546	NA	resistant	NA	susceptible	susceptible	NA	NA	susceptible
562.22547	NA	resistant	NA	susceptible	susceptible	NA	NA	susceptible
562.22548	NA	resistant	NA	susceptible	susceptible	NA	NA	susceptible
562.22549	NA	susceptible	NA	susceptible	susceptible	NA	NA	susceptible
562.2255	NA	resistant	NA	susceptible	susceptible	NA	NA	susceptible
562.22551	NA	resistant	NA	resistant	susceptible	NA	NA	susceptible
562.22552	NA	resistant	NA	susceptible	susceptible	NA	NA	susceptible
562.22553	NA	susceptible	NA	susceptible	susceptible	NA	NA	susceptible
562.22554	NA	resistant	NA	susceptible	susceptible	NA	NA	susceptible
562.22555	NA	susceptible	NA	susceptible	susceptible	NA	NA	susceptible
562.22556	NA	susceptible	NA	susceptible	susceptible	NA	NA	susceptible
562.22557	NA	resistant	NA	susceptible	susceptible	NA	NA	susceptible
562.22558	NA	susceptible	NA	susceptible	susceptible	NA	NA	susceptible
562.22559	NA	resistant	NA	susceptible	susceptible	NA	NA	susceptible
562.22581	NA	resistant	NA	susceptible	susceptible	NA	NA	susceptible
562.22582	NA	resistant	NA	resistant	resistant	NA	NA	resistant
562.22583	NA	resistant	NA	resistant	susceptible	NA	NA	susceptible
562.22584	NA	resistant	NA	susceptible	susceptible	NA	NA	susceptible
562.22606	NA	susceptible	NA	susceptible	susceptible	NA	NA	susceptible
562.22607	NA	resistant	NA	susceptible	susceptible	NA	NA	susceptible
562.22608	NA	susceptible	NA	susceptible	susceptible	NA	NA	susceptible
562.22609	NA	susceptible	NA	susceptible	susceptible	NA	NA	susceptible
562.2261	NA	susceptible	NA	susceptible	susceptible	NA	NA	susceptible
562.22611	NA	resistant	NA	resistant	susceptible	NA	NA	resistant
562.22612	NA	resistant	NA	susceptible	susceptible	NA	NA	susceptible
562.22613	NA	susceptible	NA	susceptible	susceptible	NA	NA	susceptible
562.22614	NA	susceptible	NA	susceptible	susceptible	NA	NA	susceptible
562.22615	NA	susceptible	NA	susceptible	susceptible	NA	NA	susceptible
562.22617	NA	susceptible	NA	susceptible	susceptible	NA	NA	susceptible
562.22618	NA	resistant	NA	susceptible	susceptible	NA	NA	susceptible
562.22619	NA	resistant	NA	intermediate	susceptible	NA	NA	susceptible
562.2262	NA	resistant	NA	resistant	susceptible	NA	NA	susceptible
562.22621	NA	susceptible	NA	susceptible	susceptible	NA	NA	susceptible
562.22622	NA	susceptible	NA	resistant	susceptible	NA	NA	susceptible
562.22623	NA	susceptible	NA	susceptible	susceptible	NA	NA	susceptible
562.22605	NA	resistant	NA	susceptible	susceptible	NA	NA	susceptible
562.22542	NA	susceptible	NA	susceptible	susceptible	NA	NA	susceptible
562.22604	NA	susceptible	NA	susceptible	susceptible	NA	NA	susceptible
562.22602	NA	susceptible	NA	resistant	susceptible	NA	NA	susceptible
562.22585	NA	susceptible	NA	susceptible	susceptible	NA	NA	susceptible
562.22586	NA	resistant	NA	resistant	susceptible	NA	NA	susceptible
562.22587	NA	resistant	NA	susceptible	susceptible	NA	NA	susceptible
562.22588	NA	resistant	NA	resistant	susceptible	NA	NA	resistant
562.22589	NA	susceptible	NA	susceptible	susceptible	NA	NA	susceptible
562.2259	NA	susceptible	NA	susceptible	susceptible	NA	NA	susceptible
562.22591	NA	susceptible	NA	susceptible	susceptible	NA	NA	susceptible
562.22592	NA	resistant	NA	susceptible	susceptible	NA	NA	susceptible
562.22593	NA	resistant	NA	susceptible	susceptible	NA	NA	susceptible
562.22594	NA	susceptible	NA	susceptible	susceptible	NA	NA	susceptible
562.22595	NA	resistant	NA	resistant	susceptible	NA	NA	resistant
562.22596	NA	resistant	NA	resistant	resistant	NA	NA	resistant
562.22597	NA	resistant	NA	susceptible	susceptible	NA	NA	susceptible
562.22598	NA	susceptible	NA	susceptible	susceptible	NA	NA	susceptible
562.22599	NA	susceptible	NA	susceptible	susceptible	NA	NA	susceptible
562.226	NA	susceptible	NA	susceptible	susceptible	NA	NA	susceptible
562.22601	NA	susceptible	NA	resistant	susceptible	NA	NA	susceptible
562.22603	NA	susceptible	NA	susceptible	susceptible	NA	NA	susceptible
562.22541	NA	resistant	NA	resistant	susceptible	NA	NA	resistant
562.2254	NA	resistant	NA	susceptible	susceptible	NA	NA	susceptible
562.22539	NA	resistant	NA	resistant	susceptible	NA	NA	resistant
562.2248	NA	resistant	NA	susceptible	susceptible	NA	NA	susceptible
562.22481	NA	resistant	NA	resistant	susceptible	NA	NA	susceptible
562.22482	NA	susceptible	NA	susceptible	susceptible	NA	NA	susceptible
562.22483	NA	susceptible	NA	resistant	susceptible	NA	NA	susceptible
562.22484	NA	susceptible	NA	resistant	susceptible	NA	NA	susceptible
562.22485	NA	resistant	NA	susceptible	susceptible	NA	NA	susceptible
562.22486	NA	susceptible	NA	susceptible	susceptible	NA	NA	susceptible
562.22487	NA	susceptible	NA	susceptible	susceptible	NA	NA	susceptible
562.22488	NA	resistant	NA	resistant	susceptible	NA	NA	susceptible
562.22489	NA	susceptible	NA	susceptible	susceptible	NA	NA	susceptible
562.2249	NA	resistant	NA	susceptible	susceptible	NA	NA	susceptible
562.22491	NA	resistant	NA	resistant	susceptible	NA	NA	resistant
562.22492	NA	susceptible	NA	susceptible	susceptible	NA	NA	susceptible
562.22493	NA	susceptible	NA	susceptible	susceptible	NA	NA	susceptible
562.22494	NA	susceptible	NA	susceptible	susceptible	NA	NA	susceptible
562.22495	NA	susceptible	NA	resistant	susceptible	NA	NA	susceptible
562.22496	NA	resistant	NA	resistant	susceptible	NA	NA	susceptible
562.22479	NA	resistant	NA	resistant	susceptible	NA	NA	resistant
562.22497	NA	susceptible	NA	susceptible	susceptible	NA	NA	susceptible
562.22478	NA	resistant	NA	resistant	susceptible	NA	NA	susceptible
562.22476	NA	resistant	NA	susceptible	resistant	NA	NA	resistant
562.22458	NA	susceptible	NA	susceptible	susceptible	NA	NA	susceptible
562.22459	NA	susceptible	NA	susceptible	susceptible	NA	NA	susceptible
562.2246	NA	resistant	NA	resistant	susceptible	NA	NA	susceptible
562.22461	NA	resistant	NA	susceptible	susceptible	NA	NA	susceptible
562.22462	NA	resistant	NA	susceptible	susceptible	NA	NA	susceptible
562.22463	NA	susceptible	NA	susceptible	susceptible	NA	NA	susceptible
562.22464	NA	resistant	NA	susceptible	susceptible	NA	NA	susceptible
562.22465	NA	resistant	NA	resistant	resistant	NA	NA	intermediate
562.22466	NA	resistant	NA	susceptible	susceptible	NA	NA	susceptible
562.22467	NA	resistant	NA	susceptible	susceptible	NA	NA	susceptible
562.22468	NA	susceptible	NA	susceptible	susceptible	NA	NA	susceptible
562.22469	NA	resistant	NA	intermediate	susceptible	NA	NA	susceptible
562.2247	NA	susceptible	NA	susceptible	susceptible	NA	NA	susceptible
562.22471	NA	resistant	NA	resistant	susceptible	NA	NA	susceptible
562.22472	NA	resistant	NA	intermediate	susceptible	NA	NA	susceptible
562.22473	NA	susceptible	NA	susceptible	susceptible	NA	NA	susceptible
562.22474	NA	resistant	NA	susceptible	susceptible	NA	NA	susceptible
562.22477	NA	susceptible	NA	susceptible	susceptible	NA	NA	susceptible
562.22624	NA	susceptible	NA	susceptible	susceptible	NA	NA	susceptible
562.22498	NA	susceptible	NA	susceptible	susceptible	NA	NA	susceptible
562.225	NA	resistant	NA	susceptible	susceptible	NA	NA	susceptible
562.22522	NA	susceptible	NA	susceptible	susceptible	NA	NA	susceptible
562.22523	NA	susceptible	NA	susceptible	intermediate	NA	NA	intermediate
562.22524	NA	resistant	NA	susceptible	susceptible	NA	NA	susceptible
562.22525	NA	resistant	NA	susceptible	susceptible	NA	NA	susceptible
562.22526	NA	susceptible	NA	susceptible	susceptible	NA	NA	susceptible
562.22527	NA	resistant	NA	resistant	susceptible	NA	NA	susceptible
562.22528	NA	resistant	NA	susceptible	susceptible	NA	NA	susceptible
562.22529	NA	resistant	NA	susceptible	susceptible	NA	NA	susceptible
562.2253	NA	susceptible	NA	susceptible	susceptible	NA	NA	susceptible
562.22531	NA	resistant	NA	resistant	susceptible	NA	NA	susceptible
562.22532	NA	susceptible	NA	susceptible	susceptible	NA	NA	susceptible
562.22533	NA	susceptible	NA	susceptible	susceptible	NA	NA	susceptible
562.22534	NA	resistant	NA	susceptible	susceptible	NA	NA	susceptible
562.22535	NA	resistant	NA	susceptible	susceptible	NA	NA	susceptible
562.22536	NA	resistant	NA	resistant	susceptible	NA	NA	resistant
562.22537	NA	resistant	NA	susceptible	susceptible	NA	NA	susceptible
562.22538	NA	resistant	NA	susceptible	susceptible	NA	NA	susceptible
562.22521	NA	resistant	NA	susceptible	susceptible	NA	NA	susceptible
562.22499	NA	resistant	NA	resistant	resistant	NA	NA	resistant
562.2252	NA	resistant	NA	susceptible	susceptible	NA	NA	susceptible
562.22518	NA	resistant	NA	resistant	susceptible	NA	NA	resistant
562.22501	NA	resistant	NA	resistant	susceptible	NA	NA	susceptible
562.22502	NA	susceptible	NA	susceptible	susceptible	NA	NA	susceptible
562.22503	NA	resistant	NA	resistant	resistant	NA	NA	resistant
562.22504	NA	susceptible	NA	susceptible	susceptible	NA	NA	susceptible
562.22505	NA	resistant	NA	susceptible	susceptible	NA	NA	susceptible
562.22506	NA	susceptible	NA	susceptible	susceptible	NA	NA	susceptible
562.22507	NA	susceptible	NA	susceptible	susceptible	NA	NA	susceptible
562.22508	NA	resistant	NA	susceptible	susceptible	NA	NA	susceptible
562.22509	NA	susceptible	NA	susceptible	susceptible	NA	NA	susceptible
562.2251	NA	susceptible	NA	susceptible	susceptible	NA	NA	susceptible
562.22511	NA	susceptible	NA	susceptible	susceptible	NA	NA	susceptible
562.22512	NA	resistant	NA	susceptible	susceptible	NA	NA	susceptible
562.22513	NA	susceptible	NA	susceptible	susceptible	NA	NA	susceptible
562.22514	NA	susceptible	NA	susceptible	susceptible	NA	NA	susceptible
562.22515	NA	resistant	NA	susceptible	susceptible	NA	NA	susceptible
562.22516	NA	resistant	NA	susceptible	susceptible	NA	NA	susceptible
562.22517	NA	susceptible	NA	susceptible	susceptible	NA	NA	susceptible
562.22519	NA	resistant	NA	susceptible	susceptible	NA	NA	susceptible
562.22457	NA	resistant	NA	resistant	susceptible	NA	NA	resistant
562.22625	NA	susceptible	NA	susceptible	susceptible	NA	NA	susceptible
562.22627	NA	susceptible	NA	susceptible	susceptible	NA	NA	susceptible
562.22733	NA	resistant	NA	resistant	susceptible	NA	NA	susceptible
562.22734	NA	resistant	NA	susceptible	susceptible	NA	NA	susceptible
562.22735	NA	resistant	NA	susceptible	susceptible	NA	NA	susceptible
562.22736	NA	susceptible	NA	susceptible	susceptible	NA	NA	susceptible
562.22737	NA	susceptible	NA	susceptible	susceptible	NA	NA	susceptible
562.22738	NA	susceptible	NA	susceptible	susceptible	NA	NA	susceptible
562.2274	NA	susceptible	NA	susceptible	susceptible	NA	NA	susceptible
562.22732	NA	susceptible	NA	susceptible	susceptible	NA	NA	susceptible
562.22741	NA	resistant	NA	susceptible	susceptible	NA	NA	susceptible
562.22743	NA	resistant	NA	susceptible	susceptible	NA	NA	susceptible
562.22744	NA	resistant	NA	susceptible	susceptible	NA	NA	susceptible
562.22745	NA	resistant	NA	susceptible	susceptible	NA	NA	susceptible
562.22746	NA	resistant	NA	resistant	susceptible	NA	NA	susceptible
562.22747	NA	resistant	NA	susceptible	susceptible	NA	NA	susceptible
562.22748	NA	resistant	NA	susceptible	susceptible	NA	NA	susceptible
562.22749	NA	resistant	NA	susceptible	susceptible	NA	NA	susceptible
562.22742	NA	resistant	NA	susceptible	susceptible	NA	NA	susceptible
562.22731	NA	susceptible	NA	susceptible	susceptible	NA	NA	susceptible
562.2273	NA	susceptible	NA	susceptible	susceptible	NA	NA	susceptible
562.22729	NA	resistant	NA	susceptible	susceptible	NA	NA	susceptible
562.22712	NA	susceptible	NA	susceptible	susceptible	NA	NA	susceptible
562.22713	NA	resistant	NA	susceptible	susceptible	NA	NA	susceptible
562.22714	NA	resistant	NA	susceptible	susceptible	NA	NA	susceptible
562.22715	NA	resistant	NA	susceptible	susceptible	NA	NA	susceptible
562.22716	NA	resistant	NA	susceptible	susceptible	NA	NA	susceptible
562.22717	NA	resistant	NA	resistant	resistant	NA	NA	resistant
562.22718	NA	resistant	NA	resistant	susceptible	NA	NA	susceptible
562.22719	NA	susceptible	NA	susceptible	susceptible	NA	NA	susceptible
562.2272	NA	susceptible	NA	susceptible	susceptible	NA	NA	susceptible
562.22721	NA	resistant	NA	resistant	susceptible	NA	NA	susceptible
562.22722	NA	resistant	NA	susceptible	susceptible	NA	NA	susceptible
562.22723	NA	resistant	NA	susceptible	susceptible	NA	NA	susceptible
562.22724	NA	resistant	NA	resistant	susceptible	NA	NA	susceptible
562.22725	NA	susceptible	NA	susceptible	susceptible	NA	NA	susceptible
562.22726	NA	susceptible	NA	susceptible	susceptible	NA	NA	susceptible
562.22727	NA	resistant	NA	susceptible	susceptible	NA	NA	susceptible
562.22728	NA	resistant	NA	susceptible	susceptible	NA	NA	susceptible
562.2275	NA	resistant	NA	susceptible	susceptible	NA	NA	susceptible
562.22751	NA	resistant	NA	susceptible	susceptible	NA	NA	susceptible
562.22752	NA	resistant	NA	susceptible	susceptible	NA	NA	susceptible
562.22753	NA	susceptible	NA	susceptible	susceptible	NA	NA	susceptible
562.22775	NA	resistant	NA	susceptible	susceptible	NA	NA	susceptible
562.22776	NA	susceptible	NA	susceptible	susceptible	NA	NA	susceptible
562.22777	NA	susceptible	NA	susceptible	susceptible	NA	NA	susceptible
562.22778	NA	resistant	NA	susceptible	resistant	NA	NA	resistant
562.22779	NA	susceptible	NA	susceptible	susceptible	NA	NA	susceptible
562.2278	NA	resistant	NA	susceptible	susceptible	NA	NA	susceptible
562.22781	NA	susceptible	NA	susceptible	susceptible	NA	NA	susceptible
562.22782	NA	resistant	NA	susceptible	susceptible	NA	NA	susceptible
562.22783	NA	resistant	NA	resistant	susceptible	NA	NA	resistant
562.22784	NA	resistant	NA	susceptible	susceptible	NA	NA	susceptible
562.22785	NA	resistant	NA	susceptible	susceptible	NA	NA	susceptible
562.22786	NA	resistant	NA	susceptible	susceptible	NA	NA	susceptible
562.22787	NA	resistant	NA	resistant	susceptible	NA	NA	susceptible
562.22788	NA	resistant	NA	susceptible	susceptible	NA	NA	susceptible
562.22789	NA	resistant	NA	susceptible	susceptible	NA	NA	susceptible
562.2279	NA	susceptible	NA	susceptible	susceptible	NA	NA	susceptible
562.22791	NA	susceptible	NA	susceptible	susceptible	NA	NA	susceptible
562.22774	NA	resistant	NA	susceptible	susceptible	NA	NA	susceptible
562.22711	NA	resistant	NA	susceptible	susceptible	NA	NA	susceptible
562.22773	NA	susceptible	NA	susceptible	susceptible	NA	NA	susceptible
562.22771	NA	resistant	NA	susceptible	susceptible	NA	NA	susceptible
562.22754	NA	resistant	NA	resistant	resistant	NA	NA	resistant
562.22755	NA	resistant	NA	susceptible	susceptible	NA	NA	susceptible
562.22756	NA	resistant	NA	susceptible	susceptible	NA	NA	susceptible
562.22757	NA	resistant	NA	susceptible	susceptible	NA	NA	susceptible
562.22758	NA	resistant	NA	susceptible	susceptible	NA	NA	susceptible
562.22759	NA	resistant	NA	susceptible	susceptible	NA	NA	susceptible
562.2276	NA	susceptible	NA	susceptible	susceptible	NA	NA	susceptible
562.22761	NA	resistant	NA	resistant	susceptible	NA	NA	susceptible
562.22762	NA	susceptible	NA	susceptible	susceptible	NA	NA	susceptible
562.22763	NA	susceptible	NA	susceptible	susceptible	NA	NA	susceptible
562.22764	NA	resistant	NA	susceptible	susceptible	NA	NA	susceptible
562.22765	NA	resistant	NA	resistant	susceptible	NA	NA	susceptible
562.22766	NA	resistant	NA	susceptible	resistant	NA	NA	resistant
562.22767	NA	resistant	NA	resistant	susceptible	NA	NA	susceptible
562.22768	NA	resistant	NA	resistant	susceptible	NA	NA	resistant
562.22769	NA	susceptible	NA	susceptible	susceptible	NA	NA	susceptible
562.2277	NA	resistant	NA	resistant	susceptible	NA	NA	susceptible
562.22772	NA	resistant	NA	susceptible	susceptible	NA	NA	susceptible
562.2271	NA	susceptible	NA	susceptible	susceptible	NA	NA	susceptible
562.22709	NA	susceptible	NA	susceptible	susceptible	NA	NA	susceptible
562.22708	NA	resistant	NA	resistant	resistant	NA	NA	resistant
562.22649	NA	susceptible	NA	susceptible	susceptible	NA	NA	susceptible
562.2265	NA	resistant	NA	resistant	resistant	NA	NA	intermediate
562.22651	NA	resistant	NA	resistant	susceptible	NA	NA	susceptible
562.22652	NA	resistant	NA	susceptible	susceptible	NA	NA	susceptible
562.22653	NA	resistant	NA	susceptible	susceptible	NA	NA	susceptible
562.22654	NA	resistant	NA	susceptible	susceptible	NA	NA	susceptible
562.22655	NA	resistant	NA	resistant	resistant	NA	NA	resistant
562.22656	NA	resistant	NA	susceptible	susceptible	NA	NA	susceptible
562.22657	NA	resistant	NA	resistant	susceptible	NA	NA	susceptible
562.22658	NA	resistant	NA	susceptible	susceptible	NA	NA	susceptible
562.22659	NA	susceptible	NA	susceptible	susceptible	NA	NA	susceptible
562.2266	NA	susceptible	NA	susceptible	susceptible	NA	NA	susceptible
562.22661	NA	resistant	NA	susceptible	susceptible	NA	NA	susceptible
562.22662	NA	resistant	NA	susceptible	susceptible	NA	NA	susceptible
562.22663	NA	susceptible	NA	susceptible	susceptible	NA	NA	susceptible
562.22664	NA	susceptible	NA	susceptible	susceptible	NA	NA	susceptible
562.22665	NA	susceptible	NA	susceptible	susceptible	NA	NA	susceptible
562.22648	NA	resistant	NA	susceptible	susceptible	NA	NA	susceptible
562.22666	NA	susceptible	NA	susceptible	susceptible	NA	NA	susceptible
562.22647	NA	resistant	NA	resistant	susceptible	NA	NA	susceptible
562.22645	NA	susceptible	NA	susceptible	susceptible	NA	NA	susceptible
562.22628	NA	susceptible	NA	susceptible	susceptible	NA	NA	susceptible
562.22629	NA	susceptible	NA	susceptible	susceptible	NA	NA	susceptible
562.2263	NA	resistant	NA	resistant	susceptible	NA	NA	susceptible
562.22631	NA	susceptible	NA	resistant	susceptible	NA	NA	susceptible
562.22632	NA	resistant	NA	susceptible	susceptible	NA	NA	susceptible
562.22633	NA	susceptible	NA	susceptible	susceptible	NA	NA	susceptible
562.22634	NA	resistant	NA	susceptible	susceptible	NA	NA	susceptible
562.22635	NA	resistant	NA	susceptible	resistant	NA	NA	resistant
562.22636	NA	susceptible	NA	resistant	susceptible	NA	NA	susceptible
562.22637	NA	susceptible	NA	susceptible	susceptible	NA	NA	susceptible
562.22638	NA	resistant	NA	susceptible	susceptible	NA	NA	susceptible
562.22639	NA	resistant	NA	susceptible	susceptible	NA	NA	susceptible
562.2264	NA	resistant	NA	susceptible	susceptible	NA	NA	susceptible
562.22641	NA	susceptible	NA	susceptible	susceptible	NA	NA	susceptible
562.22642	NA	resistant	NA	resistant	susceptible	NA	NA	susceptible
562.22643	NA	resistant	NA	susceptible	susceptible	NA	NA	susceptible
562.22644	NA	resistant	NA	susceptible	susceptible	NA	NA	susceptible
562.22646	NA	resistant	NA	susceptible	susceptible	NA	NA	susceptible
562.22626	NA	resistant	NA	resistant	susceptible	NA	NA	susceptible
562.22667	NA	resistant	NA	susceptible	susceptible	NA	NA	susceptible
562.22669	NA	resistant	NA	resistant	susceptible	NA	NA	resistant
562.22691	NA	resistant	NA	resistant	resistant	NA	NA	resistant
562.22692	NA	resistant	NA	susceptible	susceptible	NA	NA	susceptible
562.22693	NA	resistant	NA	susceptible	susceptible	NA	NA	susceptible
562.22694	NA	resistant	NA	resistant	susceptible	NA	NA	susceptible
562.22695	NA	resistant	NA	susceptible	susceptible	NA	NA	susceptible
562.22696	NA	resistant	NA	susceptible	susceptible	NA	NA	susceptible
562.22697	NA	susceptible	NA	susceptible	susceptible	NA	NA	susceptible
562.22698	NA	susceptible	NA	susceptible	susceptible	NA	NA	susceptible
562.22699	NA	susceptible	NA	susceptible	susceptible	NA	NA	susceptible
562.227	NA	resistant	NA	resistant	resistant	NA	NA	resistant
562.22701	NA	resistant	NA	susceptible	susceptible	NA	NA	susceptible
562.22702	NA	resistant	NA	susceptible	susceptible	NA	NA	susceptible
562.22703	NA	resistant	NA	susceptible	susceptible	NA	NA	susceptible
562.22704	NA	susceptible	NA	susceptible	susceptible	NA	NA	susceptible
562.22705	NA	susceptible	NA	susceptible	susceptible	NA	NA	susceptible
562.22706	NA	susceptible	NA	susceptible	susceptible	NA	NA	susceptible
562.22707	NA	resistant	NA	susceptible	susceptible	NA	NA	susceptible
562.2269	NA	susceptible	NA	susceptible	susceptible	NA	NA	susceptible
562.22668	NA	susceptible	NA	susceptible	susceptible	NA	NA	susceptible
562.22689	NA	resistant	NA	susceptible	intermediate	NA	NA	intermediate
562.22687	NA	resistant	NA	susceptible	susceptible	NA	NA	susceptible
562.2267	NA	susceptible	NA	susceptible	susceptible	NA	NA	susceptible
562.22671	NA	resistant	NA	susceptible	susceptible	NA	NA	susceptible
562.22672	NA	resistant	NA	resistant	resistant	NA	NA	resistant
562.22673	NA	susceptible	NA	susceptible	susceptible	NA	NA	susceptible
562.22674	NA	susceptible	NA	susceptible	susceptible	NA	NA	susceptible
562.22675	NA	susceptible	NA	susceptible	susceptible	NA	NA	susceptible
562.22676	NA	resistant	NA	susceptible	susceptible	NA	NA	susceptible
562.22677	NA	resistant	NA	resistant	resistant	NA	NA	resistant
562.22678	NA	susceptible	NA	susceptible	susceptible	NA	NA	susceptible
562.22679	NA	susceptible	NA	susceptible	susceptible	NA	NA	susceptible
562.2268	NA	resistant	NA	resistant	susceptible	NA	NA	resistant
562.22681	NA	resistant	NA	susceptible	susceptible	NA	NA	susceptible
562.22682	NA	resistant	NA	susceptible	susceptible	NA	NA	susceptible
562.22683	NA	resistant	NA	susceptible	susceptible	NA	NA	susceptible
562.22684	NA	resistant	NA	susceptible	susceptible	NA	NA	susceptible
562.22685	NA	resistant	NA	intermediate	resistant	NA	NA	resistant
562.22686	NA	resistant	NA	susceptible	susceptible	NA	NA	susceptible
562.22688	NA	resistant	NA	susceptible	susceptible	NA	NA	susceptible
562.23715	resistant	NA	NA	susceptible	susceptible	NA	NA	NA
562.22455	NA	resistant	NA	resistant	resistant	NA	NA	resistant
562.22453	NA	susceptible	NA	susceptible	susceptible	NA	NA	susceptible
562.22942	resistant	NA	NA	resistant	susceptible	NA	NA	NA
562.22941	resistant	NA	NA	susceptible	susceptible	NA	NA	NA
562.2294	susceptible	NA	NA	susceptible	susceptible	NA	NA	NA
562.22939	susceptible	NA	NA	susceptible	susceptible	NA	NA	NA
562.22938	susceptible	NA	NA	susceptible	susceptible	NA	NA	NA
562.22937	susceptible	NA	NA	susceptible	susceptible	NA	NA	NA
562.22936	susceptible	NA	NA	susceptible	susceptible	NA	NA	NA
562.22943	susceptible	NA	NA	susceptible	susceptible	NA	NA	NA
562.22935	susceptible	NA	NA	susceptible	susceptible	NA	NA	NA
562.22933	resistant	NA	NA	resistant	susceptible	NA	NA	NA
562.22932	resistant	NA	NA	susceptible	susceptible	NA	NA	NA
562.22931	resistant	NA	NA	susceptible	susceptible	NA	NA	NA
562.2293	resistant	NA	NA	susceptible	susceptible	NA	NA	NA
562.22929	resistant	NA	NA	susceptible	susceptible	NA	NA	NA
562.22928	susceptible	NA	NA	susceptible	susceptible	NA	NA	NA
562.22927	resistant	NA	NA	resistant	susceptible	NA	NA	NA
562.22934	resistant	NA	NA	susceptible	susceptible	NA	NA	NA
562.22944	resistant	NA	NA	susceptible	susceptible	NA	NA	NA
562.22945	susceptible	NA	NA	susceptible	susceptible	NA	NA	NA
562.22946	resistant	NA	NA	susceptible	susceptible	NA	NA	NA
562.22963	resistant	NA	NA	susceptible	intermediate	NA	NA	NA
562.22962	resistant	NA	NA	susceptible	susceptible	NA	NA	NA
562.22961	resistant	NA	NA	susceptible	susceptible	NA	NA	NA
562.2296	resistant	NA	NA	susceptible	susceptible	NA	NA	NA
562.22959	resistant	NA	NA	susceptible	susceptible	NA	NA	NA
562.22958	resistant	NA	NA	susceptible	susceptible	NA	NA	NA
562.22957	resistant	NA	NA	susceptible	susceptible	NA	NA	NA
562.22956	susceptible	NA	NA	susceptible	susceptible	NA	NA	NA
562.22955	resistant	NA	NA	susceptible	susceptible	NA	NA	NA
562.22954	susceptible	NA	NA	susceptible	susceptible	NA	NA	NA
562.22953	susceptible	NA	NA	susceptible	susceptible	NA	NA	NA
562.22952	susceptible	NA	NA	susceptible	susceptible	NA	NA	NA
562.22951	susceptible	NA	NA	susceptible	susceptible	NA	NA	NA
562.2295	susceptible	NA	NA	susceptible	susceptible	NA	NA	NA
562.22949	resistant	NA	NA	susceptible	susceptible	NA	NA	NA
562.22948	susceptible	NA	NA	susceptible	susceptible	NA	NA	NA
562.22947	susceptible	NA	NA	susceptible	susceptible	NA	NA	NA
562.22926	susceptible	NA	NA	susceptible	susceptible	NA	NA	NA
562.22925	resistant	NA	NA	susceptible	susceptible	NA	NA	NA
562.22924	susceptible	NA	NA	susceptible	susceptible	NA	NA	NA
562.22923	susceptible	NA	NA	resistant	resistant	NA	NA	NA
562.22901	resistant	NA	NA	susceptible	susceptible	NA	NA	NA
562.229	resistant	NA	NA	susceptible	susceptible	NA	NA	NA
562.22899	susceptible	NA	NA	susceptible	susceptible	NA	NA	NA
562.22898	resistant	NA	NA	susceptible	susceptible	NA	NA	NA
562.22897	resistant	NA	NA	susceptible	susceptible	NA	NA	NA
562.22896	resistant	NA	NA	susceptible	susceptible	NA	NA	NA
562.22895	resistant	NA	NA	susceptible	susceptible	NA	NA	NA
562.22894	resistant	NA	NA	susceptible	susceptible	NA	NA	NA
562.22893	resistant	NA	NA	susceptible	susceptible	NA	NA	NA
562.22892	resistant	NA	NA	susceptible	resistant	NA	NA	NA
562.22891	susceptible	NA	NA	susceptible	susceptible	NA	NA	NA
562.2289	susceptible	NA	NA	susceptible	susceptible	NA	NA	NA
562.22889	susceptible	NA	NA	susceptible	susceptible	NA	NA	NA
562.22888	resistant	NA	NA	susceptible	susceptible	NA	NA	NA
562.22887	susceptible	NA	NA	susceptible	resistant	NA	NA	NA
562.22886	susceptible	NA	NA	susceptible	susceptible	NA	NA	NA
562.22885	resistant	NA	NA	susceptible	susceptible	NA	NA	NA
562.22902	resistant	NA	NA	susceptible	susceptible	NA	NA	NA
562.22964	resistant	NA	NA	susceptible	susceptible	NA	NA	NA
562.22903	resistant	NA	NA	susceptible	susceptible	NA	NA	NA
562.22905	susceptible	NA	NA	susceptible	susceptible	NA	NA	NA
562.22922	susceptible	NA	NA	susceptible	susceptible	NA	NA	NA
562.22921	susceptible	NA	NA	susceptible	susceptible	NA	NA	NA
562.2292	resistant	NA	NA	resistant	susceptible	NA	NA	NA
562.22919	resistant	NA	NA	susceptible	susceptible	NA	NA	NA
562.22918	resistant	NA	NA	resistant	resistant	NA	NA	NA
562.22917	susceptible	NA	NA	susceptible	susceptible	NA	NA	NA
562.22916	susceptible	NA	NA	susceptible	susceptible	NA	NA	NA
562.22915	resistant	NA	NA	susceptible	susceptible	NA	NA	NA
562.22914	resistant	NA	NA	susceptible	susceptible	NA	NA	NA
562.22913	susceptible	NA	NA	susceptible	susceptible	NA	NA	NA
562.22912	susceptible	NA	NA	susceptible	susceptible	NA	NA	NA
562.22911	susceptible	NA	NA	susceptible	susceptible	NA	NA	NA
562.2291	susceptible	NA	NA	susceptible	susceptible	NA	NA	NA
562.22909	resistant	NA	NA	susceptible	susceptible	NA	NA	NA
562.22908	resistant	NA	NA	susceptible	susceptible	NA	NA	NA
562.22907	susceptible	NA	NA	susceptible	susceptible	NA	NA	NA
562.22906	susceptible	NA	NA	susceptible	susceptible	NA	NA	NA
562.22904	susceptible	NA	NA	susceptible	susceptible	NA	NA	NA
562.22965	resistant	NA	NA	susceptible	susceptible	NA	NA	NA
562.22966	resistant	NA	NA	susceptible	susceptible	NA	NA	NA
562.22967	resistant	NA	NA	susceptible	susceptible	NA	NA	NA
562.23026	resistant	NA	NA	susceptible	susceptible	NA	NA	NA
562.23025	resistant	NA	NA	susceptible	susceptible	NA	NA	NA
562.23024	resistant	NA	NA	intermediate	resistant	NA	NA	NA
562.23023	resistant	NA	NA	susceptible	susceptible	NA	NA	NA
562.23022	resistant	NA	NA	susceptible	susceptible	NA	NA	NA
562.23021	susceptible	NA	NA	susceptible	susceptible	NA	NA	NA
562.2302	resistant	NA	NA	susceptible	susceptible	NA	NA	NA
562.23019	resistant	NA	NA	susceptible	susceptible	NA	NA	NA
562.23018	resistant	NA	NA	susceptible	susceptible	NA	NA	NA
562.23017	susceptible	NA	NA	susceptible	susceptible	NA	NA	NA
562.23016	susceptible	NA	NA	susceptible	susceptible	NA	NA	NA
562.23015	susceptible	NA	NA	susceptible	susceptible	NA	NA	NA
562.23014	susceptible	NA	NA	susceptible	susceptible	NA	NA	NA
562.23013	resistant	NA	NA	susceptible	susceptible	NA	NA	NA
562.23012	resistant	NA	NA	susceptible	susceptible	NA	NA	NA
562.23011	resistant	NA	NA	susceptible	intermediate	NA	NA	NA
562.2301	resistant	NA	NA	susceptible	susceptible	NA	NA	NA
562.23027	susceptible	NA	NA	susceptible	susceptible	NA	NA	NA
562.23009	susceptible	NA	NA	susceptible	susceptible	NA	NA	NA
562.23028	resistant	NA	NA	resistant	susceptible	NA	NA	NA
562.2303	resistant	NA	NA	susceptible	susceptible	NA	NA	NA
562.23047	resistant	NA	NA	resistant	resistant	NA	NA	NA
562.23046	resistant	NA	NA	susceptible	susceptible	NA	NA	NA
562.23045	susceptible	NA	NA	susceptible	susceptible	NA	NA	NA
562.23044	susceptible	NA	NA	susceptible	susceptible	NA	NA	NA
562.23043	susceptible	NA	NA	susceptible	susceptible	NA	NA	NA
562.23042	susceptible	NA	NA	susceptible	susceptible	NA	NA	NA
562.23041	resistant	NA	NA	susceptible	susceptible	NA	NA	NA
562.2304	resistant	NA	NA	susceptible	susceptible	NA	NA	NA
562.23039000000006	resistant	NA	NA	susceptible	susceptible	NA	NA	NA
562.23038	susceptible	NA	NA	susceptible	susceptible	NA	NA	NA
562.23037	susceptible	NA	NA	susceptible	susceptible	NA	NA	NA
562.23036	resistant	NA	NA	susceptible	susceptible	NA	NA	NA
562.23035	resistant	NA	NA	susceptible	susceptible	NA	NA	NA
562.23034	susceptible	NA	NA	susceptible	susceptible	NA	NA	NA
562.23033	susceptible	NA	NA	susceptible	susceptible	NA	NA	NA
562.23032	resistant	NA	NA	susceptible	susceptible	NA	NA	NA
562.23031	resistant	NA	NA	susceptible	susceptible	NA	NA	NA
562.23029	resistant	NA	NA	resistant	susceptible	NA	NA	NA
562.22884	resistant	NA	NA	susceptible	susceptible	NA	NA	NA
562.23008	resistant	NA	NA	susceptible	susceptible	NA	NA	NA
562.23006	susceptible	NA	NA	susceptible	susceptible	NA	NA	NA
562.22984	resistant	NA	NA	susceptible	intermediate	NA	NA	NA
562.22983	resistant	NA	NA	susceptible	susceptible	NA	NA	NA
562.22982	resistant	NA	NA	susceptible	susceptible	NA	NA	NA
562.22981	resistant	NA	NA	susceptible	susceptible	NA	NA	NA
562.2298	susceptible	NA	NA	susceptible	susceptible	NA	NA	NA
562.22979	resistant	NA	NA	susceptible	resistant	NA	NA	NA
562.22978	resistant	NA	NA	susceptible	susceptible	NA	NA	NA
562.22977	susceptible	NA	NA	susceptible	susceptible	NA	NA	NA
562.22976	resistant	NA	NA	susceptible	susceptible	NA	NA	NA
562.22975	resistant	NA	NA	susceptible	susceptible	NA	NA	NA
562.22974	susceptible	NA	NA	susceptible	susceptible	NA	NA	NA
562.22973	resistant	NA	NA	susceptible	susceptible	NA	NA	NA
562.22972	resistant	NA	NA	susceptible	susceptible	NA	NA	NA
562.22971	resistant	NA	NA	susceptible	susceptible	NA	NA	NA
562.2297	resistant	NA	NA	susceptible	susceptible	NA	NA	NA
562.22969	resistant	NA	NA	susceptible	susceptible	NA	NA	NA
562.22968	resistant	NA	NA	susceptible	susceptible	NA	NA	NA
562.22985	resistant	NA	NA	susceptible	susceptible	NA	NA	NA
562.23007	susceptible	NA	NA	susceptible	susceptible	NA	NA	NA
562.22986	susceptible	NA	NA	susceptible	susceptible	NA	NA	NA
562.22988	susceptible	NA	NA	susceptible	susceptible	NA	NA	NA
562.23005	resistant	NA	NA	susceptible	susceptible	NA	NA	NA
562.23004	resistant	NA	NA	susceptible	susceptible	NA	NA	NA
562.23003	resistant	NA	NA	susceptible	susceptible	NA	NA	NA
562.23002	resistant	NA	NA	susceptible	susceptible	NA	NA	NA
562.23001	resistant	NA	NA	susceptible	susceptible	NA	NA	NA
562.23	resistant	NA	NA	susceptible	susceptible	NA	NA	NA
562.22999	resistant	NA	NA	susceptible	susceptible	NA	NA	NA
562.22998	susceptible	NA	NA	susceptible	susceptible	NA	NA	NA
562.22997	resistant	NA	NA	resistant	resistant	NA	NA	NA
562.22996	susceptible	NA	NA	susceptible	susceptible	NA	NA	NA
562.22995	susceptible	NA	NA	susceptible	susceptible	NA	NA	NA
562.22994	susceptible	NA	NA	susceptible	susceptible	NA	NA	NA
562.22993	resistant	NA	NA	susceptible	susceptible	NA	NA	NA
562.22992	resistant	NA	NA	susceptible	susceptible	NA	NA	NA
562.22991	resistant	NA	NA	susceptible	susceptible	NA	NA	NA
562.2299	susceptible	NA	NA	susceptible	susceptible	NA	NA	NA
562.22989	susceptible	NA	NA	susceptible	susceptible	NA	NA	NA
562.22987	susceptible	NA	NA	susceptible	susceptible	NA	NA	NA
562.22454	NA	resistant	NA	susceptible	susceptible	NA	NA	susceptible
562.22883	susceptible	NA	NA	susceptible	susceptible	NA	NA	NA
562.22881	resistant	NA	NA	susceptible	susceptible	NA	NA	NA
562.1908	NA	NA	intermediate	NA	NA	NA	NA	NA
562.19081	NA	NA	resistant	NA	NA	NA	NA	NA
562.19082	NA	NA	resistant	NA	NA	NA	NA	NA
562.19083	NA	NA	resistant	NA	NA	NA	NA	NA
562.19084	NA	NA	resistant	NA	NA	NA	NA	NA
562.19085	NA	NA	resistant	NA	NA	NA	NA	NA
562.19086	NA	NA	resistant	NA	NA	NA	NA	NA
562.19078	NA	NA	resistant	NA	NA	NA	NA	NA
562.19151	NA	resistant	NA	susceptible	susceptible	NA	NA	NA
562.19185	NA	NA	NA	NA	NA	NA	susceptible	NA
562.19186	NA	NA	NA	NA	NA	NA	susceptible	NA
562.19189	NA	NA	NA	NA	NA	NA	susceptible	NA
562.19194	NA	NA	resistant	susceptible	NA	NA	NA	NA
562.19195	NA	NA	resistant	susceptible	NA	NA	NA	NA
562.19196	NA	NA	resistant	susceptible	susceptible	NA	NA	NA
562.19197	NA	NA	resistant	susceptible	NA	NA	NA	NA
562.19184	NA	NA	NA	NA	NA	NA	susceptible	NA
562.17722	NA	NA	resistant	resistant	NA	resistant	resistant	NA
562.17721	NA	NA	resistant	resistant	NA	resistant	resistant	NA
562.17621	NA	NA	resistant	resistant	susceptible	resistant	resistant	NA
562.22796	NA	susceptible	NA	susceptible	susceptible	NA	NA	susceptible
562.22795	NA	susceptible	NA	susceptible	susceptible	NA	NA	susceptible
562.22794	NA	resistant	NA	resistant	resistant	NA	NA	resistant
562.10576	NA	NA	resistant	NA	NA	NA	NA	NA
562.12959	NA	NA	resistant	resistant	NA	resistant	resistant	NA
562.1296	NA	NA	resistant	resistant	NA	resistant	susceptible	NA
562.12961	NA	resistant	NA	susceptible	resistant	NA	NA	intermediate
562.12962	NA	resistant	NA	intermediate	susceptible	NA	NA	susceptible
562.13502	NA	NA	NA	resistant	resistant	NA	resistant	NA
562.13671	NA	resistant	NA	susceptible	resistant	NA	NA	NA
562.16324	NA	NA	resistant	resistant	NA	resistant	susceptible	NA
562.16325	NA	NA	resistant	NA	NA	susceptible	resistant	NA
562.16326	NA	NA	resistant	NA	susceptible	susceptible	resistant	NA
562.16327	NA	NA	resistant	resistant	susceptible	resistant	resistant	NA
562.16466	NA	NA	resistant	NA	NA	NA	resistant	NA
562.17359	NA	NA	NA	resistant	susceptible	NA	NA	NA
562.1762	NA	resistant	resistant	resistant	NA	resistant	susceptible	NA
562.19198	NA	NA	resistant	NA	susceptible	NA	NA	NA
562.19199	NA	NA	resistant	NA	NA	NA	NA	NA
562.192	NA	NA	resistant	susceptible	susceptible	NA	NA	NA
562.19201	NA	NA	resistant	susceptible	susceptible	NA	susceptible	NA
562.22436	NA	resistant	NA	susceptible	susceptible	NA	NA	susceptible
562.22437	NA	resistant	NA	susceptible	susceptible	NA	NA	susceptible
562.22438	NA	susceptible	NA	susceptible	susceptible	NA	NA	susceptible
562.22439	NA	susceptible	NA	susceptible	susceptible	NA	NA	susceptible
562.2244	NA	resistant	NA	resistant	susceptible	NA	NA	susceptible
562.22441	NA	resistant	NA	susceptible	susceptible	NA	NA	susceptible
562.22442	NA	resistant	NA	resistant	susceptible	NA	NA	resistant
562.22443	NA	resistant	NA	susceptible	susceptible	NA	NA	susceptible
562.22444	NA	susceptible	NA	susceptible	susceptible	NA	NA	susceptible
562.22445	NA	resistant	NA	susceptible	resistant	NA	NA	intermediate
562.22446	NA	susceptible	NA	susceptible	susceptible	NA	NA	susceptible
562.22447	NA	resistant	NA	susceptible	susceptible	NA	NA	susceptible
562.22448	NA	susceptible	NA	susceptible	susceptible	NA	NA	susceptible
562.22449	NA	susceptible	NA	susceptible	susceptible	NA	NA	susceptible
562.2245	NA	susceptible	NA	susceptible	susceptible	NA	NA	susceptible
562.22451	NA	susceptible	NA	susceptible	susceptible	NA	NA	susceptible
562.22452	NA	susceptible	NA	susceptible	susceptible	NA	NA	susceptible
562.22435	NA	resistant	NA	susceptible	susceptible	NA	NA	susceptible
562.22797	NA	susceptible	NA	resistant	susceptible	NA	NA	susceptible
562.22434	NA	resistant	NA	resistant	susceptible	NA	NA	susceptible
562.22432	NA	resistant	NA	resistant	susceptible	NA	NA	resistant
562.19221	NA	NA	resistant	NA	NA	NA	NA	NA
562.19631	NA	NA	resistant	resistant	susceptible	resistant	resistant	NA
562.19632	NA	NA	resistant	resistant	NA	resistant	resistant	intermediate
562.19633	NA	NA	resistant	resistant	NA	resistant	susceptible	NA
562.19637	NA	NA	resistant	NA	NA	NA	NA	NA
562.19638	NA	NA	resistant	NA	NA	NA	NA	NA
562.19821	NA	NA	resistant	resistant	susceptible	resistant	susceptible	NA
562.19823	NA	NA	resistant	resistant	NA	resistant	resistant	NA
562.20499	NA	NA	resistant	resistant	susceptible	resistant	resistant	NA
562.21897	NA	NA	resistant	susceptible	susceptible	NA	NA	NA
562.21898	NA	NA	resistant	susceptible	susceptible	NA	NA	NA
562.21899	NA	NA	resistant	susceptible	susceptible	NA	NA	NA
562.22426	NA	NA	resistant	resistant	susceptible	resistant	resistant	NA
562.22428	NA	susceptible	NA	susceptible	susceptible	NA	NA	susceptible
562.22429	NA	resistant	NA	resistant	susceptible	NA	NA	susceptible
562.2243	NA	susceptible	NA	susceptible	susceptible	NA	NA	susceptible
562.22431	NA	resistant	NA	resistant	susceptible	NA	NA	susceptible
562.22433	NA	susceptible	NA	susceptible	susceptible	NA	NA	susceptible
562.22798	NA	susceptible	NA	susceptible	susceptible	NA	NA	susceptible
562.22799	NA	susceptible	NA	susceptible	susceptible	NA	NA	susceptible
562.228	NA	resistant	NA	susceptible	susceptible	NA	NA	susceptible
562.22859	susceptible	NA	NA	susceptible	susceptible	NA	NA	NA
562.22858	resistant	NA	NA	susceptible	susceptible	NA	NA	NA
562.22857	susceptible	NA	NA	susceptible	susceptible	NA	NA	NA
562.22856	resistant	NA	NA	susceptible	susceptible	NA	NA	NA
562.22855	resistant	NA	NA	susceptible	susceptible	NA	NA	NA
562.22854	susceptible	NA	NA	resistant	resistant	NA	NA	NA
562.22853	resistant	NA	NA	susceptible	susceptible	NA	NA	NA
562.22852	susceptible	NA	NA	susceptible	susceptible	NA	NA	NA
562.22851	susceptible	NA	NA	susceptible	susceptible	NA	NA	NA
562.2285	susceptible	NA	NA	susceptible	susceptible	NA	NA	NA
562.22849	susceptible	NA	NA	susceptible	susceptible	NA	NA	NA
562.22848	susceptible	NA	NA	susceptible	susceptible	NA	NA	NA
562.22847	resistant	NA	NA	resistant	susceptible	NA	NA	NA
562.22846	susceptible	NA	NA	susceptible	susceptible	NA	NA	NA
562.22845	susceptible	NA	NA	susceptible	susceptible	NA	NA	NA
562.22844	susceptible	NA	NA	susceptible	susceptible	NA	NA	NA
562.22843	resistant	NA	NA	resistant	susceptible	NA	NA	NA
562.2286	resistant	NA	NA	resistant	susceptible	NA	NA	NA
562.22842	susceptible	NA	NA	susceptible	susceptible	NA	NA	NA
562.22861	resistant	NA	NA	susceptible	susceptible	NA	NA	NA
562.22863	susceptible	NA	NA	susceptible	susceptible	NA	NA	NA
562.2288	NA	resistant	NA	intermediate	susceptible	NA	NA	susceptible
562.22879	NA	susceptible	NA	resistant	susceptible	NA	NA	susceptible
562.22878	NA	susceptible	NA	susceptible	susceptible	NA	NA	susceptible
562.22877	NA	susceptible	NA	susceptible	susceptible	NA	NA	susceptible
562.22876	NA	resistant	NA	susceptible	susceptible	NA	NA	susceptible
562.22875	NA	resistant	NA	susceptible	susceptible	NA	NA	susceptible
562.22874	NA	susceptible	NA	susceptible	susceptible	NA	NA	susceptible
562.22873	NA	resistant	NA	susceptible	susceptible	NA	NA	susceptible
562.22872	NA	resistant	NA	susceptible	susceptible	NA	NA	susceptible
562.22871	resistant	NA	NA	susceptible	susceptible	NA	NA	NA
562.2287	resistant	NA	NA	susceptible	susceptible	NA	NA	NA
562.22869	resistant	NA	NA	susceptible	susceptible	NA	NA	NA
562.22868	susceptible	NA	NA	resistant	resistant	NA	NA	NA
562.22867	resistant	NA	NA	resistant	resistant	NA	NA	NA
562.22866	resistant	NA	NA	susceptible	susceptible	NA	NA	NA
562.22865	resistant	NA	NA	resistant	resistant	NA	NA	NA
562.22864	resistant	NA	NA	susceptible	susceptible	NA	NA	NA
562.22862	resistant	NA	NA	susceptible	susceptible	NA	NA	NA
562.22882	resistant	NA	NA	susceptible	susceptible	NA	NA	NA
562.22841	resistant	NA	NA	susceptible	susceptible	NA	NA	NA
562.22839	susceptible	NA	NA	susceptible	susceptible	NA	NA	NA
562.22817	NA	susceptible	NA	susceptible	susceptible	NA	NA	susceptible
562.22816	NA	resistant	NA	susceptible	susceptible	NA	NA	susceptible
562.22815	NA	resistant	NA	susceptible	susceptible	NA	NA	susceptible
562.22814	NA	susceptible	NA	susceptible	susceptible	NA	NA	susceptible
562.22813	NA	resistant	NA	resistant	susceptible	NA	NA	resistant
562.22812	NA	resistant	NA	susceptible	susceptible	NA	NA	susceptible
562.22811	NA	resistant	NA	resistant	susceptible	NA	NA	susceptible
562.2281	NA	susceptible	NA	susceptible	susceptible	NA	NA	susceptible
562.22809	NA	susceptible	NA	susceptible	susceptible	NA	NA	susceptible
562.22808	NA	susceptible	NA	susceptible	susceptible	NA	NA	susceptible
562.22807	NA	resistant	NA	susceptible	susceptible	NA	NA	susceptible
562.22806	NA	resistant	NA	resistant	susceptible	NA	NA	resistant
562.22805	NA	resistant	NA	susceptible	susceptible	NA	NA	susceptible
562.22804	NA	susceptible	NA	susceptible	susceptible	NA	NA	susceptible
562.22803	NA	susceptible	NA	susceptible	susceptible	NA	NA	susceptible
562.22802	NA	resistant	NA	susceptible	susceptible	NA	NA	susceptible
562.22801	NA	susceptible	NA	susceptible	susceptible	NA	NA	susceptible
562.22818	NA	resistant	NA	susceptible	susceptible	NA	NA	susceptible
562.2284	resistant	NA	NA	susceptible	susceptible	NA	NA	NA
562.22819	NA	resistant	NA	susceptible	susceptible	NA	NA	susceptible
562.22821	NA	resistant	NA	resistant	resistant	NA	NA	resistant
562.22838	susceptible	NA	NA	susceptible	susceptible	NA	NA	NA
562.22837	susceptible	NA	NA	susceptible	susceptible	NA	NA	NA
562.22836	resistant	NA	NA	susceptible	susceptible	NA	NA	NA
562.22835	resistant	NA	NA	susceptible	susceptible	NA	NA	NA
562.22834	susceptible	NA	NA	susceptible	susceptible	NA	NA	NA
562.22833	susceptible	NA	NA	susceptible	susceptible	NA	NA	NA
562.22832	resistant	NA	NA	susceptible	susceptible	NA	NA	NA
562.22831	resistant	NA	NA	susceptible	susceptible	NA	NA	NA
562.2283	resistant	NA	NA	susceptible	susceptible	NA	NA	NA
562.22829	susceptible	NA	NA	susceptible	susceptible	NA	NA	NA
562.22828	susceptible	NA	NA	susceptible	susceptible	NA	NA	NA
562.22827	NA	susceptible	NA	susceptible	susceptible	NA	NA	susceptible
562.22826	NA	resistant	NA	susceptible	susceptible	NA	NA	susceptible
562.22825	NA	resistant	NA	susceptible	susceptible	NA	NA	susceptible
562.22824	NA	susceptible	NA	susceptible	susceptible	NA	NA	susceptible
562.22823	NA	susceptible	NA	susceptible	susceptible	NA	NA	susceptible
562.22822	NA	resistant	NA	resistant	susceptible	NA	NA	susceptible
562.2282	NA	resistant	NA	susceptible	susceptible	NA	NA	susceptible
562.23716	resistant	NA	NA	susceptible	susceptible	NA	NA	NA
562.23709	resistant	NA	NA	susceptible	susceptible	NA	NA	NA
562.23718	susceptible	NA	NA	susceptible	susceptible	NA	NA	NA
562.57121	NA	resistant	NA	susceptible	susceptible	NA	NA	susceptible
562.5712	NA	resistant	NA	resistant	resistant	NA	NA	resistant
562.57119	NA	resistant	NA	resistant	susceptible	NA	NA	resistant
562.57118	NA	resistant	NA	susceptible	resistant	NA	NA	resistant
562.57117	NA	resistant	NA	susceptible	susceptible	NA	NA	susceptible
562.57115	NA	susceptible	NA	susceptible	susceptible	NA	NA	susceptible
562.57114	NA	resistant	NA	resistant	susceptible	NA	NA	susceptible
562.57111	NA	resistant	NA	susceptible	susceptible	NA	NA	susceptible
562.5711	NA	resistant	NA	susceptible	susceptible	NA	NA	susceptible
562.57109	NA	resistant	NA	susceptible	resistant	NA	NA	resistant
562.57108	NA	resistant	NA	susceptible	susceptible	NA	NA	susceptible
562.57107	NA	resistant	NA	susceptible	susceptible	NA	NA	susceptible
562.57106	NA	resistant	NA	susceptible	susceptible	NA	NA	susceptible
562.57105	NA	resistant	NA	susceptible	susceptible	NA	NA	susceptible
562.57104	NA	resistant	NA	susceptible	susceptible	NA	NA	susceptible
562.57122	NA	resistant	NA	susceptible	susceptible	NA	NA	susceptible
562.57123	NA	susceptible	NA	susceptible	susceptible	NA	NA	susceptible
562.57125	NA	resistant	NA	susceptible	susceptible	NA	NA	susceptible
562.57126	NA	resistant	NA	susceptible	susceptible	NA	NA	susceptible
562.57143	NA	susceptible	NA	susceptible	susceptible	NA	NA	susceptible
562.57141	NA	susceptible	NA	susceptible	susceptible	NA	NA	susceptible
562.5714	NA	resistant	NA	susceptible	susceptible	NA	NA	susceptible
562.57139	NA	resistant	NA	susceptible	susceptible	NA	NA	susceptible
562.57138	NA	resistant	NA	susceptible	susceptible	NA	NA	susceptible
562.57137	NA	resistant	NA	susceptible	susceptible	NA	NA	susceptible
562.57136	NA	susceptible	NA	susceptible	susceptible	NA	NA	susceptible
562.57103	NA	resistant	NA	susceptible	susceptible	NA	NA	susceptible
562.57135	NA	susceptible	NA	susceptible	susceptible	NA	NA	susceptible
562.57133	NA	resistant	NA	resistant	resistant	NA	NA	resistant
562.57132	NA	susceptible	NA	susceptible	susceptible	NA	NA	susceptible
562.57131	NA	resistant	NA	resistant	resistant	NA	NA	resistant
562.5713	NA	resistant	NA	susceptible	resistant	NA	NA	resistant
562.57129	NA	resistant	NA	susceptible	susceptible	NA	NA	resistant
562.57128	NA	resistant	NA	susceptible	resistant	NA	NA	resistant
562.57127	NA	resistant	NA	susceptible	susceptible	NA	NA	susceptible
562.57134	NA	susceptible	NA	susceptible	resistant	NA	NA	resistant
562.571	NA	resistant	NA	susceptible	susceptible	NA	NA	susceptible
562.57099	NA	resistant	NA	susceptible	susceptible	NA	NA	susceptible
562.57098	NA	susceptible	NA	susceptible	susceptible	NA	NA	susceptible
562.57076	NA	resistant	NA	resistant	resistant	NA	NA	resistant
562.5705	NA	susceptible	susceptible	NA	susceptible	NA	NA	NA
562.5704	NA	NA	susceptible	susceptible	susceptible	NA	NA	NA
562.5703	NA	NA	resistant	resistant	susceptible	NA	NA	NA
562.5701	NA	NA	susceptible	susceptible	susceptible	NA	NA	NA
562.57	NA	NA	susceptible	resistant	susceptible	NA	NA	NA
562.5699	NA	susceptible	susceptible	resistant	susceptible	NA	NA	NA
562.57077	NA	resistant	NA	resistant	susceptible	NA	NA	resistant
562.5698	NA	NA	susceptible	NA	susceptible	NA	NA	NA
562.5696	NA	susceptible	susceptible	NA	susceptible	NA	NA	NA
562.5695	NA	susceptible	susceptible	susceptible	susceptible	NA	NA	NA
562.5693	NA	NA	susceptible	susceptible	susceptible	NA	NA	NA
562.5692	NA	NA	susceptible	susceptible	NA	NA	NA	NA
562.56919	NA	resistant	NA	NA	NA	NA	NA	NA
562.56914	NA	resistant	NA	NA	NA	NA	NA	NA
562.56912	NA	resistant	NA	NA	NA	NA	NA	NA
562.5697	NA	susceptible	susceptible	susceptible	susceptible	NA	NA	NA
562.57144	NA	resistant	NA	susceptible	susceptible	NA	NA	susceptible
562.57078	NA	resistant	NA	resistant	susceptible	NA	NA	resistant
562.5708	NA	NA	resistant	susceptible	susceptible	NA	NA	NA
562.57095	NA	resistant	NA	susceptible	susceptible	NA	NA	susceptible
562.57094	NA	resistant	NA	susceptible	susceptible	NA	NA	susceptible
562.57093	NA	resistant	NA	susceptible	susceptible	NA	NA	susceptible
562.57092	NA	resistant	NA	susceptible	susceptible	NA	NA	susceptible
562.57091	NA	resistant	NA	resistant	susceptible	NA	NA	resistant
562.5709	NA	resistant	NA	resistant	resistant	NA	NA	resistant
562.57089	NA	resistant	NA	susceptible	susceptible	NA	NA	susceptible
562.57079	NA	resistant	NA	susceptible	susceptible	NA	NA	resistant
562.57088	NA	resistant	NA	resistant	susceptible	NA	NA	susceptible
562.57086	NA	resistant	NA	susceptible	resistant	NA	NA	resistant
562.57085	NA	resistant	NA	resistant	susceptible	NA	NA	resistant
562.57084	NA	resistant	NA	susceptible	resistant	NA	NA	resistant
562.57083	NA	resistant	NA	resistant	resistant	NA	NA	resistant
562.57082	NA	resistant	NA	susceptible	resistant	NA	NA	resistant
562.57081	NA	resistant	NA	susceptible	resistant	NA	NA	resistant
562.5708	NA	resistant	NA	susceptible	resistant	NA	NA	resistant
562.57087	NA	resistant	NA	resistant	susceptible	NA	NA	susceptible
562.57146	NA	resistant	NA	susceptible	susceptible	NA	NA	susceptible
562.57147	NA	susceptible	NA	susceptible	susceptible	NA	NA	resistant
562.57148	NA	resistant	NA	susceptible	susceptible	NA	NA	susceptible
562.57207	NA	resistant	NA	susceptible	susceptible	NA	NA	susceptible
562.57206	NA	resistant	NA	susceptible	susceptible	NA	NA	resistant
562.57205	NA	resistant	NA	susceptible	resistant	NA	NA	resistant
562.57203	NA	resistant	NA	susceptible	resistant	NA	NA	resistant
562.57202	NA	resistant	NA	susceptible	susceptible	NA	NA	susceptible
562.57201	NA	resistant	NA	susceptible	resistant	NA	NA	resistant
562.572	NA	resistant	NA	susceptible	susceptible	NA	NA	susceptible
562.57208	NA	resistant	NA	susceptible	resistant	NA	NA	resistant
562.57199	NA	resistant	NA	susceptible	resistant	NA	NA	resistant
562.57197	NA	resistant	NA	resistant	resistant	NA	NA	resistant
562.57196	NA	resistant	NA	susceptible	resistant	NA	NA	resistant
562.57195	NA	resistant	NA	susceptible	resistant	NA	NA	resistant
562.57194	NA	resistant	NA	susceptible	susceptible	NA	NA	susceptible
562.57193	NA	susceptible	NA	susceptible	susceptible	NA	NA	resistant
562.57192	NA	resistant	NA	susceptible	resistant	NA	NA	resistant
562.57191	NA	resistant	NA	susceptible	susceptible	NA	NA	susceptible
562.57198	NA	resistant	NA	susceptible	susceptible	NA	NA	susceptible
562.5719	NA	susceptible	NA	susceptible	susceptible	NA	NA	susceptible
562.57209	NA	resistant	NA	susceptible	susceptible	NA	NA	susceptible
562.57211	NA	susceptible	NA	susceptible	susceptible	NA	NA	susceptible
562.57229	NA	resistant	NA	resistant	susceptible	NA	NA	susceptible
562.57228	NA	resistant	NA	susceptible	susceptible	NA	NA	susceptible
562.57227	NA	resistant	NA	susceptible	susceptible	NA	NA	susceptible
562.57226	NA	susceptible	NA	susceptible	susceptible	NA	NA	susceptible
562.57225	NA	resistant	NA	resistant	susceptible	NA	NA	susceptible
562.57222	NA	susceptible	NA	susceptible	susceptible	NA	NA	susceptible
562.57221	NA	susceptible	NA	resistant	susceptible	NA	NA	susceptible
562.5721	NA	susceptible	NA	susceptible	susceptible	NA	NA	susceptible
562.5722	NA	susceptible	NA	susceptible	susceptible	NA	NA	susceptible
562.57218	NA	resistant	NA	resistant	susceptible	NA	NA	susceptible
562.57217	NA	resistant	NA	susceptible	susceptible	NA	NA	susceptible
562.57216	NA	resistant	NA	susceptible	susceptible	NA	NA	susceptible
562.57215	NA	resistant	NA	susceptible	susceptible	NA	NA	susceptible
562.57214	NA	resistant	NA	susceptible	susceptible	NA	NA	susceptible
562.57213	NA	resistant	NA	susceptible	susceptible	NA	NA	susceptible
562.57212	NA	resistant	NA	susceptible	susceptible	NA	NA	susceptible
562.57219	NA	resistant	NA	resistant	susceptible	NA	NA	susceptible
562.56911	NA	resistant	NA	NA	NA	NA	NA	NA
562.57189	NA	resistant	NA	susceptible	susceptible	NA	NA	susceptible
562.57187	NA	resistant	NA	resistant	susceptible	NA	NA	resistant
562.57165	NA	resistant	NA	susceptible	susceptible	NA	NA	susceptible
562.57164	NA	susceptible	NA	susceptible	susceptible	NA	NA	susceptible
562.57163	NA	resistant	NA	susceptible	susceptible	NA	NA	resistant
562.57162	NA	susceptible	NA	susceptible	susceptible	NA	NA	susceptible
562.57161	NA	susceptible	NA	susceptible	susceptible	NA	NA	susceptible
562.5716	NA	susceptible	NA	susceptible	susceptible	NA	NA	susceptible
562.57159	NA	resistant	NA	resistant	resistant	NA	NA	resistant
562.57166	NA	resistant	NA	resistant	resistant	NA	NA	resistant
562.57158	NA	susceptible	NA	susceptible	susceptible	NA	NA	susceptible
562.57155	NA	susceptible	NA	susceptible	susceptible	NA	NA	susceptible
562.57154	NA	resistant	NA	susceptible	susceptible	NA	NA	susceptible
562.57153	NA	resistant	NA	susceptible	susceptible	NA	NA	resistant
562.57152	NA	susceptible	NA	susceptible	susceptible	NA	NA	susceptible
562.57151	NA	resistant	NA	susceptible	susceptible	NA	NA	susceptible
562.5715	NA	susceptible	NA	susceptible	susceptible	NA	NA	susceptible
562.57149	NA	resistant	NA	susceptible	susceptible	NA	NA	susceptible
562.57156	NA	susceptible	NA	susceptible	susceptible	NA	NA	susceptible
562.57188	NA	resistant	NA	susceptible	susceptible	NA	NA	susceptible
562.57167	NA	susceptible	NA	susceptible	susceptible	NA	NA	susceptible
562.57169	NA	resistant	NA	susceptible	resistant	NA	NA	susceptible
562.57186	NA	susceptible	NA	susceptible	susceptible	NA	NA	resistant
562.57185	NA	resistant	NA	susceptible	susceptible	NA	NA	susceptible
562.57184	NA	resistant	NA	resistant	resistant	NA	NA	resistant
562.57183	NA	resistant	NA	resistant	susceptible	NA	NA	resistant
562.57182	NA	resistant	NA	susceptible	susceptible	NA	NA	resistant
562.57181	NA	resistant	NA	resistant	susceptible	NA	NA	susceptible
562.5718	NA	resistant	NA	susceptible	susceptible	NA	NA	susceptible
562.57168	NA	resistant	NA	resistant	resistant	NA	NA	resistant
562.57179	NA	resistant	NA	susceptible	susceptible	NA	NA	susceptible
562.57177	NA	resistant	NA	susceptible	susceptible	NA	NA	susceptible
562.57176	NA	resistant	NA	susceptible	susceptible	NA	NA	susceptible
562.57174	NA	susceptible	NA	susceptible	susceptible	NA	NA	susceptible
562.57173	NA	resistant	NA	susceptible	susceptible	NA	NA	susceptible
562.57172	NA	resistant	NA	susceptible	susceptible	NA	NA	resistant
562.57171	NA	resistant	NA	susceptible	susceptible	NA	NA	susceptible
562.5717	NA	resistant	NA	susceptible	susceptible	NA	NA	susceptible
562.57178	NA	resistant	NA	resistant	resistant	NA	NA	resistant
562.5691	NA	resistant	NA	NA	NA	NA	NA	NA
562.5691	NA	NA	susceptible	susceptible	susceptible	NA	NA	NA
562.56908	NA	resistant	NA	NA	NA	NA	NA	NA
562.5264	NA	NA	NA	resistant	resistant	NA	NA	NA
562.52631	NA	NA	NA	resistant	susceptible	NA	NA	NA
562.52626	NA	NA	NA	resistant	resistant	NA	NA	NA
562.52622	NA	NA	NA	NA	resistant	NA	susceptible	NA
562.52614	NA	NA	NA	NA	susceptible	NA	NA	NA
562.52613	NA	NA	NA	NA	NA	NA	NA	NA
562.5261	NA	NA	NA	resistant	susceptible	NA	NA	NA
562.5419	NA	NA	susceptible	susceptible	susceptible	NA	NA	NA
562.52609	NA	NA	NA	NA	susceptible	NA	NA	NA
562.52604	NA	NA	NA	resistant	NA	NA	NA	NA
562.52603	NA	NA	NA	resistant	resistant	NA	NA	NA
562.526	NA	NA	NA	resistant	susceptible	NA	NA	NA
562.52599	NA	NA	NA	resistant	NA	NA	NA	NA
562.52598	NA	NA	NA	resistant	susceptible	NA	NA	NA
562.52597	NA	NA	NA	intermediate	resistant	NA	NA	NA
562.52596	NA	NA	NA	intermediate	susceptible	NA	NA	NA
562.52605	NA	NA	NA	NA	susceptible	NA	NA	NA
562.52595	NA	NA	NA	resistant	susceptible	NA	NA	NA
562.542	NA	NA	susceptible	susceptible	NA	NA	NA	NA
562.5422	NA	susceptible	susceptible	susceptible	susceptible	NA	NA	NA
562.5438	NA	NA	susceptible	susceptible	susceptible	NA	NA	NA
562.5437	NA	NA	susceptible	susceptible	susceptible	NA	NA	NA
562.5436	NA	NA	susceptible	susceptible	susceptible	NA	NA	NA
562.5435	NA	NA	resistant	susceptible	susceptible	NA	susceptible	NA
562.5434	NA	NA	susceptible	susceptible	susceptible	NA	NA	NA
562.5433	NA	NA	susceptible	susceptible	susceptible	NA	NA	NA
562.5432	NA	NA	susceptible	susceptible	susceptible	NA	NA	NA
562.5421	NA	susceptible	susceptible	intermediate	susceptible	NA	NA	NA
562.5431	NA	NA	susceptible	susceptible	susceptible	NA	NA	NA
562.5429	NA	NA	susceptible	susceptible	susceptible	NA	NA	NA
562.5428	NA	susceptible	susceptible	NA	susceptible	NA	NA	NA
562.5427	NA	NA	susceptible	resistant	susceptible	NA	susceptible	NA
562.5426	NA	NA	resistant	susceptible	susceptible	NA	NA	NA
562.5425	NA	susceptible	susceptible	NA	susceptible	NA	NA	NA
562.5424	NA	susceptible	susceptible	NA	susceptible	NA	NA	NA
562.5423	NA	susceptible	susceptible	intermediate	susceptible	NA	NA	NA
562.543	NA	NA	resistant	susceptible	susceptible	NA	NA	NA
562.5439	NA	NA	resistant	susceptible	susceptible	NA	susceptible	NA
562.52594	NA	NA	NA	resistant	NA	NA	NA	NA
562.52592	NA	NA	NA	NA	susceptible	NA	NA	NA
562.45847	NA	NA	resistant	resistant	NA	resistant	NA	NA
562.45846	NA	NA	resistant	NA	susceptible	susceptible	NA	NA
562.45845	NA	NA	resistant	resistant	NA	resistant	resistant	NA
562.45677	NA	NA	resistant	NA	NA	resistant	NA	NA
562.45676	NA	NA	susceptible	NA	NA	resistant	NA	NA
562.45675	NA	NA	susceptible	NA	NA	resistant	NA	NA
562.45674	NA	NA	susceptible	NA	NA	resistant	NA	NA
562.45848	NA	NA	resistant	resistant	susceptible	NA	NA	NA
562.45673	NA	NA	resistant	NA	NA	resistant	NA	NA
562.45671	NA	NA	susceptible	NA	NA	resistant	NA	NA
562.4567	NA	NA	susceptible	NA	NA	susceptible	NA	NA
562.45669	NA	NA	susceptible	NA	NA	resistant	NA	NA
562.45668	NA	NA	susceptible	NA	NA	resistant	NA	NA
562.45667	NA	NA	susceptible	NA	NA	resistant	NA	NA
562.45666	NA	NA	susceptible	NA	NA	susceptible	NA	NA
562.45665	NA	NA	susceptible	NA	NA	susceptible	NA	NA
562.45672	NA	NA	susceptible	NA	NA	susceptible	NA	NA
562.52593	NA	NA	NA	resistant	NA	NA	NA	NA
562.45849	NA	NA	resistant	resistant	NA	resistant	NA	intermediate
562.45851	NA	NA	resistant	resistant	susceptible	resistant	NA	NA
562.52591	NA	NA	NA	NA	susceptible	NA	NA	NA
562.23717	resistant	NA	NA	susceptible	resistant	NA	NA	NA
562.52581	NA	NA	NA	resistant	resistant	NA	NA	NA
562.5258	NA	NA	NA	NA	NA	NA	NA	NA
562.52579	NA	NA	NA	NA	resistant	NA	NA	NA
562.52578	NA	NA	NA	NA	NA	NA	NA	NA
562.22792	NA	resistant	NA	susceptible	susceptible	NA	NA	susceptible
562.4585	NA	NA	resistant	resistant	NA	NA	NA	intermediate
562.52563	NA	NA	NA	intermediate	resistant	NA	NA	NA
562.52552	NA	NA	NA	resistant	resistant	NA	NA	NA
562.52546	NA	NA	NA	resistant	resistant	NA	NA	NA
562.45964	NA	NA	resistant	NA	NA	NA	NA	NA
562.45916	NA	NA	resistant	resistant	NA	resistant	NA	NA
562.4591	NA	NA	resistant	resistant	susceptible	NA	NA	NA
562.45853	NA	NA	resistant	NA	susceptible	NA	NA	NA
562.45852	NA	NA	resistant	NA	susceptible	susceptible	NA	NA
562.52559	NA	NA	NA	resistant	NA	NA	NA	NA
562.5723	NA	resistant	NA	susceptible	susceptible	NA	NA	susceptible
562.544	NA	NA	resistant	susceptible	NA	NA	susceptible	NA
562.5442	NA	NA	resistant	susceptible	susceptible	NA	NA	NA
562.56876	NA	resistant	NA	NA	NA	NA	NA	NA
562.56875	NA	resistant	NA	NA	NA	NA	NA	NA
562.56874	NA	resistant	NA	NA	NA	NA	NA	NA
562.56873	NA	resistant	NA	NA	NA	NA	NA	NA
562.5687	NA	resistant	NA	resistant	NA	NA	NA	NA
562.56866	NA	resistant	NA	NA	NA	NA	NA	NA
562.56879	NA	resistant	NA	NA	NA	NA	NA	NA
562.5686	NA	NA	susceptible	susceptible	susceptible	NA	NA	NA
562.56851	NA	resistant	NA	resistant	NA	NA	NA	NA
562.56839	NA	resistant	NA	NA	NA	NA	NA	NA
562.56834	NA	resistant	NA	NA	NA	NA	NA	NA
562.56831	NA	resistant	NA	NA	NA	NA	NA	NA
562.56814	NA	resistant	NA	NA	NA	NA	NA	NA
562.56806	NA	resistant	NA	NA	NA	NA	NA	NA
562.56805	NA	resistant	NA	NA	NA	NA	NA	NA
562.56854	NA	resistant	NA	resistant	NA	NA	NA	NA
562.56804	NA	resistant	NA	NA	NA	NA	NA	NA
562.5688	NA	resistant	NA	NA	NA	NA	NA	NA
562.56888	NA	resistant	NA	NA	NA	NA	NA	NA
562.56906	NA	resistant	NA	resistant	NA	NA	NA	NA
562.56904	NA	resistant	NA	resistant	NA	NA	NA	NA
562.56903	NA	resistant	NA	NA	NA	NA	NA	NA
562.569	NA	resistant	NA	resistant	NA	NA	NA	NA
562.569	NA	NA	susceptible	susceptible	susceptible	NA	NA	NA
562.56899	NA	resistant	NA	NA	NA	NA	NA	NA
562.56898	NA	resistant	NA	NA	NA	NA	NA	NA
562.56887	NA	resistant	NA	NA	NA	NA	NA	NA
562.56896	NA	resistant	NA	NA	NA	NA	NA	NA
562.56894	NA	resistant	NA	NA	NA	NA	NA	NA
562.56893	NA	resistant	NA	resistant	NA	NA	NA	NA
562.56892	NA	resistant	NA	NA	NA	NA	NA	NA
562.56891	NA	resistant	NA	NA	NA	NA	NA	NA
562.5689	NA	resistant	NA	NA	NA	NA	NA	NA
562.5689	NA	NA	resistant	NA	NA	NA	NA	NA
562.56889	NA	resistant	NA	NA	NA	NA	NA	NA
562.56895	NA	resistant	NA	NA	NA	NA	NA	NA
562.5441	NA	NA	resistant	susceptible	susceptible	NA	susceptible	NA
562.56798	NA	resistant	NA	NA	NA	NA	NA	NA
562.5679	NA	resistant	NA	NA	NA	NA	NA	NA
562.5459	NA	NA	resistant	susceptible	susceptible	NA	susceptible	NA
562.5458	NA	susceptible	susceptible	NA	susceptible	NA	NA	NA
562.5457	NA	susceptible	susceptible	NA	susceptible	NA	NA	NA
562.5456	NA	NA	susceptible	NA	susceptible	NA	NA	NA
562.5455	NA	NA	resistant	NA	susceptible	NA	NA	NA
562.5454	NA	NA	susceptible	NA	susceptible	NA	NA	NA
562.5453	NA	NA	susceptible	susceptible	susceptible	NA	NA	NA
562.546	NA	NA	resistant	susceptible	susceptible	NA	susceptible	NA
562.5452	NA	NA	resistant	NA	susceptible	NA	NA	NA
562.545	NA	NA	resistant	NA	susceptible	NA	NA	NA
562.5449	NA	susceptible	susceptible	susceptible	susceptible	NA	NA	NA
562.5448	NA	susceptible	susceptible	susceptible	susceptible	NA	NA	NA
562.5447	NA	NA	susceptible	resistant	NA	NA	NA	NA
562.5446	NA	NA	susceptible	susceptible	susceptible	NA	NA	NA
562.5445	NA	susceptible	susceptible	susceptible	susceptible	NA	NA	NA
562.5444	NA	NA	resistant	NA	susceptible	NA	NA	NA
562.5451	NA	susceptible	susceptible	susceptible	susceptible	NA	NA	NA
562.56793	NA	resistant	NA	NA	NA	NA	NA	NA
562.5461	NA	susceptible	susceptible	NA	susceptible	NA	NA	NA
562.5464	NA	NA	resistant	susceptible	susceptible	NA	NA	NA
562.56789	NA	resistant	NA	NA	NA	NA	NA	NA
562.56778	NA	resistant	NA	NA	NA	NA	NA	NA
562.56774	NA	resistant	NA	NA	NA	NA	NA	NA
562.56771	NA	resistant	NA	resistant	NA	NA	NA	NA
562.56769	NA	resistant	NA	resistant	NA	NA	NA	NA
562.56767	NA	resistant	NA	resistant	NA	NA	NA	NA
562.56766	NA	resistant	NA	resistant	NA	NA	NA	NA
562.5462	NA	NA	resistant	susceptible	susceptible	NA	NA	NA
562.56765	NA	resistant	NA	NA	NA	NA	NA	NA
562.56762	NA	resistant	NA	resistant	NA	NA	NA	NA
562.5676	NA	NA	susceptible	susceptible	susceptible	NA	NA	NA
562.5471	NA	susceptible	susceptible	susceptible	susceptible	NA	NA	NA
562.5468	NA	NA	susceptible	susceptible	susceptible	NA	NA	NA
562.5467	NA	NA	susceptible	NA	susceptible	NA	NA	NA
562.5466	NA	NA	susceptible	resistant	susceptible	NA	NA	NA
562.5465	NA	NA	susceptible	susceptible	susceptible	NA	NA	NA
562.56763	NA	resistant	NA	NA	NA	NA	NA	NA
562.57231	NA	susceptible	NA	susceptible	susceptible	NA	NA	susceptible
562.57232	NA	resistant	NA	susceptible	susceptible	NA	NA	susceptible
562.57233	NA	susceptible	NA	susceptible	susceptible	NA	NA	susceptible
562.7632	NA	resistant	NA	susceptible	susceptible	NA	NA	susceptible
562.7633	NA	resistant	NA	susceptible	susceptible	NA	NA	susceptible
562.7634	NA	resistant	NA	susceptible	susceptible	NA	NA	susceptible
562.7635	NA	susceptible	NA	susceptible	susceptible	NA	NA	susceptible
562.7636	NA	susceptible	NA	susceptible	susceptible	NA	NA	susceptible
562.7637	NA	resistant	NA	susceptible	susceptible	NA	NA	susceptible
562.7638	NA	resistant	NA	susceptible	susceptible	NA	NA	susceptible
562.7631	NA	susceptible	NA	susceptible	susceptible	NA	NA	susceptible
562.7639	NA	resistant	NA	susceptible	susceptible	NA	NA	susceptible
562.7642	NA	resistant	NA	susceptible	susceptible	NA	NA	susceptible
562.7643	NA	resistant	NA	susceptible	susceptible	NA	NA	susceptible
562.7644	NA	resistant	NA	susceptible	susceptible	NA	NA	susceptible
562.7645	NA	resistant	NA	susceptible	susceptible	NA	NA	susceptible
562.7646	NA	susceptible	NA	susceptible	susceptible	NA	NA	susceptible
562.7647	NA	resistant	NA	susceptible	susceptible	NA	NA	susceptible
562.7648	NA	resistant	NA	susceptible	susceptible	NA	NA	susceptible
562.764	NA	resistant	NA	susceptible	susceptible	NA	NA	susceptible
562.7649	NA	resistant	NA	susceptible	susceptible	NA	NA	susceptible
562.7629	NA	susceptible	NA	susceptible	susceptible	NA	NA	susceptible
562.7626	NA	resistant	NA	susceptible	susceptible	NA	NA	susceptible
562.7575	NA	resistant	NA	susceptible	susceptible	NA	NA	susceptible
562.7576	NA	resistant	NA	susceptible	susceptible	NA	NA	susceptible
562.7577	NA	resistant	NA	susceptible	susceptible	NA	NA	susceptible
562.7578	NA	resistant	NA	susceptible	susceptible	NA	NA	susceptible
562.7579	NA	susceptible	NA	susceptible	susceptible	NA	NA	susceptible
562.758	NA	susceptible	NA	susceptible	susceptible	NA	NA	susceptible
562.7581	NA	resistant	NA	susceptible	susceptible	NA	NA	susceptible
562.7628	NA	resistant	NA	susceptible	susceptible	NA	NA	susceptible
562.7582	NA	resistant	NA	susceptible	susceptible	NA	NA	susceptible
562.7584	NA	resistant	NA	susceptible	susceptible	NA	NA	susceptible
562.7617	NA	resistant	NA	susceptible	susceptible	NA	NA	susceptible
562.7618	NA	susceptible	NA	susceptible	susceptible	NA	NA	susceptible
562.7619	NA	susceptible	NA	susceptible	susceptible	NA	NA	susceptible
562.7623	NA	susceptible	NA	susceptible	susceptible	NA	NA	susceptible
562.7624	NA	resistant	NA	susceptible	susceptible	NA	NA	susceptible
562.7625	NA	resistant	NA	susceptible	susceptible	NA	NA	susceptible
562.7583	NA	resistant	NA	susceptible	susceptible	NA	NA	susceptible
562.7573	NA	resistant	NA	resistant	resistant	NA	NA	resistant
562.765	NA	susceptible	NA	susceptible	susceptible	NA	NA	susceptible
562.7653	NA	resistant	NA	susceptible	susceptible	NA	NA	susceptible
562.7678	NA	resistant	NA	susceptible	susceptible	NA	NA	susceptible
562.7679	NA	resistant	NA	susceptible	susceptible	NA	NA	susceptible
562.768	NA	resistant	NA	susceptible	susceptible	NA	NA	susceptible
562.7681	NA	susceptible	NA	susceptible	susceptible	NA	NA	susceptible
562.7682	NA	susceptible	NA	susceptible	susceptible	NA	NA	susceptible
562.7684	NA	susceptible	NA	susceptible	susceptible	NA	NA	susceptible
562.7686	NA	resistant	NA	susceptible	susceptible	NA	NA	susceptible
562.7677	NA	susceptible	NA	susceptible	susceptible	NA	NA	susceptible
562.7687	NA	susceptible	NA	susceptible	susceptible	NA	NA	susceptible
562.7689	NA	resistant	NA	susceptible	susceptible	NA	NA	susceptible
562.769	NA	susceptible	NA	susceptible	susceptible	NA	NA	susceptible
562.7691	NA	resistant	NA	susceptible	susceptible	NA	NA	susceptible
562.7693	NA	susceptible	NA	resistant	susceptible	NA	NA	susceptible
562.7695	NA	resistant	NA	susceptible	susceptible	NA	NA	susceptible
562.7696	NA	resistant	NA	susceptible	susceptible	NA	NA	susceptible
562.7697	NA	resistant	NA	susceptible	susceptible	NA	NA	susceptible
562.7688	NA	resistant	NA	susceptible	susceptible	NA	NA	susceptible
562.7652	NA	resistant	NA	susceptible	susceptible	NA	NA	susceptible
562.7674	NA	resistant	NA	susceptible	susceptible	NA	NA	susceptible
562.7672	NA	susceptible	NA	susceptible	susceptible	NA	NA	susceptible
562.7655	NA	resistant	NA	susceptible	susceptible	NA	NA	susceptible
562.7656	NA	resistant	NA	susceptible	susceptible	NA	NA	susceptible
562.7657	NA	resistant	NA	susceptible	susceptible	NA	NA	susceptible
562.7658	NA	susceptible	NA	susceptible	susceptible	NA	NA	susceptible
562.7659	NA	susceptible	NA	susceptible	susceptible	NA	NA	susceptible
562.766	NA	resistant	NA	resistant	resistant	NA	NA	resistant
562.7661	NA	resistant	NA	susceptible	susceptible	NA	NA	susceptible
562.7673	NA	resistant	NA	susceptible	susceptible	NA	NA	susceptible
562.7662	NA	resistant	NA	susceptible	susceptible	NA	NA	susceptible
562.7664	NA	resistant	NA	susceptible	susceptible	NA	NA	susceptible
562.7665	NA	resistant	NA	susceptible	susceptible	NA	NA	susceptible
562.7666	NA	resistant	NA	susceptible	susceptible	NA	NA	susceptible
562.7668	NA	resistant	NA	susceptible	susceptible	NA	NA	susceptible
562.7669	NA	resistant	NA	susceptible	susceptible	NA	NA	susceptible
562.767	NA	resistant	NA	susceptible	susceptible	NA	NA	susceptible
562.7671	NA	resistant	NA	susceptible	susceptible	NA	NA	susceptible
562.7663	NA	resistant	NA	susceptible	susceptible	NA	NA	susceptible
562.7698	NA	resistant	NA	susceptible	susceptible	NA	NA	susceptible
562.7572	NA	resistant	NA	resistant	susceptible	NA	NA	susceptible
562.757	NA	resistant	NA	susceptible	susceptible	NA	NA	susceptible
562.65752	susceptible	susceptible	NA	NA	NA	NA	NA	NA
562.65753	NA	resistant	NA	NA	NA	NA	NA	NA
562.65754	NA	susceptible	NA	NA	NA	NA	NA	NA
562.65755	NA	resistant	NA	NA	NA	NA	NA	NA
562.65756	susceptible	susceptible	NA	NA	NA	NA	NA	NA
562.65757	NA	susceptible	NA	NA	NA	NA	NA	NA
562.65758	susceptible	resistant	NA	NA	NA	NA	NA	NA
562.65751	NA	susceptible	NA	NA	NA	NA	NA	NA
562.65759	NA	resistant	NA	NA	NA	NA	NA	NA
562.65761	NA	susceptible	NA	NA	NA	NA	NA	NA
562.65762	NA	resistant	NA	NA	NA	NA	NA	NA
562.65763	susceptible	resistant	NA	NA	NA	NA	NA	NA
562.65764	NA	susceptible	NA	NA	NA	NA	NA	NA
562.65765	susceptible	resistant	NA	NA	NA	NA	NA	NA
562.6578	NA	resistant	NA	resistant	susceptible	resistant	resistant	NA
562.65781	NA	resistant	NA	resistant	resistant	resistant	resistant	NA
562.6576	NA	resistant	NA	NA	NA	NA	NA	NA
562.65783	NA	resistant	NA	resistant	NA	resistant	resistant	NA
562.6575	NA	susceptible	NA	NA	NA	NA	NA	NA
562.65748	NA	susceptible	NA	NA	NA	NA	NA	NA
562.65732	NA	susceptible	NA	NA	NA	NA	NA	NA
562.65733	susceptible	resistant	NA	NA	NA	NA	NA	NA
562.65734	NA	susceptible	NA	NA	NA	NA	NA	NA
562.65735	NA	resistant	NA	NA	NA	NA	NA	NA
562.65736	resistant	resistant	NA	NA	NA	NA	NA	NA
562.65737	NA	susceptible	NA	NA	NA	NA	NA	NA
562.65738	NA	resistant	NA	NA	NA	NA	NA	NA
562.65749	resistant	resistant	NA	NA	NA	NA	NA	NA
562.65739	resistant	resistant	NA	NA	NA	NA	NA	NA
562.65741	susceptible	resistant	NA	NA	NA	NA	NA	NA
562.65742	NA	resistant	NA	NA	NA	NA	NA	NA
562.65743	NA	susceptible	NA	NA	NA	NA	NA	NA
562.65744	NA	resistant	NA	NA	NA	NA	NA	NA
562.65745	NA	susceptible	NA	NA	NA	NA	NA	NA
562.65746	NA	resistant	NA	NA	NA	NA	NA	NA
562.65747	NA	resistant	NA	NA	NA	NA	NA	NA
562.6574	NA	susceptible	NA	NA	NA	NA	NA	NA
562.7571	NA	resistant	NA	susceptible	susceptible	NA	NA	susceptible
562.65785	NA	resistant	NA	resistant	resistant	resistant	resistant	NA
562.65787	NA	resistant	NA	resistant	susceptible	resistant	resistant	NA
562.65869	NA	NA	NA	NA	NA	NA	NA	NA
562.65873	NA	NA	NA	NA	NA	NA	NA	NA
562.65874	NA	NA	NA	NA	NA	NA	NA	NA
562.65875	NA	NA	NA	NA	NA	NA	NA	NA
562.65876	NA	NA	NA	NA	NA	NA	NA	NA
562.65877	NA	NA	NA	NA	NA	NA	NA	NA
562.6588	NA	NA	NA	NA	NA	NA	NA	NA
562.65868	NA	NA	NA	NA	NA	NA	NA	NA
562.65881	NA	NA	NA	NA	NA	NA	NA	NA
562.65898	NA	NA	NA	NA	NA	NA	NA	NA
562.65899	NA	NA	NA	NA	NA	NA	NA	NA
562.65921	NA	susceptible	NA	NA	NA	NA	NA	NA
562.7565	NA	resistant	NA	susceptible	susceptible	NA	NA	susceptible
562.7566	NA	resistant	NA	susceptible	susceptible	NA	NA	susceptible
562.7567	NA	resistant	NA	susceptible	susceptible	NA	NA	susceptible
562.7568	NA	susceptible	NA	susceptible	susceptible	NA	NA	susceptible
562.65885	NA	NA	NA	NA	NA	NA	NA	NA
562.65786	NA	resistant	NA	resistant	NA	resistant	resistant	NA
562.65867	NA	NA	NA	NA	NA	NA	NA	NA
562.65865	NA	NA	NA	NA	NA	NA	NA	NA
562.65788	NA	resistant	NA	resistant	susceptible	resistant	resistant	NA
562.65789	NA	resistant	NA	resistant	NA	resistant	resistant	NA
562.6579	NA	resistant	NA	resistant	NA	resistant	resistant	NA
562.65791	NA	resistant	NA	resistant	susceptible	resistant	resistant	NA
562.65842	NA	NA	NA	NA	NA	NA	NA	NA
562.65851	NA	NA	NA	NA	NA	NA	NA	NA
562.65854	NA	NA	NA	NA	NA	NA	NA	NA
562.65866	NA	NA	NA	NA	NA	NA	NA	NA
562.65855	NA	NA	NA	NA	NA	NA	NA	NA
562.65858	NA	NA	NA	NA	NA	NA	NA	NA
562.65859	NA	NA	NA	NA	NA	NA	NA	NA
562.6586	NA	NA	NA	NA	NA	NA	NA	NA
562.65861	NA	NA	NA	NA	NA	NA	NA	NA
562.65862	NA	NA	NA	NA	NA	NA	NA	NA
562.65863	NA	NA	NA	NA	NA	NA	NA	NA
562.65864	NA	NA	NA	NA	NA	NA	NA	NA
562.65857	NA	NA	NA	NA	NA	NA	NA	NA
562.45664	NA	NA	susceptible	NA	NA	susceptible	NA	NA
562.7699	NA	resistant	NA	resistant	intermediate	NA	NA	resistant
562.7701	NA	resistant	NA	susceptible	susceptible	NA	NA	susceptible
1438683.3	NA	NA	susceptible	NA	susceptible	NA	NA	NA
1438687.3	NA	NA	NA	resistant	susceptible	NA	NA	NA
1438689.3	NA	NA	NA	resistant	NA	NA	NA	NA
1438690.4	NA	NA	NA	resistant	NA	NA	NA	NA
1438691.3	NA	NA	NA	resistant	susceptible	NA	NA	NA
1438693.3	NA	NA	NA	NA	NA	susceptible	NA	NA
1438694.3	NA	NA	NA	NA	NA	susceptible	NA	NA
1438682.3	NA	NA	susceptible	NA	susceptible	NA	NA	NA
1438695.3	NA	NA	NA	resistant	NA	NA	NA	NA
1445862.3	NA	NA	resistant	NA	NA	NA	NA	NA
1445863.3	NA	susceptible	susceptible	NA	susceptible	NA	NA	NA
562.57283	NA	resistant	NA	resistant	resistant	NA	NA	resistant
562.57282	NA	resistant	NA	resistant	resistant	NA	NA	resistant
562.57281	NA	resistant	NA	resistant	susceptible	NA	NA	susceptible
562.5728	NA	resistant	NA	susceptible	susceptible	NA	NA	susceptible
562.57279	NA	resistant	NA	resistant	susceptible	NA	NA	resistant
1438696.3	NA	NA	NA	NA	susceptible	susceptible	NA	NA
562.57278	NA	resistant	NA	resistant	susceptible	NA	NA	susceptible
1438681.3	NA	NA	resistant	NA	NA	NA	NA	NA
1438679.3	NA	NA	susceptible	NA	susceptible	NA	NA	NA
1416672.3	NA	NA	resistant	intermediate	susceptible	NA	NA	NA
1416673.3	NA	NA	resistant	susceptible	susceptible	NA	susceptible	NA
1416674.4	NA	NA	resistant	susceptible	susceptible	NA	susceptible	NA
1416675.3	NA	NA	resistant	susceptible	susceptible	NA	NA	NA
1416676.7	NA	NA	resistant	susceptible	susceptible	NA	NA	NA
1438668.3	NA	NA	resistant	NA	susceptible	NA	NA	NA
1438669.3	NA	susceptible	susceptible	NA	susceptible	NA	NA	NA
1438680.3	NA	NA	susceptible	NA	susceptible	NA	NA	NA
1438670.3	NA	NA	resistant	NA	susceptible	NA	susceptible	NA
1438672.3	NA	NA	resistant	NA	susceptible	NA	NA	NA
1438673.3	NA	susceptible	susceptible	NA	susceptible	NA	NA	NA
1438674.3	NA	NA	susceptible	NA	susceptible	NA	NA	NA
1438675.3	NA	NA	susceptible	NA	susceptible	NA	NA	NA
1438676.3	NA	NA	susceptible	NA	susceptible	NA	NA	NA
1438677.3	NA	susceptible	susceptible	NA	susceptible	NA	NA	NA
1438678.3	NA	NA	resistant	NA	susceptible	NA	NA	NA
1438671.3	NA	susceptible	susceptible	NA	susceptible	NA	NA	NA
1416671.3	NA	NA	resistant	susceptible	susceptible	NA	susceptible	NA
562.57277	NA	resistant	NA	resistant	susceptible	NA	NA	resistant
562.57274	NA	resistant	NA	resistant	susceptible	NA	NA	resistant
562.57251	NA	resistant	NA	susceptible	susceptible	NA	NA	susceptible
562.5725	NA	resistant	NA	resistant	susceptible	NA	NA	susceptible
562.57249	NA	resistant	NA	resistant	resistant	NA	NA	resistant
562.57248	NA	resistant	NA	resistant	susceptible	NA	NA	resistant
562.57247	NA	resistant	NA	susceptible	resistant	NA	NA	resistant
562.57246	NA	resistant	NA	susceptible	susceptible	NA	NA	susceptible
562.57245	NA	resistant	NA	susceptible	susceptible	NA	NA	susceptible
562.57252	NA	resistant	NA	resistant	resistant	NA	NA	resistant
562.57244	NA	resistant	NA	susceptible	susceptible	NA	NA	susceptible
562.57242	NA	susceptible	NA	susceptible	susceptible	NA	NA	susceptible
562.57241	NA	resistant	NA	susceptible	susceptible	NA	NA	susceptible
562.5724	NA	resistant	NA	susceptible	susceptible	NA	NA	susceptible
562.57238	NA	resistant	NA	susceptible	susceptible	NA	NA	susceptible
562.57237	NA	resistant	NA	susceptible	susceptible	NA	NA	susceptible
562.57235	NA	resistant	NA	resistant	susceptible	NA	NA	susceptible
562.57234	NA	resistant	NA	resistant	susceptible	NA	NA	susceptible
562.57243	NA	susceptible	NA	susceptible	susceptible	NA	NA	susceptible
562.57275	NA	resistant	NA	resistant	resistant	NA	NA	resistant
562.57253	NA	resistant	NA	resistant	resistant	NA	NA	resistant
562.57255	NA	resistant	NA	susceptible	susceptible	NA	NA	susceptible
562.57273	NA	resistant	NA	resistant	susceptible	NA	NA	resistant
562.57271	NA	resistant	NA	resistant	resistant	NA	NA	resistant
562.5727	NA	resistant	NA	susceptible	susceptible	NA	NA	susceptible
562.57269	NA	resistant	NA	susceptible	susceptible	NA	NA	resistant
562.57268	NA	resistant	NA	resistant	resistant	NA	NA	resistant
562.57267	NA	resistant	NA	resistant	resistant	NA	NA	resistant
562.57266	NA	resistant	NA	resistant	susceptible	NA	NA	resistant
562.57254	NA	resistant	NA	susceptible	resistant	NA	NA	resistant
562.57265	NA	resistant	NA	resistant	resistant	NA	NA	resistant
562.57263	NA	resistant	NA	resistant	resistant	NA	NA	resistant
562.57262	NA	resistant	NA	resistant	susceptible	NA	NA	resistant
562.57261	NA	resistant	NA	susceptible	susceptible	NA	NA	susceptible
562.5726	NA	resistant	NA	susceptible	resistant	NA	NA	resistant
562.57259	NA	resistant	NA	resistant	resistant	NA	NA	resistant
562.57258	NA	resistant	NA	susceptible	susceptible	NA	NA	susceptible
562.57257	NA	resistant	NA	susceptible	resistant	NA	NA	resistant
562.57264	NA	resistant	NA	susceptible	susceptible	NA	NA	susceptible
562.77	NA	resistant	NA	susceptible	susceptible	NA	NA	susceptible
1416670.3	NA	NA	resistant	susceptible	susceptible	NA	NA	NA
1400157.3	NA	NA	susceptible	NA	NA	NA	NA	NA
562.7726	NA	resistant	NA	susceptible	susceptible	NA	NA	susceptible
562.7727	NA	resistant	NA	susceptible	susceptible	NA	NA	susceptible
562.7728	NA	susceptible	NA	susceptible	susceptible	NA	NA	susceptible
562.773	NA	resistant	NA	susceptible	susceptible	NA	NA	susceptible
562.7731	NA	resistant	NA	susceptible	susceptible	NA	NA	susceptible
562.7732	NA	susceptible	NA	susceptible	susceptible	NA	NA	susceptible
562.7734	NA	susceptible	NA	susceptible	susceptible	NA	NA	susceptible
562.7725	NA	resistant	NA	susceptible	susceptible	NA	NA	susceptible
562.7735	NA	resistant	NA	susceptible	susceptible	NA	NA	susceptible
562.7738	NA	susceptible	NA	susceptible	susceptible	NA	NA	susceptible
562.774	NA	resistant	NA	susceptible	susceptible	NA	NA	susceptible
562.7741	NA	resistant	NA	susceptible	susceptible	NA	NA	susceptible
562.7742	NA	susceptible	NA	susceptible	susceptible	NA	NA	susceptible
562.7743	NA	resistant	NA	susceptible	susceptible	NA	NA	susceptible
562.7744	NA	resistant	NA	susceptible	susceptible	NA	NA	susceptible
562.7745	NA	resistant	NA	susceptible	susceptible	NA	NA	susceptible
562.7737	NA	resistant	NA	susceptible	susceptible	NA	NA	susceptible
562.7746	NA	resistant	NA	susceptible	susceptible	NA	NA	susceptible
562.7724	NA	susceptible	NA	susceptible	susceptible	NA	NA	susceptible
562.7722	NA	susceptible	NA	susceptible	susceptible	NA	NA	susceptible
562.7702	NA	susceptible	NA	susceptible	susceptible	NA	NA	susceptible
562.7703	NA	resistant	NA	resistant	resistant	NA	NA	resistant
562.7704	NA	resistant	NA	susceptible	susceptible	NA	NA	susceptible
562.7705	NA	susceptible	NA	susceptible	susceptible	NA	NA	susceptible
562.7706	NA	susceptible	NA	susceptible	susceptible	NA	NA	susceptible
562.7707	NA	resistant	NA	susceptible	susceptible	NA	NA	susceptible
562.7709	NA	susceptible	NA	susceptible	susceptible	NA	NA	susceptible
562.7723	NA	resistant	NA	susceptible	susceptible	NA	NA	susceptible
562.771	NA	resistant	NA	susceptible	susceptible	NA	NA	susceptible
562.7713	NA	susceptible	NA	susceptible	susceptible	NA	NA	susceptible
562.7714	NA	resistant	NA	susceptible	susceptible	NA	NA	susceptible
562.7717	NA	resistant	NA	susceptible	susceptible	NA	NA	susceptible
562.7718	NA	susceptible	NA	susceptible	susceptible	NA	NA	susceptible
562.7719	NA	susceptible	NA	susceptible	susceptible	NA	NA	susceptible
562.772	NA	resistant	NA	susceptible	susceptible	NA	NA	susceptible
562.7721	NA	resistant	NA	susceptible	susceptible	NA	NA	susceptible
562.7712	NA	resistant	NA	susceptible	susceptible	NA	NA	susceptible
1400158.3	NA	susceptible	susceptible	NA	susceptible	NA	NA	NA
562.7747	NA	resistant	NA	susceptible	susceptible	NA	NA	susceptible
562.775	NA	resistant	NA	susceptible	susceptible	NA	NA	susceptible
562.778	NA	susceptible	NA	susceptible	susceptible	NA	NA	susceptible
562.7781	NA	susceptible	NA	susceptible	susceptible	NA	NA	susceptible
562.7782	NA	resistant	NA	susceptible	susceptible	NA	NA	susceptible
562.7783	NA	susceptible	NA	susceptible	susceptible	NA	NA	susceptible
562.7784	NA	resistant	NA	susceptible	susceptible	NA	NA	susceptible
562.7785	NA	susceptible	NA	susceptible	susceptible	NA	NA	susceptible
562.7786	NA	susceptible	NA	susceptible	susceptible	NA	NA	susceptible
562.7779	NA	susceptible	NA	susceptible	susceptible	NA	NA	susceptible
562.7788	NA	susceptible	NA	susceptible	susceptible	NA	NA	susceptible
562.779	NA	resistant	NA	susceptible	susceptible	NA	NA	susceptible
562.7791	NA	resistant	NA	susceptible	susceptible	NA	NA	susceptible
562.7792	NA	resistant	NA	susceptible	susceptible	NA	NA	susceptible
562.7793	NA	susceptible	NA	susceptible	susceptible	NA	NA	susceptible
562.7794	NA	resistant	NA	susceptible	susceptible	NA	NA	susceptible
562.57284	NA	resistant	NA	susceptible	susceptible	NA	NA	resistant
1400156.3	NA	NA	resistant	NA	NA	NA	susceptible	intermediate
562.7789	NA	susceptible	NA	susceptible	susceptible	NA	NA	susceptible
562.7749	NA	susceptible	NA	susceptible	susceptible	NA	NA	susceptible
562.7778	NA	resistant	NA	susceptible	susceptible	NA	NA	susceptible
562.7775	NA	resistant	NA	resistant	susceptible	NA	NA	susceptible
562.7752	NA	resistant	NA	susceptible	susceptible	NA	NA	susceptible
562.7753	NA	resistant	NA	susceptible	susceptible	NA	NA	susceptible
562.7754	NA	susceptible	NA	susceptible	susceptible	NA	NA	susceptible
562.7755	NA	resistant	NA	susceptible	susceptible	NA	NA	susceptible
562.7757	NA	resistant	NA	susceptible	susceptible	NA	NA	susceptible
562.7758	NA	susceptible	NA	susceptible	susceptible	NA	NA	susceptible
562.7759	NA	susceptible	NA	susceptible	susceptible	NA	NA	susceptible
562.7777	NA	resistant	NA	susceptible	susceptible	NA	NA	susceptible
562.776	NA	resistant	NA	susceptible	susceptible	NA	NA	susceptible
562.7762	NA	susceptible	NA	susceptible	susceptible	NA	NA	susceptible
562.7765	NA	susceptible	NA	susceptible	susceptible	NA	NA	susceptible
562.7766	NA	susceptible	NA	susceptible	susceptible	NA	NA	susceptible
562.7767	NA	resistant	NA	susceptible	susceptible	NA	NA	susceptible
562.7769	NA	resistant	NA	susceptible	susceptible	NA	NA	susceptible
562.7771	NA	resistant	NA	resistant	resistant	NA	NA	resistant
562.7772	NA	susceptible	NA	susceptible	susceptible	NA	NA	susceptible
562.7761	NA	susceptible	NA	susceptible	susceptible	NA	NA	susceptible
562.45663	NA	NA	susceptible	NA	NA	resistant	NA	NA
562.5259	NA	NA	NA	resistant	NA	NA	NA	NA
562.45662	NA	NA	susceptible	NA	NA	resistant	NA	NA
562.26273	NA	susceptible	susceptible	susceptible	susceptible	NA	NA	NA
562.26272	NA	NA	susceptible	susceptible	susceptible	NA	NA	NA
562.23936	susceptible	NA	NA	susceptible	susceptible	NA	NA	NA
562.23935	resistant	NA	NA	susceptible	susceptible	NA	NA	NA
562.23934	susceptible	NA	NA	susceptible	susceptible	NA	NA	NA
562.23933	resistant	NA	NA	susceptible	susceptible	NA	NA	NA
562.23932	susceptible	NA	NA	susceptible	susceptible	NA	NA	NA
562.26274	NA	NA	resistant	susceptible	susceptible	NA	susceptible	NA
562.23931	resistant	NA	NA	susceptible	susceptible	NA	NA	NA
562.23929	susceptible	NA	NA	susceptible	susceptible	NA	NA	NA
562.23928	resistant	NA	NA	resistant	susceptible	NA	NA	NA
562.23927	resistant	NA	NA	susceptible	susceptible	NA	NA	NA
562.23926	susceptible	NA	NA	intermediate	susceptible	NA	NA	NA
562.23925	resistant	NA	NA	susceptible	susceptible	NA	NA	NA
562.23924	susceptible	NA	NA	susceptible	susceptible	NA	NA	NA
562.23923	resistant	NA	NA	resistant	susceptible	NA	NA	NA
562.2393	resistant	NA	NA	susceptible	susceptible	NA	NA	NA
562.23922	susceptible	NA	NA	susceptible	susceptible	NA	NA	NA
562.26275	NA	susceptible	susceptible	NA	susceptible	NA	NA	NA
562.26277	NA	NA	susceptible	resistant	susceptible	NA	NA	NA
562.26293	NA	susceptible	susceptible	susceptible	susceptible	NA	NA	NA
562.26292	NA	susceptible	susceptible	susceptible	susceptible	NA	NA	NA
562.26291	NA	NA	resistant	NA	susceptible	NA	NA	NA
562.2629	NA	NA	susceptible	susceptible	susceptible	NA	NA	NA
562.26289	NA	NA	resistant	susceptible	susceptible	NA	NA	NA
562.26288	NA	NA	susceptible	NA	susceptible	NA	NA	NA
562.26287	NA	NA	susceptible	NA	susceptible	NA	NA	NA
562.26276	NA	NA	susceptible	susceptible	susceptible	NA	NA	NA
562.26286	NA	susceptible	susceptible	NA	susceptible	NA	NA	NA
562.26284	NA	NA	susceptible	resistant	susceptible	NA	NA	NA
562.26283	NA	susceptible	susceptible	NA	susceptible	NA	NA	NA
562.26282	NA	NA	resistant	susceptible	susceptible	NA	susceptible	NA
562.26281	NA	NA	resistant	susceptible	susceptible	NA	susceptible	NA
562.2628	NA	NA	susceptible	susceptible	susceptible	NA	NA	NA
562.26279	NA	NA	resistant	susceptible	susceptible	NA	NA	NA
562.26278	NA	NA	resistant	NA	susceptible	NA	NA	NA
562.26285	NA	susceptible	susceptible	resistant	susceptible	NA	NA	NA
562.23921	susceptible	NA	NA	susceptible	susceptible	NA	NA	NA
562.2392	resistant	NA	NA	susceptible	susceptible	NA	NA	NA
562.23919	susceptible	NA	NA	susceptible	susceptible	NA	NA	NA
562.23897	susceptible	NA	NA	susceptible	susceptible	NA	NA	NA
562.23896	susceptible	NA	NA	susceptible	susceptible	NA	NA	NA
562.23895	resistant	NA	NA	resistant	resistant	NA	NA	NA
562.23894	resistant	NA	NA	resistant	resistant	NA	NA	NA
562.23893	susceptible	NA	NA	susceptible	susceptible	NA	NA	NA
562.23892	resistant	NA	NA	susceptible	susceptible	NA	NA	NA
562.23891	susceptible	NA	NA	susceptible	susceptible	NA	NA	NA
562.23898	susceptible	NA	NA	susceptible	susceptible	NA	NA	NA
562.2389	resistant	NA	NA	susceptible	susceptible	NA	NA	NA
562.23888	resistant	NA	NA	resistant	susceptible	NA	NA	NA
562.23887	susceptible	NA	NA	susceptible	susceptible	NA	NA	NA
562.23886	resistant	NA	NA	susceptible	susceptible	NA	NA	NA
562.23885	resistant	NA	NA	susceptible	susceptible	NA	NA	NA
562.23884	resistant	NA	NA	resistant	intermediate	NA	NA	NA
562.23883	resistant	NA	NA	susceptible	susceptible	NA	NA	NA
562.23882	resistant	NA	NA	susceptible	susceptible	NA	NA	NA
562.23889	susceptible	NA	NA	susceptible	susceptible	NA	NA	NA
562.23899	resistant	NA	NA	resistant	resistant	NA	NA	NA
562.239	susceptible	NA	NA	resistant	susceptible	NA	NA	NA
562.23901	resistant	NA	NA	resistant	susceptible	NA	NA	NA
562.23918	resistant	NA	NA	susceptible	susceptible	NA	NA	NA
562.23917	resistant	NA	NA	susceptible	susceptible	NA	NA	NA
562.23916	resistant	NA	NA	susceptible	susceptible	NA	NA	NA
562.23915	resistant	NA	NA	susceptible	susceptible	NA	NA	NA
562.23914	resistant	NA	NA	susceptible	susceptible	NA	NA	NA
562.23913	resistant	NA	NA	susceptible	intermediate	NA	NA	NA
562.23912	resistant	NA	NA	susceptible	susceptible	NA	NA	NA
562.23911	resistant	NA	NA	resistant	susceptible	NA	NA	NA
562.2391	resistant	NA	NA	susceptible	susceptible	NA	NA	NA
562.23909	resistant	NA	NA	resistant	resistant	NA	NA	NA
562.23908	susceptible	NA	NA	susceptible	susceptible	NA	NA	NA
562.23907	resistant	NA	NA	susceptible	resistant	NA	NA	NA
562.23906	resistant	NA	NA	susceptible	susceptible	NA	NA	NA
562.23905	susceptible	NA	NA	susceptible	susceptible	NA	NA	NA
562.23904	resistant	NA	NA	susceptible	susceptible	NA	NA	NA
562.23903	susceptible	NA	NA	susceptible	susceptible	NA	NA	NA
562.23902	resistant	NA	NA	susceptible	susceptible	NA	NA	NA
562.26294	NA	NA	susceptible	susceptible	NA	NA	NA	NA
562.26295	NA	NA	susceptible	resistant	NA	NA	NA	NA
562.26296	NA	NA	susceptible	susceptible	susceptible	NA	NA	NA
562.26297	NA	susceptible	susceptible	susceptible	susceptible	NA	NA	NA
562.30434	NA	NA	resistant	resistant	susceptible	resistant	resistant	NA
562.30362	NA	NA	resistant	resistant	susceptible	resistant	resistant	NA
562.30349	resistant	resistant	resistant	resistant	susceptible	NA	NA	resistant
562.3031	NA	NA	NA	NA	NA	NA	resistant	NA
562.30309	NA	NA	NA	NA	NA	NA	resistant	NA
562.30307	NA	NA	NA	NA	NA	NA	resistant	NA
562.30306	NA	NA	NA	NA	NA	NA	resistant	NA
562.30435	NA	NA	resistant	resistant	NA	resistant	intermediate	NA
562.30304	NA	NA	NA	NA	NA	NA	resistant	NA
562.29008	NA	NA	resistant	resistant	susceptible	resistant	resistant	NA
562.29007	NA	NA	resistant	resistant	NA	resistant	resistant	NA
562.29006	NA	NA	resistant	resistant	NA	resistant	resistant	NA
562.29003	NA	susceptible	susceptible	resistant	susceptible	resistant	resistant	NA
562.29002	NA	NA	NA	NA	NA	NA	resistant	NA
562.29001	NA	NA	NA	NA	NA	NA	resistant	NA
562.29	NA	NA	NA	NA	NA	NA	resistant	NA
562.29139	NA	NA	resistant	resistant	susceptible	resistant	susceptible	NA
562.31449	NA	NA	resistant	NA	NA	NA	NA	NA
562.3145	NA	NA	resistant	NA	NA	NA	NA	NA
562.31451	NA	NA	resistant	NA	NA	NA	NA	NA
562.37108	NA	NA	resistant	NA	NA	NA	NA	NA
562.37106000000006	NA	NA	susceptible	NA	NA	NA	NA	NA
562.34089	NA	NA	resistant	NA	susceptible	susceptible	resistant	NA
562.34088	NA	NA	susceptible	resistant	susceptible	resistant	susceptible	NA
562.34086	NA	NA	resistant	NA	NA	susceptible	resistant	NA
562.34085	NA	NA	resistant	resistant	NA	resistant	resistant	NA
562.33281	NA	NA	resistant	resistant	susceptible	resistant	resistant	NA
562.3328	NA	NA	resistant	NA	susceptible	susceptible	resistant	NA
562.31466	NA	NA	resistant	NA	NA	NA	NA	NA
562.31465	NA	NA	susceptible	NA	NA	NA	NA	NA
562.31464	NA	NA	susceptible	NA	NA	NA	NA	NA
562.31463	NA	NA	susceptible	NA	NA	NA	NA	NA
562.31462	NA	NA	susceptible	NA	NA	NA	NA	NA
562.3146	NA	NA	resistant	NA	NA	NA	NA	NA
562.31458	NA	NA	resistant	NA	NA	NA	NA	NA
562.31454	NA	NA	susceptible	NA	NA	NA	NA	NA
562.31452	NA	NA	resistant	NA	NA	NA	NA	NA
562.28999	NA	NA	NA	NA	NA	NA	resistant	NA
562.23881	susceptible	NA	NA	susceptible	susceptible	NA	NA	NA
562.28998	NA	NA	NA	NA	NA	NA	resistant	NA
562.28981	NA	NA	NA	NA	NA	NA	resistant	NA
562.26313	NA	NA	susceptible	resistant	susceptible	NA	susceptible	NA
562.26312	NA	susceptible	susceptible	NA	susceptible	NA	NA	NA
562.26311	NA	susceptible	susceptible	susceptible	susceptible	NA	NA	NA
562.2631	NA	NA	susceptible	susceptible	susceptible	NA	NA	NA
562.26309	NA	NA	resistant	susceptible	susceptible	NA	NA	NA
562.26308	NA	NA	susceptible	susceptible	susceptible	NA	NA	NA
562.26307	NA	NA	resistant	susceptible	susceptible	NA	susceptible	NA
562.26314	NA	NA	resistant	susceptible	susceptible	NA	NA	NA
562.26306	NA	NA	susceptible	susceptible	susceptible	NA	NA	NA
562.26304	NA	NA	resistant	NA	NA	NA	NA	NA
562.26303	NA	NA	resistant	susceptible	susceptible	NA	susceptible	NA
562.26302	NA	NA	resistant	susceptible	NA	NA	susceptible	NA
562.26301	NA	NA	resistant	susceptible	susceptible	NA	susceptible	NA
562.263	NA	NA	resistant	susceptible	susceptible	NA	NA	NA
562.26299	NA	NA	resistant	susceptible	susceptible	NA	susceptible	NA
562.26298	NA	NA	resistant	NA	susceptible	NA	NA	NA
562.26305	NA	NA	susceptible	susceptible	susceptible	NA	NA	NA
562.26315	NA	susceptible	susceptible	NA	susceptible	NA	NA	NA
562.26316	NA	susceptible	susceptible	susceptible	susceptible	NA	NA	NA
562.26317	NA	susceptible	susceptible	intermediate	susceptible	NA	NA	NA
562.28846	NA	NA	resistant	NA	NA	NA	NA	NA
562.28845	NA	NA	resistant	NA	NA	NA	NA	NA
562.28841	NA	NA	susceptible	NA	NA	NA	NA	NA
562.2884	NA	NA	susceptible	NA	NA	NA	NA	NA
562.28839	NA	NA	resistant	NA	NA	NA	NA	NA
562.28838	NA	NA	resistant	NA	NA	NA	NA	NA
562.28811	NA	NA	NA	NA	NA	NA	resistant	NA
562.2881	NA	NA	NA	NA	NA	NA	resistant	NA
562.28805	NA	NA	resistant	resistant	NA	resistant	resistant	NA
562.28567	NA	NA	resistant	resistant	susceptible	resistant	resistant	NA
562.28566	NA	NA	resistant	resistant	susceptible	resistant	resistant	NA
562.28565	NA	NA	susceptible	NA	susceptible	susceptible	susceptible	NA
562.28563	NA	NA	resistant	resistant	NA	resistant	resistant	NA
562.28435	NA	NA	resistant	NA	NA	susceptible	susceptible	NA
562.28434	NA	NA	resistant	resistant	NA	resistant	resistant	NA
562.28389	NA	susceptible	susceptible	NA	susceptible	susceptible	susceptible	NA
562.26318	NA	NA	susceptible	susceptible	NA	NA	NA	NA
562.28982	NA	NA	NA	NA	NA	NA	resistant	NA
562.37109	NA	NA	susceptible	NA	NA	NA	NA	NA
562.2388	resistant	NA	NA	susceptible	susceptible	NA	NA	NA
562.23878	resistant	NA	NA	susceptible	susceptible	NA	NA	NA
562.23775	resistant	NA	NA	susceptible	susceptible	NA	NA	NA
562.23774	resistant	NA	NA	susceptible	susceptible	NA	NA	NA
562.23773	susceptible	NA	NA	susceptible	susceptible	NA	NA	NA
562.23772	resistant	NA	NA	susceptible	susceptible	NA	NA	NA
562.23771	susceptible	NA	NA	susceptible	susceptible	NA	NA	NA
562.2377	susceptible	NA	NA	susceptible	susceptible	NA	NA	NA
562.23769	resistant	NA	NA	resistant	susceptible	NA	NA	NA
562.23776	susceptible	NA	NA	susceptible	susceptible	NA	NA	NA
562.23768	susceptible	NA	NA	susceptible	susceptible	NA	NA	NA
562.23766	resistant	NA	NA	susceptible	susceptible	NA	NA	NA
562.23765	resistant	NA	NA	resistant	susceptible	NA	NA	NA
562.23764	resistant	NA	NA	susceptible	susceptible	NA	NA	NA
562.23763	resistant	NA	NA	susceptible	susceptible	NA	NA	NA
562.23762	susceptible	NA	NA	susceptible	susceptible	NA	NA	NA
562.23761	susceptible	NA	NA	susceptible	susceptible	NA	NA	NA
562.2376	resistant	NA	NA	resistant	resistant	NA	NA	NA
562.23767	resistant	NA	NA	susceptible	susceptible	NA	NA	NA
562.23759	susceptible	NA	NA	susceptible	susceptible	NA	NA	NA
562.23777	resistant	NA	NA	susceptible	susceptible	NA	NA	NA
562.23779	resistant	NA	NA	susceptible	susceptible	NA	NA	NA
562.23795	susceptible	NA	NA	susceptible	susceptible	NA	NA	NA
562.23794	resistant	NA	NA	susceptible	susceptible	NA	NA	NA
562.23793	resistant	NA	NA	susceptible	susceptible	NA	NA	NA
562.23792	NA	resistant	NA	resistant	susceptible	NA	NA	susceptible
562.23791	NA	resistant	NA	resistant	susceptible	NA	NA	susceptible
562.2379	NA	resistant	NA	susceptible	susceptible	NA	NA	susceptible
562.23789	resistant	NA	NA	susceptible	susceptible	NA	NA	NA
562.23778	resistant	NA	NA	susceptible	susceptible	NA	NA	NA
562.23788	resistant	NA	NA	resistant	susceptible	NA	NA	NA
562.23786	resistant	NA	NA	susceptible	susceptible	NA	NA	NA
562.23785	susceptible	NA	NA	susceptible	susceptible	NA	NA	NA
562.23784	susceptible	NA	NA	susceptible	susceptible	NA	NA	NA
562.23783	resistant	NA	NA	resistant	susceptible	NA	NA	NA
562.23782	susceptible	NA	NA	resistant	susceptible	NA	NA	NA
562.23781	resistant	NA	NA	susceptible	resistant	NA	NA	NA
562.2378	susceptible	NA	NA	susceptible	susceptible	NA	NA	NA
562.23787	susceptible	NA	NA	susceptible	susceptible	NA	NA	NA
562.23758	resistant	NA	NA	resistant	susceptible	NA	NA	NA
562.23757	resistant	NA	NA	susceptible	susceptible	NA	NA	NA
562.23756	susceptible	NA	NA	resistant	susceptible	NA	NA	NA
562.23734	resistant	NA	NA	resistant	resistant	NA	NA	NA
562.23733	susceptible	NA	NA	susceptible	susceptible	NA	NA	NA
562.23732	susceptible	NA	NA	susceptible	susceptible	NA	NA	NA
562.23731	susceptible	NA	NA	susceptible	susceptible	NA	NA	NA
562.2373	resistant	NA	NA	susceptible	susceptible	NA	NA	NA
562.23729	resistant	NA	NA	susceptible	susceptible	NA	NA	NA
562.23728	susceptible	NA	NA	susceptible	susceptible	NA	NA	NA
562.23735	susceptible	NA	NA	susceptible	susceptible	NA	NA	NA
562.23727	resistant	NA	NA	resistant	susceptible	NA	NA	NA
562.23725	resistant	NA	NA	susceptible	susceptible	NA	NA	NA
562.23724	resistant	NA	NA	resistant	susceptible	NA	NA	NA
562.23723	susceptible	NA	NA	susceptible	susceptible	NA	NA	NA
562.23722	susceptible	NA	NA	susceptible	susceptible	NA	NA	NA
562.23721	resistant	NA	NA	resistant	resistant	NA	NA	NA
562.2372	susceptible	NA	NA	susceptible	susceptible	NA	NA	NA
562.23719	susceptible	NA	NA	susceptible	susceptible	NA	NA	NA
562.23726	resistant	NA	NA	susceptible	susceptible	NA	NA	NA
562.23736	susceptible	NA	NA	susceptible	susceptible	NA	NA	NA
562.23737	resistant	NA	NA	resistant	susceptible	NA	NA	NA
562.23738	resistant	NA	NA	susceptible	susceptible	NA	NA	NA
562.23755	susceptible	NA	NA	susceptible	susceptible	NA	NA	NA
562.23754	resistant	NA	NA	susceptible	susceptible	NA	NA	NA
562.23753	susceptible	NA	NA	susceptible	susceptible	NA	NA	NA
562.23752	resistant	NA	NA	susceptible	susceptible	NA	NA	NA
562.23751	susceptible	NA	NA	susceptible	susceptible	NA	NA	NA
562.2375	resistant	NA	NA	susceptible	susceptible	NA	NA	NA
562.23749	resistant	NA	NA	susceptible	susceptible	NA	NA	NA
562.23748	susceptible	NA	NA	susceptible	susceptible	NA	NA	NA
562.23747	resistant	NA	NA	susceptible	susceptible	NA	NA	NA
562.23746	susceptible	NA	NA	susceptible	susceptible	NA	NA	NA
562.23745	susceptible	NA	NA	susceptible	susceptible	NA	NA	NA
562.23744	resistant	NA	NA	susceptible	susceptible	NA	NA	NA
562.23743	resistant	NA	NA	susceptible	susceptible	NA	NA	NA
562.23742	susceptible	NA	NA	susceptible	susceptible	NA	NA	NA
562.23741	resistant	NA	NA	susceptible	susceptible	NA	NA	NA
562.2374	resistant	NA	NA	susceptible	susceptible	NA	NA	NA
562.23739	susceptible	NA	NA	susceptible	susceptible	NA	NA	NA
562.23796	resistant	NA	NA	resistant	susceptible	NA	NA	NA
562.23797	susceptible	NA	NA	susceptible	susceptible	NA	NA	NA
562.23798	resistant	NA	NA	susceptible	susceptible	NA	NA	NA
562.23799	susceptible	NA	NA	susceptible	susceptible	NA	NA	NA
562.23856	susceptible	NA	NA	susceptible	susceptible	NA	NA	NA
562.23855	susceptible	NA	NA	susceptible	susceptible	NA	NA	NA
562.23854	NA	resistant	NA	susceptible	susceptible	NA	NA	susceptible
562.23853	resistant	NA	NA	susceptible	susceptible	NA	NA	NA
562.23852	resistant	NA	NA	susceptible	susceptible	NA	NA	NA
562.23851	susceptible	NA	NA	susceptible	susceptible	NA	NA	NA
562.2385	resistant	NA	NA	resistant	susceptible	NA	NA	NA
562.23857	susceptible	NA	NA	susceptible	susceptible	NA	NA	NA
562.23849	susceptible	NA	NA	susceptible	susceptible	NA	NA	NA
562.23847	susceptible	NA	NA	susceptible	susceptible	NA	NA	NA
562.23846	resistant	NA	NA	susceptible	susceptible	NA	NA	NA
562.23845	susceptible	NA	NA	susceptible	susceptible	NA	NA	NA
562.23844	susceptible	NA	NA	susceptible	susceptible	NA	NA	NA
562.23843	susceptible	NA	NA	susceptible	susceptible	NA	NA	NA
562.23842	resistant	NA	NA	susceptible	susceptible	NA	NA	NA
562.23841	susceptible	NA	NA	susceptible	susceptible	NA	NA	NA
562.23848	susceptible	NA	NA	susceptible	susceptible	NA	NA	NA
562.23858	resistant	NA	NA	resistant	resistant	NA	NA	NA
562.23859	resistant	NA	NA	resistant	susceptible	NA	NA	NA
562.2386	resistant	NA	NA	resistant	resistant	NA	NA	NA
562.23877	susceptible	NA	NA	susceptible	susceptible	NA	NA	NA
562.23876	resistant	NA	NA	susceptible	susceptible	NA	NA	NA
562.23875	resistant	NA	NA	susceptible	susceptible	NA	NA	NA
562.23874	resistant	NA	NA	resistant	susceptible	NA	NA	NA
562.23873	susceptible	NA	NA	susceptible	susceptible	NA	NA	NA
562.23872	resistant	NA	NA	susceptible	susceptible	NA	NA	NA
562.23871	resistant	NA	NA	susceptible	susceptible	NA	NA	NA
562.2387	susceptible	NA	NA	susceptible	susceptible	NA	NA	NA
562.23869	resistant	NA	NA	resistant	resistant	NA	NA	NA
562.23868	susceptible	NA	NA	resistant	susceptible	NA	NA	NA
562.23867	NA	resistant	NA	susceptible	susceptible	NA	NA	susceptible
562.23866	NA	resistant	NA	susceptible	susceptible	NA	NA	susceptible
562.23865	susceptible	NA	NA	susceptible	susceptible	NA	NA	NA
562.23864	susceptible	NA	NA	susceptible	susceptible	NA	NA	NA
562.23863	susceptible	NA	NA	susceptible	susceptible	NA	NA	NA
562.23862	resistant	NA	NA	susceptible	resistant	NA	NA	NA
562.23861	resistant	NA	NA	susceptible	susceptible	NA	NA	NA
562.2384	resistant	NA	NA	susceptible	susceptible	NA	NA	NA
562.23879	resistant	NA	NA	susceptible	susceptible	NA	NA	NA
562.23839	susceptible	NA	NA	susceptible	susceptible	NA	NA	NA
562.23837	susceptible	NA	NA	resistant	susceptible	NA	NA	NA
562.23815	resistant	NA	NA	susceptible	susceptible	NA	NA	NA
562.23814	resistant	NA	NA	susceptible	susceptible	NA	NA	NA
562.23813	resistant	NA	NA	susceptible	susceptible	NA	NA	NA
562.23812	susceptible	NA	NA	susceptible	susceptible	NA	NA	NA
562.23811	resistant	NA	NA	susceptible	susceptible	NA	NA	NA
562.2381	susceptible	NA	NA	susceptible	susceptible	NA	NA	NA
562.23809	resistant	NA	NA	susceptible	susceptible	NA	NA	NA
562.23816	resistant	NA	NA	susceptible	susceptible	NA	NA	NA
562.23808	susceptible	NA	NA	susceptible	susceptible	NA	NA	NA
562.23806	resistant	NA	NA	susceptible	susceptible	NA	NA	NA
562.23805	resistant	NA	NA	susceptible	susceptible	NA	NA	NA
562.23804	resistant	NA	NA	resistant	susceptible	NA	NA	NA
562.23803	resistant	NA	NA	susceptible	susceptible	NA	NA	NA
562.23802	susceptible	NA	NA	susceptible	susceptible	NA	NA	NA
562.23801	susceptible	NA	NA	susceptible	susceptible	NA	NA	NA
562.238	resistant	NA	NA	resistant	susceptible	NA	NA	NA
562.23807	susceptible	NA	NA	susceptible	susceptible	NA	NA	NA
562.23817	resistant	NA	NA	susceptible	susceptible	NA	NA	NA
562.23818000000006	resistant	NA	NA	susceptible	intermediate	NA	NA	NA
562.23819	resistant	NA	NA	susceptible	susceptible	NA	NA	NA
562.23836	susceptible	NA	NA	susceptible	susceptible	NA	NA	NA
562.23835	resistant	NA	NA	susceptible	susceptible	NA	NA	NA
562.23834	resistant	NA	NA	susceptible	susceptible	NA	NA	NA
562.23833	susceptible	NA	NA	susceptible	susceptible	NA	NA	NA
562.23832	resistant	NA	NA	resistant	susceptible	NA	NA	NA
562.23831	resistant	NA	NA	susceptible	resistant	NA	NA	NA
562.2383	resistant	NA	NA	susceptible	susceptible	NA	NA	NA
562.23829	susceptible	NA	NA	susceptible	susceptible	NA	NA	NA
562.23828	resistant	NA	NA	susceptible	susceptible	NA	NA	NA
562.23827000000006	susceptible	NA	NA	susceptible	susceptible	NA	NA	NA
562.23826	resistant	NA	NA	susceptible	susceptible	NA	NA	NA
562.23825	resistant	NA	NA	susceptible	susceptible	NA	NA	NA
562.23824	resistant	NA	NA	susceptible	susceptible	NA	NA	NA
562.23823	susceptible	NA	NA	susceptible	susceptible	NA	NA	NA
562.23822	resistant	NA	NA	resistant	resistant	NA	NA	NA
562.23821	resistant	NA	NA	resistant	susceptible	NA	NA	NA
562.2382	susceptible	NA	NA	susceptible	susceptible	NA	NA	NA
562.23838	susceptible	NA	NA	susceptible	susceptible	NA	NA	NA
562.42634	NA	NA	susceptible	resistant	NA	resistant	resistant	NA
562.30308	NA	NA	NA	NA	NA	NA	resistant	NA
562.42636	NA	NA	resistant	resistant	susceptible	resistant	susceptible	NA
562.42841	NA	NA	resistant	resistant	NA	resistant	resistant	NA
562.4284	NA	NA	resistant	resistant	NA	resistant	susceptible	NA
562.42839	NA	NA	susceptible	resistant	susceptible	resistant	susceptible	NA
562.42838	NA	NA	susceptible	NA	susceptible	susceptible	susceptible	NA
562.42837	NA	susceptible	susceptible	resistant	NA	resistant	susceptible	NA
562.42836	NA	NA	susceptible	NA	NA	susceptible	resistant	NA
562.42835	NA	NA	resistant	NA	susceptible	susceptible	susceptible	NA
562.42834	NA	NA	resistant	resistant	NA	resistant	resistant	NA
562.42833	NA	NA	resistant	resistant	susceptible	resistant	resistant	NA
562.42832	NA	NA	resistant	resistant	susceptible	resistant	resistant	NA
562.42831	NA	NA	resistant	resistant	susceptible	intermediate	resistant	NA
562.4283	NA	NA	resistant	resistant	NA	resistant	susceptible	NA
562.42829	NA	NA	resistant	resistant	susceptible	resistant	susceptible	NA
562.42828	NA	NA	resistant	resistant	NA	resistant	resistant	NA
562.42827	NA	NA	resistant	resistant	NA	resistant	susceptible	NA
562.42826	NA	NA	resistant	resistant	NA	resistant	susceptible	NA
562.42825	NA	NA	resistant	resistant	susceptible	resistant	resistant	NA
562.42824	NA	NA	resistant	resistant	NA	resistant	resistant	NA
562.42823	NA	NA	resistant	resistant	NA	resistant	susceptible	NA
562.42842	NA	NA	resistant	NA	susceptible	susceptible	susceptible	NA
562.42822	NA	NA	resistant	resistant	susceptible	resistant	resistant	NA
562.42843	NA	NA	resistant	resistant	NA	resistant	resistant	NA
562.42845	NA	susceptible	susceptible	NA	susceptible	susceptible	susceptible	NA
562.42865	NA	NA	resistant	NA	susceptible	susceptible	resistant	NA
562.42863	NA	NA	resistant	resistant	susceptible	resistant	resistant	NA
562.42862	NA	NA	resistant	resistant	susceptible	resistant	susceptible	NA
562.42861	NA	NA	resistant	resistant	susceptible	resistant	resistant	NA
562.4286	NA	NA	resistant	NA	susceptible	susceptible	susceptible	NA
562.42859	NA	NA	resistant	resistant	susceptible	resistant	susceptible	NA
562.42858	NA	NA	susceptible	resistant	susceptible	resistant	susceptible	NA
562.42857	NA	NA	susceptible	NA	susceptible	susceptible	susceptible	NA
562.42856	NA	NA	resistant	NA	susceptible	susceptible	resistant	NA
562.42855	NA	NA	resistant	resistant	susceptible	resistant	resistant	NA
562.42854	NA	NA	resistant	resistant	NA	resistant	resistant	NA
562.42853	NA	NA	resistant	resistant	NA	resistant	susceptible	NA
562.42852	NA	NA	resistant	resistant	susceptible	resistant	resistant	NA
562.42851	NA	NA	resistant	NA	susceptible	susceptible	susceptible	NA
562.4285	NA	NA	resistant	resistant	susceptible	resistant	resistant	NA
562.42849	NA	NA	resistant	resistant	NA	resistant	resistant	NA
562.42848	NA	NA	susceptible	resistant	susceptible	resistant	resistant	NA
562.42847	NA	NA	susceptible	NA	NA	susceptible	susceptible	NA
562.42846	NA	NA	resistant	NA	susceptible	susceptible	susceptible	NA
562.42844	NA	susceptible	susceptible	NA	susceptible	susceptible	susceptible	NA
562.42867	NA	NA	resistant	resistant	susceptible	resistant	susceptible	NA
562.42821	NA	NA	resistant	resistant	NA	resistant	susceptible	NA
562.42819	NA	NA	resistant	resistant	NA	resistant	resistant	NA
562.42792	NA	NA	resistant	resistant	NA	resistant	NA	NA
562.42791	NA	NA	resistant	resistant	NA	resistant	NA	NA
562.4279	NA	susceptible	susceptible	resistant	susceptible	resistant	NA	NA
562.42789	NA	NA	resistant	resistant	NA	resistant	NA	NA
562.42788	NA	NA	resistant	resistant	NA	resistant	NA	NA
562.42787	NA	NA	resistant	resistant	susceptible	resistant	NA	NA
562.42786	NA	NA	resistant	resistant	susceptible	resistant	NA	NA
562.42785	NA	NA	resistant	NA	susceptible	susceptible	NA	NA
562.42784	NA	NA	resistant	resistant	NA	resistant	resistant	NA
562.42783	NA	NA	resistant	resistant	NA	resistant	NA	NA
562.42782	NA	NA	resistant	resistant	susceptible	resistant	susceptible	NA
562.42781	NA	NA	resistant	resistant	susceptible	resistant	susceptible	NA
562.4278	NA	NA	resistant	resistant	susceptible	resistant	susceptible	NA
562.42635	NA	resistant	resistant	susceptible	susceptible	resistant	susceptible	NA
562.42778	NA	NA	resistant	intermediate	NA	susceptible	resistant	NA
562.42777	NA	NA	resistant	resistant	susceptible	resistant	resistant	NA
562.42776	NA	NA	resistant	resistant	susceptible	resistant	resistant	NA
562.42775	NA	NA	resistant	resistant	NA	resistant	resistant	NA
562.42774	NA	NA	resistant	resistant	NA	resistant	NA	NA
562.42794	NA	NA	resistant	resistant	susceptible	resistant	NA	NA
562.4282	NA	NA	resistant	resistant	susceptible	resistant	intermediate	NA
562.42796	NA	NA	resistant	NA	susceptible	susceptible	NA	NA
562.42799	NA	NA	resistant	resistant	susceptible	resistant	NA	NA
562.42818	NA	NA	resistant	resistant	NA	resistant	NA	NA
562.42817	NA	NA	resistant	resistant	NA	resistant	NA	NA
562.42816	NA	NA	resistant	resistant	susceptible	resistant	NA	NA
562.42815	NA	NA	resistant	intermediate	susceptible	susceptible	NA	NA
562.42814	NA	NA	resistant	resistant	NA	resistant	NA	NA
562.42813	NA	NA	resistant	resistant	NA	resistant	NA	NA
562.42812	NA	NA	resistant	resistant	NA	resistant	NA	NA
562.42811	NA	NA	resistant	intermediate	susceptible	susceptible	NA	NA
562.4281	NA	NA	resistant	resistant	NA	resistant	NA	NA
562.42809	NA	NA	resistant	resistant	NA	resistant	NA	NA
562.42808	NA	NA	resistant	resistant	NA	resistant	NA	NA
562.42807	NA	NA	resistant	resistant	NA	resistant	NA	NA
562.42806	NA	NA	resistant	resistant	NA	resistant	NA	NA
562.42805	NA	NA	resistant	resistant	NA	resistant	NA	NA
562.42804	NA	NA	resistant	resistant	NA	resistant	NA	NA
562.42803	NA	NA	resistant	resistant	NA	resistant	NA	NA
562.42802	NA	NA	resistant	resistant	NA	resistant	NA	NA
562.42801	NA	NA	resistant	resistant	NA	resistant	NA	NA
562.428	NA	NA	resistant	resistant	NA	resistant	NA	NA
562.42797	NA	NA	resistant	resistant	NA	resistant	NA	NA
562.42868	NA	NA	resistant	resistant	susceptible	resistant	resistant	NA
562.42869	NA	NA	resistant	resistant	susceptible	resistant	resistant	NA
562.4287	NA	NA	resistant	NA	susceptible	susceptible	resistant	NA
562.45638	NA	NA	susceptible	NA	NA	susceptible	NA	NA
562.45637	NA	NA	susceptible	NA	NA	resistant	NA	NA
562.45636	NA	NA	susceptible	NA	NA	resistant	NA	NA
562.45635	NA	NA	susceptible	NA	NA	resistant	NA	NA
562.45634	NA	NA	susceptible	NA	NA	resistant	NA	NA
562.45633	NA	NA	susceptible	NA	NA	susceptible	NA	NA
562.45632	NA	NA	susceptible	NA	NA	resistant	NA	NA
562.45631	NA	NA	susceptible	NA	NA	resistant	NA	NA
562.4563	NA	NA	susceptible	NA	NA	resistant	NA	NA
562.45629	NA	NA	susceptible	NA	NA	resistant	NA	NA
562.45628	NA	NA	susceptible	NA	NA	resistant	NA	NA
562.45627	NA	NA	susceptible	NA	NA	susceptible	NA	NA
562.45626	NA	NA	resistant	NA	NA	resistant	NA	NA
562.45625	NA	NA	susceptible	NA	NA	resistant	NA	NA
562.45624	NA	NA	susceptible	NA	NA	resistant	NA	NA
562.45623	NA	NA	susceptible	NA	NA	resistant	NA	NA
562.45622	NA	NA	susceptible	NA	NA	intermediate	NA	NA
562.45621	NA	NA	susceptible	NA	NA	susceptible	NA	NA
562.4562	NA	NA	resistant	NA	NA	susceptible	NA	NA
562.45639	NA	NA	susceptible	NA	NA	resistant	NA	NA
562.45619	NA	NA	susceptible	NA	NA	resistant	NA	NA
562.4564	NA	NA	susceptible	NA	NA	susceptible	NA	NA
562.45642	NA	NA	susceptible	NA	NA	resistant	NA	NA
562.45661	NA	NA	susceptible	NA	NA	susceptible	NA	NA
562.4566	NA	NA	susceptible	NA	NA	resistant	NA	NA
562.45659	NA	NA	resistant	NA	NA	resistant	NA	NA
562.45658	NA	NA	susceptible	NA	NA	resistant	NA	NA
562.45657	NA	NA	susceptible	NA	NA	resistant	NA	NA
562.45656	NA	NA	susceptible	NA	NA	susceptible	NA	NA
562.45655	NA	NA	susceptible	NA	NA	resistant	NA	NA
562.45654	NA	NA	susceptible	NA	NA	susceptible	NA	NA
562.45653	NA	NA	susceptible	NA	NA	resistant	NA	NA
562.45652	NA	NA	susceptible	NA	NA	resistant	NA	NA
562.45651	NA	NA	susceptible	NA	NA	resistant	NA	NA
562.4565	NA	NA	susceptible	NA	NA	resistant	NA	NA
562.45649	NA	NA	susceptible	NA	NA	susceptible	NA	NA
562.45648	NA	NA	susceptible	NA	NA	susceptible	NA	NA
562.45647	NA	NA	susceptible	NA	NA	intermediate	NA	NA
562.45646	NA	NA	susceptible	NA	NA	resistant	NA	NA
562.45645	NA	NA	resistant	NA	NA	resistant	NA	NA
562.45644	NA	NA	resistant	NA	NA	resistant	NA	NA
562.45643	NA	NA	susceptible	NA	NA	susceptible	NA	NA
562.45641	NA	NA	susceptible	NA	NA	susceptible	NA	NA
562.45618	NA	NA	resistant	NA	NA	resistant	NA	NA
562.45617	NA	NA	susceptible	NA	NA	resistant	NA	NA
562.45616	NA	NA	susceptible	NA	NA	resistant	NA	NA
562.45591	NA	NA	susceptible	NA	NA	resistant	NA	NA
562.4559	NA	NA	susceptible	NA	NA	susceptible	NA	NA
562.45589	NA	NA	susceptible	NA	NA	resistant	NA	NA
562.45588	NA	NA	resistant	NA	NA	resistant	NA	NA
562.45587	NA	NA	susceptible	NA	NA	resistant	NA	NA
562.45585	NA	NA	susceptible	NA	NA	resistant	NA	NA
562.45404	NA	NA	NA	NA	NA	NA	susceptible	NA
562.45403	NA	NA	NA	NA	NA	NA	susceptible	NA
562.45401	NA	NA	NA	NA	NA	NA	resistant	NA
562.454	NA	NA	NA	NA	NA	NA	resistant	NA
562.45399	NA	NA	NA	NA	NA	NA	resistant	NA
562.45398	NA	NA	NA	NA	NA	NA	susceptible	NA
562.45397	NA	NA	NA	NA	NA	NA	resistant	NA
562.45396	NA	NA	NA	NA	NA	NA	NA	NA
562.45395	NA	NA	NA	NA	NA	NA	resistant	NA
562.45394	NA	NA	NA	NA	NA	NA	NA	NA
562.42873	NA	NA	resistant	resistant	NA	resistant	susceptible	NA
562.42872	NA	NA	resistant	resistant	NA	resistant	resistant	NA
562.42871	NA	NA	resistant	NA	susceptible	susceptible	resistant	NA
562.45592	NA	NA	resistant	NA	NA	resistant	NA	NA
562.45593	NA	NA	susceptible	NA	NA	resistant	NA	NA
562.45594	NA	NA	susceptible	NA	NA	resistant	NA	NA
562.45595	NA	NA	susceptible	NA	NA	resistant	NA	NA
562.45615	NA	NA	resistant	NA	NA	resistant	NA	NA
562.45614	NA	NA	susceptible	NA	NA	resistant	NA	NA
562.45613	NA	NA	susceptible	NA	NA	intermediate	NA	NA
562.45612	NA	NA	susceptible	NA	NA	susceptible	NA	NA
562.45611	NA	NA	susceptible	NA	NA	resistant	NA	NA
562.4561	NA	NA	susceptible	NA	NA	susceptible	NA	NA
562.45609	NA	NA	susceptible	NA	NA	resistant	NA	NA
562.45608	NA	NA	susceptible	NA	NA	resistant	NA	NA
562.45607	NA	NA	resistant	NA	NA	intermediate	NA	NA
562.42773	NA	NA	resistant	resistant	NA	resistant	resistant	NA
562.45606	NA	NA	susceptible	NA	NA	resistant	NA	NA
562.45604	NA	NA	susceptible	NA	NA	susceptible	NA	NA
562.45603	NA	NA	susceptible	NA	NA	resistant	NA	NA
562.45602	NA	NA	susceptible	NA	NA	resistant	NA	NA
562.45601	NA	NA	susceptible	NA	NA	resistant	NA	NA
562.456	NA	NA	susceptible	NA	NA	susceptible	NA	NA
562.45599	NA	NA	susceptible	NA	NA	resistant	NA	NA
562.45598	NA	NA	susceptible	NA	NA	resistant	NA	NA
562.45597	NA	NA	susceptible	NA	NA	resistant	NA	NA
562.45596	NA	NA	susceptible	NA	NA	resistant	NA	NA
562.45605	NA	NA	resistant	NA	NA	resistant	NA	NA
562.42772	NA	NA	resistant	intermediate	NA	susceptible	resistant	NA
562.42779	NA	NA	resistant	resistant	susceptible	resistant	susceptible	NA
562.4277	NA	NA	resistant	resistant	NA	resistant	NA	NA
562.42693	NA	NA	resistant	resistant	NA	resistant	susceptible	NA
562.42691	NA	NA	susceptible	NA	susceptible	susceptible	resistant	NA
562.4269	NA	NA	resistant	NA	NA	susceptible	resistant	NA
562.42689	NA	NA	resistant	NA	NA	susceptible	susceptible	NA
562.42688	NA	NA	resistant	NA	NA	susceptible	resistant	NA
562.42686	NA	NA	resistant	resistant	NA	resistant	resistant	NA
562.42685	NA	NA	resistant	resistant	NA	resistant	resistant	NA
562.42683	NA	NA	resistant	resistant	susceptible	resistant	susceptible	NA
562.42682	NA	NA	resistant	NA	susceptible	susceptible	susceptible	NA
562.42681	NA	NA	susceptible	NA	susceptible	susceptible	susceptible	NA
562.4268	NA	NA	resistant	resistant	NA	resistant	susceptible	NA
562.42679	NA	NA	resistant	resistant	NA	resistant	resistant	NA
562.42678	NA	NA	resistant	resistant	NA	resistant	resistant	NA
562.42677	NA	NA	resistant	resistant	NA	resistant	susceptible	NA
562.42676	NA	NA	susceptible	NA	NA	susceptible	resistant	NA
562.42694	NA	NA	resistant	resistant	susceptible	resistant	resistant	NA
562.42675	NA	NA	resistant	resistant	NA	resistant	susceptible	NA
562.42695	NA	NA	resistant	resistant	susceptible	resistant	susceptible	NA
562.42697	NA	NA	resistant	NA	susceptible	intermediate	resistant	NA
562.42713	NA	NA	resistant	resistant	NA	resistant	resistant	NA
562.42712	NA	NA	resistant	resistant	susceptible	resistant	resistant	NA
562.42711	NA	NA	resistant	resistant	NA	resistant	resistant	NA
562.4271	NA	NA	resistant	resistant	susceptible	resistant	resistant	NA
562.42708	NA	NA	resistant	NA	susceptible	susceptible	susceptible	NA
562.42707	NA	NA	resistant	NA	susceptible	susceptible	susceptible	NA
562.42706	NA	NA	resistant	resistant	susceptible	resistant	resistant	NA
562.42771	NA	NA	resistant	resistant	susceptible	resistant	resistant	NA
562.42704	NA	NA	resistant	NA	susceptible	susceptible	resistant	NA
562.42703	NA	NA	resistant	intermediate	susceptible	susceptible	resistant	NA
562.42702	NA	NA	resistant	resistant	NA	resistant	susceptible	NA
562.42701	NA	NA	resistant	resistant	susceptible	resistant	resistant	NA
562.427	NA	NA	resistant	resistant	susceptible	resistant	resistant	NA
562.42699	NA	NA	resistant	resistant	NA	resistant	resistant	NA
562.42698	NA	NA	resistant	resistant	susceptible	resistant	resistant	NA
562.42696	NA	NA	resistant	resistant	susceptible	resistant	resistant	NA
562.42715	NA	NA	resistant	NA	susceptible	susceptible	resistant	NA
562.42674	NA	NA	resistant	NA	susceptible	susceptible	susceptible	NA
562.42672	NA	NA	susceptible	resistant	susceptible	resistant	susceptible	NA
562.42652	NA	NA	resistant	resistant	susceptible	resistant	susceptible	NA
562.42651	NA	NA	resistant	resistant	susceptible	resistant	resistant	NA
562.4265	NA	NA	resistant	resistant	susceptible	resistant	resistant	NA
562.42649	NA	NA	resistant	resistant	susceptible	resistant	susceptible	NA
562.42648	NA	NA	resistant	resistant	susceptible	resistant	susceptible	NA
562.42647	NA	NA	resistant	resistant	NA	resistant	resistant	NA
562.42646	NA	NA	resistant	resistant	susceptible	susceptible	susceptible	NA
562.42645	NA	NA	resistant	resistant	susceptible	resistant	resistant	NA
562.42644	NA	NA	resistant	resistant	susceptible	resistant	resistant	NA
562.42643	NA	NA	susceptible	resistant	susceptible	susceptible	susceptible	NA
562.42641	NA	NA	resistant	resistant	susceptible	resistant	resistant	NA
562.4264	NA	NA	resistant	resistant	susceptible	resistant	resistant	NA
562.42639	NA	NA	resistant	resistant	susceptible	resistant	resistant	NA
562.42638	NA	NA	resistant	resistant	susceptible	resistant	resistant	NA
562.42637	NA	NA	resistant	resistant	susceptible	resistant	susceptible	NA
562.42653	NA	NA	resistant	resistant	NA	resistant	resistant	NA
562.42673	NA	NA	resistant	resistant	susceptible	resistant	resistant	NA
562.42654	NA	NA	resistant	resistant	susceptible	resistant	resistant	NA
562.42656	NA	NA	resistant	NA	susceptible	susceptible	susceptible	NA
562.42671	NA	NA	resistant	resistant	susceptible	resistant	susceptible	NA
562.4267	NA	NA	resistant	resistant	NA	resistant	susceptible	NA
562.42669	NA	NA	resistant	resistant	NA	susceptible	resistant	NA
562.42668	NA	NA	resistant	NA	susceptible	susceptible	resistant	NA
562.42667	NA	NA	resistant	resistant	NA	resistant	resistant	NA
562.42666	NA	NA	resistant	NA	NA	resistant	resistant	NA
562.42665	NA	NA	resistant	resistant	NA	resistant	susceptible	NA
562.42664	NA	NA	resistant	resistant	susceptible	resistant	resistant	NA
562.42663	NA	NA	resistant	resistant	NA	resistant	resistant	intermediate
562.42662	NA	NA	resistant	resistant	NA	resistant	resistant	NA
562.42661	NA	NA	resistant	resistant	NA	resistant	susceptible	NA
562.4266	NA	NA	resistant	resistant	NA	resistant	resistant	NA
562.42659	NA	NA	resistant	resistant	susceptible	resistant	resistant	NA
562.42658	NA	NA	resistant	resistant	susceptible	resistant	resistant	NA
562.42657	NA	NA	resistant	NA	NA	resistant	resistant	NA
562.42655	NA	NA	resistant	NA	NA	resistant	resistant	NA
562.42716	NA	NA	resistant	NA	susceptible	susceptible	resistant	NA
562.42705	NA	NA	resistant	intermediate	NA	susceptible	resistant	intermediate
1438688.3	NA	NA	NA	intermediate	susceptible	susceptible	NA	NA
562.42751	NA	NA	susceptible	resistant	susceptible	resistant	susceptible	NA
562.4275	NA	NA	resistant	resistant	NA	resistant	susceptible	NA
562.42749	NA	NA	resistant	resistant	NA	resistant	susceptible	NA
562.42748	NA	NA	resistant	NA	susceptible	susceptible	susceptible	NA
562.42747	NA	NA	resistant	resistant	susceptible	resistant	resistant	NA
562.42745	NA	NA	resistant	resistant	NA	resistant	resistant	NA
562.42744	NA	NA	resistant	resistant	susceptible	resistant	resistant	NA
562.42743	NA	NA	resistant	NA	susceptible	susceptible	susceptible	NA
562.42742	NA	NA	resistant	resistant	susceptible	resistant	susceptible	NA
562.42741	NA	NA	intermediate	resistant	susceptible	resistant	resistant	NA
562.42752	NA	NA	susceptible	NA	susceptible	susceptible	susceptible	NA
562.4274	NA	NA	resistant	resistant	susceptible	resistant	resistant	NA
562.42738	NA	NA	resistant	resistant	NA	resistant	susceptible	NA
562.42737	NA	NA	resistant	resistant	susceptible	resistant	susceptible	NA
562.42736	NA	NA	resistant	resistant	susceptible	resistant	susceptible	NA
562.42735	NA	NA	resistant	resistant	susceptible	resistant	resistant	NA
562.42733	NA	NA	resistant	resistant	susceptible	resistant	susceptible	NA
562.42732	NA	NA	resistant	NA	susceptible	susceptible	susceptible	NA
562.42731	NA	NA	resistant	resistant	NA	resistant	susceptible	NA
562.4273	NA	NA	resistant	intermediate	susceptible	susceptible	resistant	NA
562.42729	NA	NA	resistant	resistant	NA	resistant	resistant	NA
562.42717	NA	NA	resistant	NA	susceptible	resistant	resistant	NA
562.42739	NA	NA	resistant	NA	NA	susceptible	susceptible	NA
562.42753	NA	NA	susceptible	resistant	susceptible	resistant	susceptible	NA
562.42746	NA	NA	resistant	NA	susceptible	susceptible	susceptible	NA
562.42727	NA	NA	resistant	resistant	susceptible	resistant	resistant	NA
562.42769	NA	NA	resistant	resistant	NA	resistant	resistant	NA
562.42767	NA	NA	resistant	resistant	NA	resistant	resistant	NA
562.42766	NA	NA	resistant	resistant	susceptible	resistant	resistant	NA
562.42765	NA	NA	resistant	resistant	NA	resistant	NA	NA
562.42764	NA	NA	resistant	resistant	NA	resistant	resistant	NA
562.42728	NA	NA	resistant	NA	susceptible	susceptible	resistant	NA
562.42762	NA	NA	susceptible	resistant	susceptible	resistant	susceptible	NA
562.42761	NA	NA	susceptible	resistant	NA	resistant	susceptible	NA
562.42759	NA	NA	NA	NA	NA	NA	NA	NA
562.42758	NA	NA	susceptible	resistant	susceptible	susceptible	susceptible	NA
562.42757	NA	NA	resistant	NA	NA	susceptible	resistant	NA
562.42756	NA	NA	resistant	resistant	susceptible	resistant	susceptible	NA
562.42763	NA	NA	resistant	resistant	NA	resistant	NA	NA
562.42755	NA	NA	resistant	resistant	susceptible	resistant	resistant	NA
562.42754	NA	NA	susceptible	NA	susceptible	susceptible	susceptible	NA
562.42718	NA	NA	resistant	resistant	NA	resistant	resistant	NA
562.42719	NA	NA	resistant	resistant	susceptible	resistant	resistant	NA
562.4272	NA	NA	resistant	resistant	NA	resistant	susceptible	NA
562.42721	NA	NA	resistant	NA	susceptible	susceptible	resistant	NA
562.42723	NA	NA	resistant	resistant	susceptible	resistant	resistant	NA
562.42724	NA	NA	resistant	intermediate	susceptible	susceptible	susceptible	NA
562.42725	NA	NA	resistant	resistant	susceptible	resistant	resistant	NA
562.42726	NA	NA	resistant	resistant	susceptible	resistant	resistant	NA
